station,date,aqi,pm25_ug_m3,pm10_ug_m3,no2_ug_m3,so2_ug_m3,co_mg_m3,o3_ug_m3,nh3_ug_m3,daily_aqi_definition,temperature_2m_mean,relative_humidity_2m_mean,wind_speed_10m_max,pressure_msl_mean,aqi_lag_1,aqi_lag_2,aqi_lag_3,aqi_rolling_mean_3,aqi_rolling_mean_7,aqi_next_day,day_of_week,month,day_of_year_sin,day_of_year_cos
"Ballygunge, Kolkata - WBPCB",2026-10-05,82.0,36.92,68.94,34.52,5.02,0.87,31.56,34.97,seasonal_forecast,28.4,82,12.6,1007.5,80.0,78.0,77.0,78.33333333333333,75.0,84.0,0,10,-0.9975590477788613,0.06982797572987089
"Ballygunge, Kolkata - WBPCB",2026-10-06,84.0,37.74,70.53,34.33,5.11,0.89,31.39,34.75,seasonal_forecast,28.4,82,12.5,1007.7,82.0,80.0,78.0,80.0,76.71428571428571,86.0,1,10,-0.9962102997023297,0.0869772313136861
"Ballygunge, Kolkata - WBPCB",2026-10-07,86.0,38.57,72.15,34.14,5.21,0.9,31.21,34.53,seasonal_forecast,28.3,81,12.4,1007.8,84.0,82.0,80.0,82.0,78.42857142857143,88.0,2,10,-0.9945667569706337,0.1041007489354256
"Ballygunge, Kolkata - WBPCB",2026-10-08,88.0,39.41,73.82,33.94,5.31,0.91,31.02,34.3,seasonal_forecast,28.3,81,12.3,1007.9,86.0,84.0,82.0,84.0,80.28571428571429,90.0,3,10,-0.9926289059345095,0.121193461470736
"Ballygunge, Kolkata - WBPCB",2026-10-09,90.0,40.27,75.51,33.74,5.41,0.93,30.82,34.08,seasonal_forecast,28.3,81,12.3,1008.1,88.0,86.0,84.0,86.0,82.14285714285714,92.0,4,10,-0.9903973200352558,0.1382503109109819
"Ballygunge, Kolkata - WBPCB",2026-10-10,92.0,41.14,77.24,33.54,5.51,0.94,30.61,33.86,seasonal_forecast,28.2,80,12.2,1008.2,90.0,88.0,86.0,88.0,84.0,94.0,5,10,-0.9878726596350429,0.15526624985999563
"Ballygunge, Kolkata - WBPCB",2026-10-11,94.0,42.03,79.0,33.34,5.62,0.95,30.39,33.64,seasonal_forecast,28.2,80,12.1,1008.3,92.0,90.0,88.0,90.0,86.0,96.0,6,10,-0.9850556718215013,0.172236243027682
"Ballygunge, Kolkata - WBPCB",2026-10-12,96.0,42.93,80.8,33.14,5.73,0.97,30.16,33.42,seasonal_forecast,28.2,80,12.0,1008.5,94.0,92.0,90.0,92.0,88.0,98.0,0,10,-0.981947190186646,0.18915526872004093
"Ballygunge, Kolkata - WBPCB",2026-10-13,98.0,43.85,82.62,32.93,5.83,0.98,29.93,33.2,seasonal_forecast,28.1,79,11.9,1008.6,96.0,94.0,92.0,94.0,90.0,100.0,1,10,-0.9785481345802031,0.20601832032517084
"Ballygunge, Kolkata - WBPCB",2026-10-14,100.0,44.77,84.47,32.73,5.94,1.0,29.68,32.99,seasonal_forecast,28.1,79,11.8,1008.7,98.0,96.0,94.0,96.0,92.0,102.0,2,10,-0.9748595108374125,0.22282040779479959
"Ballygunge, Kolkata - WBPCB",2026-10-15,102.0,45.71,86.35,32.53,6.06,1.02,29.43,32.78,seasonal_forecast,28.0,79,11.7,1008.9,100.0,98.0,96.0,98.0,94.0,104.0,3,10,-0.9708824104813836,0.23955655912092708
"Ballygunge, Kolkata - WBPCB",2026-10-16,104.0,46.66,88.25,32.33,6.17,1.03,29.18,32.57,seasonal_forecast,28.0,78,11.7,1009.0,102.0,100.0,98.0,100.0,96.0,106.0,4,10,-0.9666180104000972,0.2562218218071163
"Ballygunge, Kolkata - WBPCB",2026-10-17,106.0,47.62,90.18,32.14,6.28,1.05,28.92,32.37,seasonal_forecast,27.9,78,11.6,1009.1,104.0,102.0,100.0,102.0,98.0,108.0,5,10,-0.9620675724981452,0.27281126433401914
"Ballygunge, Kolkata - WBPCB",2026-10-18,108.0,48.59,92.14,31.94,6.4,1.07,28.65,32.17,seasonal_forecast,27.9,78,11.5,1009.3,106.0,104.0,102.0,104.0,100.0,111.0,6,10,-0.957232443323312,0.28931997761869527
"Ballygunge, Kolkata - WBPCB",2026-10-19,111.0,49.57,94.12,31.76,6.52,1.08,28.39,31.98,seasonal_forecast,27.8,77,11.4,1009.4,108.0,106.0,104.0,106.0,102.0,113.0,0,10,-0.9521140536681102,0.3057430764672831
"Ballygunge, Kolkata - WBPCB",2026-10-20,113.0,50.56,96.11,31.57,6.64,1.1,28.12,31.79,seasonal_forecast,27.7,77,11.3,1009.5,111.0,108.0,106.0,108.33333333333333,104.14285714285714,115.0,1,10,-0.9467139181463862,0.3220757010206104
"Ballygunge, Kolkata - WBPCB",2026-10-21,115.0,51.55,98.13,31.4,6.75,1.12,27.85,31.6,seasonal_forecast,27.7,76,11.2,1009.7,113.0,111.0,108.0,110.66666666666667,106.28571428571429,117.0,2,10,-0.9410336347451197,0.3383130181923076
"Ballygunge, Kolkata - WBPCB",2026-10-22,117.0,52.56,100.17,31.23,6.87,1.14,27.59,31.42,seasonal_forecast,27.6,76,11.1,1009.8,115.0,113.0,111.0,113.0,108.42857142857143,120.0,3,10,-0.9350748843515574,0.3544502230989869
"Ballygunge, Kolkata - WBPCB",2026-10-23,120.0,53.57,102.22,31.06,6.99,1.16,27.32,31.25,seasonal_forecast,27.5,76,11.0,1009.9,117.0,115.0,113.0,115.0,110.57142857142857,122.0,4,10,-0.9288394302558068,0.3704825404820963
"Ballygunge, Kolkata - WBPCB",2026-10-24,122.0,54.59,104.29,30.91,7.11,1.18,27.06,31.08,seasonal_forecast,27.4,75,10.9,1010.1,120.0,117.0,115.0,117.33333333333333,112.85714285714286,124.0,5,10,-0.9223291176290545,0.3864052261209853
"Ballygunge, Kolkata - WBPCB",2026-10-25,124.0,55.61,106.37,30.77,7.23,1.2,26.8,30.93,seasonal_forecast,27.4,75,10.8,1010.2,122.0,120.0,117.0,119.66666666666667,115.14285714285714,126.0,6,10,-0.9155458729775467,0.40221356823680365
"Ballygunge, Kolkata - WBPCB",2026-10-26,126.0,56.64,108.46,30.63,7.35,1.22,26.54,30.77,seasonal_forecast,27.3,75,10.7,1010.3,124.0,122.0,120.0,122.0,117.42857142857143,129.0,0,10,-0.9084917035725082,0.41790288888678667
"Ballygunge, Kolkata - WBPCB",2026-10-27,129.0,57.68,110.56,30.5,7.48,1.24,26.29,30.63,seasonal_forecast,27.2,74,10.6,1010.4,126.0,124.0,122.0,124.0,119.57142857142857,131.0,1,10,-0.9011686968561569,0.4334685453485363
"Ballygunge, Kolkata - WBPCB",2026-10-28,131.0,58.71,112.67,30.39,7.6,1.26,26.05,30.49,seasonal_forecast,27.1,74,10.5,1010.6,129.0,126.0,124.0,126.33333333333333,121.85714285714286,133.0,2,10,-0.8935790198239952,0.4489059314938798
"Ballygunge, Kolkata - WBPCB",2026-10-29,133.0,59.75,114.79,30.29,7.72,1.28,25.81,30.37,seasonal_forecast,27.0,74,10.4,1010.7,131.0,129.0,126.0,128.66666666666666,124.14285714285714,136.0,3,10,-0.8857249183835637,0.4642104791518923
"Ballygunge, Kolkata - WBPCB",2026-10-30,136.0,60.8,116.91,30.2,7.84,1.3,25.59,30.25,seasonal_forecast,26.9,73,10.3,1010.8,133.0,131.0,129.0,131.0,126.42857142857143,138.0,4,10,-0.8776087166898392,0.4793776594606945
"Ballygunge, Kolkata - WBPCB",2026-10-31,138.0,61.84,119.04,30.12,7.96,1.32,25.37,30.14,seasonal_forecast,26.8,73,10.3,1010.9,136.0,133.0,131.0,133.33333333333334,128.71428571428572,140.0,5,10,-0.8692328164574792,0.49440298420761813
"Ballygunge, Kolkata - WBPCB",2026-11-01,140.0,62.89,121.16,30.05,8.08,1.34,25.16,30.03,seasonal_forecast,26.7,73,10.2,1011.1,138.0,136.0,133.0,135.66666666666666,131.0,142.0,6,11,-0.8605996962501181,0.5092820071573356
"Ballygunge, Kolkata - WBPCB",2026-11-02,142.0,63.93,123.29,30.0,8.2,1.37,24.96,29.94,seasonal_forecast,26.6,72,10.1,1011.2,140.0,138.0,136.0,138.0,133.28571428571428,145.0,0,11,-0.8517119107469189,0.5240103253675756
"Ballygunge, Kolkata - WBPCB",2026-11-03,145.0,64.97,125.41,29.97,8.31,1.39,24.78,29.86,seasonal_forecast,26.4,72,10.0,1011.3,142.0,140.0,138.0,140.0,135.57142857142858,147.0,1,11,-0.8425720899866032,0.5385835804920232
"Ballygunge, Kolkata - WBPCB",2026-11-04,147.0,66.02,127.52,29.95,8.43,1.41,24.6,29.79,seasonal_forecast,26.3,72,9.9,1011.4,145.0,142.0,140.0,142.33333333333334,137.85714285714286,149.0,2,11,-0.8331829385891785,0.5529974600700271
"Ballygunge, Kolkata - WBPCB",2026-11-05,149.0,67.06,129.63,29.94,8.55,1.43,24.44,29.72,seasonal_forecast,26.2,71,9.8,1011.5,147.0,145.0,142.0,144.66666666666666,140.14285714285714,152.0,3,11,-0.8235472349556007,0.5672476988027229
"Ballygunge, Kolkata - WBPCB",2026-11-06,152.0,68.09,131.74,29.95,8.67,1.46,24.29,29.67,seasonal_forecast,26.1,71,9.7,1011.7,149.0,147.0,145.0,147.0,142.42857142857142,154.0,4,11,-0.8136678304455991,0.5813300798152042
"Ballygunge, Kolkata - WBPCB",2026-11-07,154.0,69.13,133.83,29.97,8.78,1.48,24.16,29.63,seasonal_forecast,26.0,71,9.6,1011.8,152.0,149.0,147.0,149.33333333333334,144.71428571428572,156.0,5,11,-0.8035476485339116,0.5952404359043674
"Ballygunge, Kolkata - WBPCB",2026-11-08,156.0,70.16,135.91,30.02,8.89,1.5,24.05,29.59,seasonal_forecast,25.8,70,9.5,1011.9,154.0,152.0,149.0,151.66666666666666,147.0,158.0,6,11,-0.7931896839451843,0.6089746507720486
"Ballygunge, Kolkata - WBPCB",2026-11-09,158.0,71.18,137.97,30.08,9.01,1.52,23.95,29.57,seasonal_forecast,25.7,70,9.5,1012.0,156.0,154.0,152.0,154.0,149.28571428571428,161.0,0,11,-0.7825970017677834,0.6225286602431057
"Ballygunge, Kolkata - WBPCB",2026-11-10,161.0,72.2,140.02,30.15,9.12,1.55,23.86,29.56,seasonal_forecast,25.6,70,9.4,1012.1,158.0,156.0,154.0,156.0,151.57142857142858,163.0,1,11,-0.7717727365467837,0.6358984534680745
"Ballygunge, Kolkata - WBPCB",2026-11-11,163.0,73.21,142.05,30.24,9.23,1.57,23.8,29.56,seasonal_forecast,25.4,69,9.3,1012.2,161.0,158.0,156.0,158.33333333333334,153.85714285714286,165.0,2,11,-0.7607200913564104,0.6490800741100398
"Ballygunge, Kolkata - WBPCB",2026-11-12,165.0,74.21,144.06,30.36,9.34,1.59,23.75,29.57,seasonal_forecast,25.3,69,9.2,1012.4,163.0,161.0,158.0,160.66666666666666,156.14285714285714,167.0,3,11,-0.7494423368521953,0.6620696215153815
"Ballygunge, Kolkata - WBPCB",2026-11-13,167.0,75.21,146.05,30.48,9.44,1.62,23.72,29.59,seasonal_forecast,25.2,69,9.2,1012.5,165.0,163.0,161.0,163.0,158.42857142857142,169.0,4,11,-0.7379428103031386,0.6748632518680403
"Ballygunge, Kolkata - WBPCB",2026-11-14,169.0,76.19,148.02,30.63,9.55,1.64,23.71,29.62,seasonal_forecast,25.0,69,9.1,1012.6,167.0,165.0,163.0,165.0,160.57142857142858,171.0,5,11,-0.7262249146041543,0.6874571793269664
"Ballygunge, Kolkata - WBPCB",2026-11-15,171.0,77.17,149.96,30.79,9.65,1.66,23.72,29.66,seasonal_forecast,24.9,68,9.0,1012.7,169.0,167.0,165.0,167.0,162.71428571428572,173.0,6,11,-0.7142921172691032,0.699847677146407
"Ballygunge, Kolkata - WBPCB",2026-11-16,173.0,78.13,151.88,30.98,9.75,1.69,23.75,29.71,seasonal_forecast,24.7,68,8.9,1012.8,171.0,169.0,167.0,169.0,164.85714285714286,176.0,0,11,-0.7021479494046978,0.7120310787787131
"Ballygunge, Kolkata - WBPCB",2026-11-17,176.0,79.08,153.76,31.18,9.85,1.71,23.79,29.77,seasonal_forecast,24.6,68,8.9,1012.9,173.0,171.0,169.0,171.0,167.0,178.0,1,11,-0.6897960046655887,0.7240037789593305
"Ballygunge, Kolkata - WBPCB",2026-11-18,178.0,80.02,155.62,31.39,9.95,1.73,23.86,29.85,seasonal_forecast,24.4,68,8.8,1013.0,176.0,173.0,171.0,173.33333333333334,169.14285714285714,180.0,2,11,-0.6772399381909491,0.7357622347736527
"Ballygunge, Kolkata - WBPCB",2026-11-19,180.0,80.95,157.44,31.63,10.05,1.75,23.95,29.93,seasonal_forecast,24.3,67,8.8,1013.1,178.0,176.0,173.0,175.66666666666666,171.28571428571428,182.0,3,11,-0.6644834655228552,0.7473029667054297
"Ballygunge, Kolkata - WBPCB",2026-11-20,182.0,81.86,159.23,31.88,10.14,1.78,24.05,30.02,seasonal_forecast,24.1,67,8.7,1013.2,180.0,178.0,176.0,178.0,173.42857142857142,183.0,4,11,-0.6515303615068021,0.75862255966641
"Ballygunge, Kolkata - WBPCB",2026-11-21,183.0,82.76,160.98,32.15,10.23,1.8,24.18,30.13,seasonal_forecast,24.0,67,8.6,1013.3,182.0,180.0,178.0,180.0,175.57142857142858,185.0,5,11,-0.6383844591746642,0.769717664006921
"Ballygunge, Kolkata - WBPCB",2026-11-22,185.0,83.65,162.7,32.44,10.32,1.82,24.33,30.24,seasonal_forecast,23.9,67,8.6,1013.4,183.0,182.0,180.0,181.66666666666666,177.57142857142858,187.0,6,11,-0.6250496486104377,0.7805849965070866
"Ballygunge, Kolkata - WBPCB",2026-11-23,187.0,84.52,164.37,32.74,10.41,1.84,24.5,30.37,seasonal_forecast,23.7,67,8.5,1013.5,185.0,183.0,182.0,183.33333333333334,179.57142857142858,189.0,0,11,-0.6115298757991053,0.7912213413483807
"Ballygunge, Kolkata - WBPCB",2026-11-24,189.0,85.37,166.01,33.07,10.5,1.86,24.69,30.5,seasonal_forecast,23.6,67,8.5,1013.6,187.0,185.0,183.0,185.0,181.57142857142858,191.0,1,11,-0.5978291414589552,0.801623551065242
"Ballygunge, Kolkata - WBPCB",2026-11-25,191.0,86.2,167.6,33.4,10.58,1.88,24.9,30.64,seasonal_forecast,23.4,66,8.4,1013.7,189.0,187.0,185.0,187.0,183.42857142857142,193.0,2,11,-0.5839514998576998,0.8117885474764613
"Ballygunge, Kolkata - WBPCB",2026-11-26,193.0,87.02,169.15,33.76,10.67,1.91,25.13,30.79,seasonal_forecast,23.3,66,8.4,1013.8,191.0,189.0,187.0,189.0,185.28571428571428,194.0,3,11,-0.5699010576127624,0.821713322596059
"Ballygunge, Kolkata - WBPCB",2026-11-27,194.0,87.82,170.66,34.13,10.75,1.93,25.38,30.96,seasonal_forecast,23.1,66,8.4,1013.9,193.0,191.0,189.0,191.0,187.14285714285714,196.0,4,11,-0.5556819724760489,0.8313949395234058
"Ballygunge, Kolkata - WBPCB",2026-11-28,196.0,88.6,172.12,34.51,10.82,1.95,25.65,31.12,seasonal_forecast,23.0,66,8.3,1014.0,194.0,193.0,191.0,192.66666666666666,188.85714285714286,198.0,5,11,-0.5412984521036173,0.8408305333122887
"Ballygunge, Kolkata - WBPCB",2026-11-29,198.0,89.36,173.53,34.91,10.9,1.97,25.94,31.3,seasonal_forecast,22.8,66,8.3,1014.1,196.0,194.0,193.0,194.33333333333334,190.71428571428572,199.0,6,11,-0.5267547528105542,0.8500173118187018
"Ballygunge, Kolkata - WBPCB",2026-11-30,199.0,90.09,174.9,35.32,10.97,1.99,26.25,31.49,seasonal_forecast,22.7,66,8.3,1014.2,198.0,196.0,194.0,196.0,192.57142857142858,201.0,0,11,-0.5120551783114646,0.8589525565270845
"Ballygunge, Kolkata - WBPCB",2026-12-01,201.0,90.81,176.22,35.75,11.05,2.0,26.57,31.68,seasonal_forecast,22.5,66,8.2,1014.2,199.0,198.0,196.0,197.66666666666666,194.28571428571428,202.0,1,12,-0.4972040784469378,0.8676336233547726
"Ballygunge, Kolkata - WBPCB",2026-12-02,202.0,91.51,177.48,36.19,11.12,2.02,26.92,31.88,seasonal_forecast,22.4,66,8.2,1014.3,201.0,199.0,198.0,199.33333333333334,196.0,204.0,2,12,-0.4822058478963526,0.8760579434344281
"Ballygunge, Kolkata - WBPCB",2026-12-03,204.0,92.18,178.69,36.64,11.18,2.04,27.28,32.09,seasonal_forecast,22.2,65,8.2,1014.4,202.0,201.0,199.0,200.66666666666666,197.57142857142858,205.0,3,12,-0.46706492487743034,0.8842230238742036
"Ballygunge, Kolkata - WBPCB",2026-12-04,205.0,92.84,179.85,37.11,11.25,2.06,27.66,32.31,seasonal_forecast,22.1,65,8.2,1014.5,204.0,202.0,201.0,202.33333333333334,199.14285714285714,206.0,4,12,-0.451785789832884,0.8921264484954345
"Ballygunge, Kolkata - WBPCB",2026-12-05,206.0,93.46,180.96,37.58,11.31,2.07,28.06,32.53,seasonal_forecast,21.9,65,8.2,1014.6,205.0,204.0,202.0,203.66666666666666,200.71428571428572,208.0,5,12,-0.4363729641045924,0.8997658785476209
"Ballygunge, Kolkata - WBPCB",2026-12-06,208.0,94.07,182.01,38.06,11.37,2.09,28.47,32.76,seasonal_forecast,21.8,65,8.1,1014.6,206.0,205.0,204.0,205.0,202.14285714285714,209.0,6,12,-0.42083100859565564,0.9071390534005044
"Ballygunge, Kolkata - WBPCB",2026-12-07,209.0,94.65,183.01,38.56,11.43,2.11,28.9,32.99,seasonal_forecast,21.7,65,8.1,1014.7,208.0,206.0,205.0,206.33333333333334,203.57142857142858,210.0,0,12,-0.4051645224207563,0.9142437912130223
"Ballygunge, Kolkata - WBPCB",2026-12-08,210.0,95.21,183.95,39.06,11.49,2.12,29.34,33.23,seasonal_forecast,21.5,65,8.1,1014.8,209.0,208.0,206.0,207.66666666666666,205.0,211.0,1,12,-0.3893781415452015,0.9210779895789526
"Ballygunge, Kolkata - WBPCB",2026-12-09,211.0,95.74,184.83,39.57,11.55,2.14,29.8,33.47,seasonal_forecast,21.4,65,8.1,1014.9,210.0,209.0,208.0,209.0,206.28571428571428,212.0,2,12,-0.37347653741307074,0.9276396261490467
"Ballygunge, Kolkata - WBPCB",2026-12-10,212.0,96.24,185.66,40.09,11.6,2.15,30.27,33.72,seasonal_forecast,21.3,65,8.1,1014.9,211.0,210.0,209.0,210.0,207.57142857142858,213.0,3,12,-0.3574644155648614,0.9339267592294762
"Ballygunge, Kolkata - WBPCB",2026-12-11,213.0,96.73,186.43,40.61,11.65,2.16,30.75,33.97,seasonal_forecast,21.2,65,8.1,1015.0,212.0,211.0,210.0,211.0,208.71428571428572,214.0,4,12,-0.34134651424503615,0.9399375283564133
"Ballygunge, Kolkata - WBPCB",2026-12-12,214.0,97.18,187.14,41.14,11.7,2.18,31.24,34.23,seasonal_forecast,21.0,65,8.1,1015.1,213.0,212.0,211.0,212.0,209.85714285714286,215.0,5,12,-0.3251276029999093,0.9456701548465688
"Ballygunge, Kolkata - WBPCB",2026-12-13,215.0,97.61,187.79,41.68,11.75,2.19,31.75,34.49,seasonal_forecast,20.9,65,8.1,1015.1,214.0,213.0,212.0,213.0,211.0,216.0,6,12,-0.30881248126625377,0.9511229423235357
"Ballygunge, Kolkata - WBPCB",2026-12-14,216.0,98.01,188.38,42.21,11.8,2.2,32.26,34.75,seasonal_forecast,20.8,65,8.2,1015.2,215.0,214.0,213.0,214.0,212.0,217.0,0,12,-0.29240597695107734,0.9562942772197719
"Ballygunge, Kolkata - WBPCB",2026-12-15,217.0,98.39,188.91,42.75,11.84,2.21,32.78,35.01,seasonal_forecast,20.7,65,8.2,1015.3,216.0,215.0,214.0,215.0,213.0,218.0,1,12,-0.27591294500296043,0.9611826292540837
"Ballygunge, Kolkata - WBPCB",2026-12-16,218.0,98.73,189.39,43.29,11.89,2.22,33.31,35.27,seasonal_forecast,20.6,65,8.2,1015.3,217.0,216.0,215.0,216.0,214.0,218.0,2,12,-0.2593382659754056,0.9657865518844574
"Ballygunge, Kolkata - WBPCB",2026-12-17,218.0,99.05,189.8,43.83,11.93,2.23,33.85,35.54,seasonal_forecast,20.5,65,8.2,1015.4,218.0,217.0,216.0,217.0,215.0,219.0,3,12,-0.2426868445825954,0.9701046827361175
"Ballygunge, Kolkata - WBPCB",2026-12-18,219.0,99.35,190.16,44.38,11.97,2.24,34.39,35.81,seasonal_forecast,20.4,65,8.2,1015.4,218.0,218.0,217.0,217.66666666666666,215.85714285714286,219.0,4,12,-0.22596360824801906,0.974135744004672
"Ballygunge, Kolkata - WBPCB",2026-12-19,219.0,99.61,190.45,44.92,12.01,2.24,34.94,36.07,seasonal_forecast,20.3,65,8.2,1015.5,219.0,218.0,218.0,218.33333333333334,216.71428571428572,220.0,5,12,-0.20917350564635637,0.9778785428342386
"Ballygunge, Kolkata - WBPCB",2026-12-20,220.0,99.85,190.69,45.45,12.05,2.25,35.49,36.34,seasonal_forecast,20.2,65,8.3,1015.5,219.0,219.0,218.0,218.66666666666666,217.42857142857142,220.0,6,12,-0.19232150523909483,0.9813319716704275
"Ballygunge, Kolkata - WBPCB",2026-12-21,220.0,100.06,190.87,45.99,12.08,2.26,36.05,36.6,seasonal_forecast,20.1,65,8.3,1015.6,220.0,219.0,219.0,219.33333333333334,218.14285714285714,221.0,0,12,-0.17541259380427843,0.9844950085880858
"Ballygunge, Kolkata - WBPCB",2026-12-22,221.0,100.24,190.98,46.52,12.12,2.26,36.61,36.87,seasonal_forecast,20.0,65,8.3,1015.6,220.0,220.0,219.0,219.66666666666666,218.71428571428572,221.0,1,12,-0.15845177496083632,0.9873667175937016
"Ballygunge, Kolkata - WBPCB",2026-12-23,221.0,100.39,191.04,47.04,12.15,2.27,37.17,37.13,seasonal_forecast,20.0,65,8.4,1015.6,221.0,220.0,220.0,220.33333333333334,219.28571428571428,221.0,2,12,-0.14144406768794202,0.9899462489023779
"Ballygunge, Kolkata - WBPCB",2026-12-24,221.0,100.52,191.04,47.56,12.18,2.27,37.72,37.39,seasonal_forecast,19.9,65,8.4,1015.7,221.0,221.0,220.0,220.66666666666666,219.71428571428572,221.0,3,12,-0.12439450483979998,0.9922328391893008
"Ballygunge, Kolkata - WBPCB",2026-12-25,221.0,100.62,190.99,48.07,12.21,2.27,38.28,37.65,seasonal_forecast,19.8,65,8.4,1015.7,221.0,221.0,221.0,221.0,220.14285714285714,222.0,4,12,-0.10730813165636247,0.9942258118156161
"Ballygunge, Kolkata - WBPCB",2026-12-26,222.0,100.68,190.87,48.58,12.24,2.27,38.84,37.91,seasonal_forecast,19.8,65,8.5,1015.7,221.0,221.0,221.0,221.0,220.42857142857142,222.0,5,12,-0.09019000427034513,0.9959245770286599
"Ballygunge, Kolkata - WBPCB",2026-12-27,222.0,100.72,190.7,49.07,12.27,2.28,39.39,38.16,seasonal_forecast,19.7,66,8.5,1015.8,222.0,221.0,221.0,221.33333333333334,220.85714285714286,222.0,6,12,-0.07304518821104743,0.9973286321364752
"Ballygunge, Kolkata - WBPCB",2026-12-28,222.0,100.74,190.47,49.56,12.3,2.28,39.94,38.41,seasonal_forecast,19.7,66,8.5,1015.8,222.0,222.0,221.0,221.66666666666666,221.14285714285714,222.0,0,12,-0.05587875690537313,0.9984375616565666
"Ballygunge, Kolkata - WBPCB",2026-12-29,222.0,100.72,190.19,50.03,12.32,2.27,40.49,38.65,seasonal_forecast,19.6,66,8.6,1015.8,222.0,222.0,222.0,222.0,221.42857142857142,221.0,1,12,-0.03869579017652689,0.9992510374388481
"Ballygunge, Kolkata - WBPCB",2026-12-30,221.0,100.67,189.85,50.49,12.35,2.27,41.03,38.89,seasonal_forecast,19.6,66,8.6,1015.8,222.0,222.0,222.0,222.0,221.57142857142858,221.0,2,12,-0.021501372740813793,0.999768818762748
"Ballygunge, Kolkata - WBPCB",2026-12-31,221.0,100.6,189.46,50.94,12.37,2.27,41.56,39.13,seasonal_forecast,19.5,66,8.7,1015.9,221.0,222.0,222.0,221.66666666666666,221.57142857142858,221.0,3,12,-0.004300592702981974,0.9999907524084426
"Ballygunge, Kolkata - WBPCB",2027-01-01,221.0,100.47,188.89,51.49,12.4,2.27,42.21,39.41,seasonal_forecast,19.5,66,8.7,1015.9,221.0,221.0,222.0,221.33333333333334,221.57142857142858,221.0,4,1,0.017201575418260506,0.9998520419557735
"Ballygunge, Kolkata - WBPCB",2027-01-02,221.0,100.34,188.38,51.9,12.42,2.26,42.73,39.63,seasonal_forecast,19.5,66,8.8,1015.9,221.0,221.0,221.0,221.0,221.57142857142858,220.0,5,1,0.03439806061360801,0.9994082116062598
"Ballygunge, Kolkata - WBPCB",2027-01-03,220.0,100.18,187.82,52.31,12.45,2.26,43.23,39.85,seasonal_forecast,19.4,66,8.8,1015.9,221.0,221.0,221.0,221.0,221.42857142857142,220.0,6,1,0.051584366869408364,0.9986686402879997
"Ballygunge, Kolkata - WBPCB",2027-01-04,220.0,99.99,187.21,52.69,12.47,2.25,43.73,40.06,seasonal_forecast,19.4,66,8.9,1015.9,220.0,221.0,221.0,220.66666666666666,221.14285714285714,219.0,0,1,0.06875540848113941,0.9976335468520451
"Ballygunge, Kolkata - WBPCB",2027-01-05,219.0,99.77,186.55,53.06,12.49,2.25,44.21,40.26,seasonal_forecast,19.4,66,8.9,1015.9,220.0,220.0,221.0,220.33333333333334,220.85714285714286,219.0,1,1,0.08590610426133272,0.9963032375991965
"Ballygunge, Kolkata - WBPCB",2027-01-06,219.0,99.53,185.84,53.41,12.51,2.24,44.68,40.45,seasonal_forecast,19.4,66,9.0,1015.9,219.0,220.0,220.0,219.66666666666666,220.42857142857142,218.0,2,1,0.10303137904317879,0.9946781061893646
"Ballygunge, Kolkata - WBPCB",2027-01-07,218.0,99.26,185.08,53.75,12.53,2.23,45.14,40.64,seasonal_forecast,19.4,66,9.0,1015.9,219.0,219.0,220.0,219.33333333333334,220.14285714285714,217.0,3,1,0.1201261651823505,0.9927586335250793
"Ballygunge, Kolkata - WBPCB",2027-01-08,217.0,98.97,184.28,54.06,12.54,2.22,45.58,40.82,seasonal_forecast,19.4,66,9.1,1015.9,218.0,219.0,219.0,218.66666666666666,219.71428571428572,217.0,4,1,0.13718540405660057,0.9905453876091833
"Ballygunge, Kolkata - WBPCB",2027-01-09,217.0,98.65,183.43,54.35,12.56,2.21,46.01,40.99,seasonal_forecast,19.4,66,9.1,1015.9,217.0,218.0,219.0,218.0,219.14285714285714,216.0,5,1,0.1542040475626894,0.988039023376751
"Ballygunge, Kolkata - WBPCB",2027-01-10,216.0,98.31,182.54,54.63,12.58,2.2,46.43,41.15,seasonal_forecast,19.5,67,9.2,1015.9,217.0,217.0,218.0,217.33333333333334,218.57142857142858,215.0,6,1,0.17117705961019986,0.985240282501282
"Ballygunge, Kolkata - WBPCB",2027-01-11,215.0,97.94,181.61,54.88,12.59,2.19,46.83,41.31,seasonal_forecast,19.5,67,9.3,1015.9,216.0,217.0,217.0,216.66666666666666,218.0,214.0,0,1,0.18809941761179758,0.9821499931752291
"Ballygunge, Kolkata - WBPCB",2027-01-12,214.0,97.54,180.63,55.11,12.61,2.18,47.22,41.45,seasonal_forecast,19.5,67,9.3,1015.9,215.0,216.0,217.0,216.0,217.28571428571428,213.0,1,1,0.20496611396949532,0.9787690698649216
"Ballygunge, Kolkata - WBPCB",2027-01-13,213.0,97.12,179.62,55.32,12.63,2.17,47.58,41.59,seasonal_forecast,19.6,67,9.4,1015.9,214.0,215.0,216.0,215.0,216.57142857142858,212.0,2,1,0.22177215755648186,0.975098513039961
"Ballygunge, Kolkata - WBPCB",2027-01-14,212.0,96.68,178.57,55.51,12.64,2.15,47.94,41.72,seasonal_forecast,19.6,67,9.4,1015.8,213.0,214.0,215.0,214.0,215.71428571428572,211.0,3,1,0.23851257519407648,0.9711394088771653
"Ballygunge, Kolkata - WBPCB",2027-01-15,211.0,96.22,177.48,55.67,12.65,2.14,48.27,41.83,seasonal_forecast,19.6,67,9.5,1015.8,212.0,213.0,214.0,213.0,214.85714285714286,210.0,4,1,0.2551824131233728,0.9668929289391521
"Ballygunge, Kolkata - WBPCB",2027-01-16,210.0,95.73,176.36,55.82,12.67,2.13,48.59,41.94,seasonal_forecast,19.7,67,9.5,1015.8,211.0,212.0,213.0,212.0,214.0,209.0,5,1,0.2717767384711357,0.9623603298276545
"Ballygunge, Kolkata - WBPCB",2027-01-17,209.0,95.22,175.2,55.93,12.68,2.11,48.89,42.04,seasonal_forecast,19.7,67,9.6,1015.8,210.0,211.0,212.0,211.0,213.0,207.0,6,1,0.2882906407095177,0.9575429528116719
"Ballygunge, Kolkata - WBPCB",2027-01-18,207.0,94.69,174.01,56.03,12.69,2.1,49.17,42.13,seasonal_forecast,19.8,67,9.6,1015.7,209.0,210.0,211.0,210.0,212.0,206.0,0,1,0.3047192331091634,0.9524422234305676
"Ballygunge, Kolkata - WBPCB",2027-01-19,206.0,94.14,172.79,56.1,12.71,2.08,49.43,42.21,seasonal_forecast,19.9,67,9.7,1015.7,207.0,209.0,210.0,208.66666666666666,210.85714285714286,205.0,1,1,0.321057654185271,0.9470596510722283
"Ballygunge, Kolkata - WBPCB",2027-01-20,205.0,93.56,171.54,56.14,12.72,2.06,49.67,42.28,seasonal_forecast,19.9,67,9.8,1015.7,206.0,207.0,209.0,207.33333333333334,209.71428571428572,203.0,2,1,0.3373010691361842,0.9413968285264122
"Ballygunge, Kolkata - WBPCB",2027-01-21,203.0,92.97,170.26,56.16,12.73,2.05,49.9,42.34,seasonal_forecast,20.0,67,9.8,1015.6,205.0,206.0,207.0,206.0,208.57142857142858,202.0,3,1,0.3534446712740877,0.9354554315134164
"Ballygunge, Kolkata - WBPCB",2027-01-22,202.0,92.36,168.96,56.16,12.74,2.03,50.11,42.38,seasonal_forecast,20.1,67,9.9,1015.6,203.0,205.0,206.0,204.66666666666666,207.28571428571428,201.0,4,1,0.3694836834473831,0.9292372181882051
"Ballygunge, Kolkata - WBPCB",2027-01-23,201.0,91.73,167.62,56.13,12.75,2.01,50.29,42.42,seasonal_forecast,20.2,67,9.9,1015.5,202.0,203.0,205.0,203.33333333333334,206.0,199.0,5,1,0.38541335945432564,0.9227440286201427
"Ballygunge, Kolkata - WBPCB",2027-01-24,199.0,91.08,166.27,56.08,12.76,1.99,50.46,42.45,seasonal_forecast,20.3,67,10.0,1015.5,201.0,202.0,203.0,202.0,204.71428571428572,197.0,6,1,0.4012289854475009,0.9159777842484877
"Ballygunge, Kolkata - WBPCB",2027-01-25,197.0,90.41,164.89,56.0,12.77,1.97,50.61,42.47,seasonal_forecast,20.4,67,10.0,1015.4,199.0,201.0,202.0,200.66666666666666,203.28571428571428,196.0,0,1,0.4169258813287287,0.908940487313808
"Ballygunge, Kolkata - WBPCB",2027-01-26,196.0,89.72,163.49,55.9,12.78,1.95,50.74,42.48,seasonal_forecast,20.5,67,10.1,1015.4,197.0,199.0,201.0,199.0,201.85714285714286,194.0,1,1,0.4324994021339788,0.901634220265486
"Ballygunge, Kolkata - WBPCB",2027-01-27,194.0,89.02,162.08,55.78,12.78,1.93,50.85,42.48,seasonal_forecast,20.6,67,10.2,1015.3,196.0,197.0,199.0,197.33333333333334,200.42857142857142,193.0,2,1,0.44794493940789115,0.8940611451454876
"Ballygunge, Kolkata - WBPCB",2027-01-28,193.0,88.31,160.64,55.63,12.79,1.91,50.94,42.47,seasonal_forecast,20.7,67,10.2,1015.3,194.0,196.0,197.0,195.66666666666666,198.85714285714286,191.0,3,1,0.4632579225674917,0.88622350294858
"Ballygunge, Kolkata - WBPCB",2027-01-29,191.0,87.57,159.19,55.45,12.8,1.89,51.02,42.45,seasonal_forecast,20.8,67,10.3,1015.2,193.0,194.0,196.0,194.33333333333334,197.42857142857142,189.0,4,1,0.4784338202547012,0.8781236129591848
"Ballygunge, Kolkata - WBPCB",2027-01-30,189.0,86.83,157.72,55.25,12.8,1.87,51.08,42.42,seasonal_forecast,20.9,67,10.3,1015.1,191.0,193.0,194.0,192.66666666666666,195.85714285714286,187.0,5,1,0.49346814167723735,0.8697638720650646
"Ballygunge, Kolkata - WBPCB",2027-01-31,187.0,86.06,156.24,55.03,12.81,1.84,51.12,42.38,seasonal_forecast,21.0,67,10.4,1015.1,189.0,191.0,193.0,191.0,194.14285714285714,186.0,6,1,0.5083564379375122,0.8611467540480452
"Ballygunge, Kolkata - WBPCB",2027-02-01,186.0,85.29,154.75,54.79,12.81,1.82,51.14,42.33,seasonal_forecast,21.1,67,10.4,1015.0,187.0,189.0,191.0,189.0,192.42857142857142,184.0,0,2,0.5230943033491326,0.8522748088519838
"Ballygunge, Kolkata - WBPCB",2027-02-02,184.0,84.5,153.24,54.52,12.82,1.8,51.14,42.27,seasonal_forecast,21.3,67,10.5,1014.9,186.0,187.0,189.0,187.33333333333334,190.85714285714286,182.0,1,2,0.5376773767406141,0.8431506618282
"Ballygunge, Kolkata - WBPCB",2027-02-03,182.0,83.7,151.73,54.23,12.82,1.78,51.13,42.2,seasonal_forecast,21.4,67,10.5,1014.9,184.0,186.0,187.0,185.66666666666666,189.14285714285714,180.0,2,2,0.5521013427459208,0.8337770129585915
"Ballygunge, Kolkata - WBPCB",2027-02-04,180.0,82.89,150.2,53.92,12.82,1.75,51.11,42.12,seasonal_forecast,21.5,67,10.6,1014.8,182.0,184.0,186.0,184.0,187.42857142857142,178.0,3,2,0.5663619330814524,0.8241566360566663
"Ballygunge, Kolkata - WBPCB",2027-02-05,178.0,82.07,148.67,53.58,12.82,1.73,51.06,42.04,seasonal_forecast,21.7,67,10.6,1014.7,180.0,182.0,184.0,182.0,185.57142857142858,176.0,4,2,0.580454927809098,0.8142923779467267
"Ballygunge, Kolkata - WBPCB",2027-02-06,176.0,81.24,147.13,53.23,12.82,1.71,51.01,41.95,seasonal_forecast,21.8,67,10.7,1014.6,178.0,180.0,182.0,180.0,183.71428571428572,174.0,5,2,0.5943761565849831,0.804187157621448
"Ballygunge, Kolkata - WBPCB",2027-02-07,174.0,80.4,145.59,52.85,12.82,1.69,50.94,41.84,seasonal_forecast,21.9,67,10.7,1014.5,176.0,178.0,180.0,178.0,181.85714285714286,172.0,6,2,0.6081214998935418,0.7938439653781019
"Ballygunge, Kolkata - WBPCB",2027-02-08,172.0,79.55,144.05,52.45,12.81,1.66,50.85,41.74,seasonal_forecast,22.1,67,10.8,1014.5,174.0,176.0,178.0,176.0,180.0,170.0,0,2,0.6216868902665479,0.7832658619336791
"Ballygunge, Kolkata - WBPCB",2027-02-09,170.0,78.69,142.5,52.04,12.81,1.64,50.75,41.62,seasonal_forecast,22.2,67,10.8,1014.4,172.0,174.0,176.0,174.0,178.0,168.0,1,2,0.6350683134867438,0.7724559775191742
"Ballygunge, Kolkata - WBPCB",2027-02-10,168.0,77.82,140.95,51.6,12.81,1.61,50.64,41.49,seasonal_forecast,22.4,67,10.9,1014.3,170.0,172.0,174.0,172.0,176.0,166.0,2,2,0.6482618097757122,0.7614175109532997
"Ballygunge, Kolkata - WBPCB",2027-02-11,166.0,76.95,139.41,51.15,12.8,1.59,50.52,41.36,seasonal_forecast,22.5,67,10.9,1014.2,168.0,170.0,172.0,170.0,174.0,164.0,3,2,0.6612634749656386,0.7501537286959042
"Ballygunge, Kolkata - WBPCB",2027-02-12,164.0,76.07,137.86,50.68,12.79,1.57,50.39,41.23,seasonal_forecast,22.7,67,11.0,1014.1,166.0,168.0,170.0,168.0,172.0,162.0,4,2,0.6740694616546161,0.7386679638813748
"Ballygunge, Kolkata - WBPCB",2027-02-13,162.0,75.19,136.32,50.2,12.78,1.54,50.25,41.08,seasonal_forecast,22.8,67,11.0,1014.0,164.0,166.0,168.0,166.0,170.0,160.0,5,2,0.6866759803451553,0.726963615332308
"Ballygunge, Kolkata - WBPCB",2027-02-14,160.0,74.3,134.78,49.69,12.77,1.52,50.1,40.93,seasonal_forecast,23.0,67,11.1,1013.9,162.0,164.0,166.0,164.0,168.0,158.0,6,2,0.6990793005655562,0.7150441465537444
"Ballygunge, Kolkata - WBPCB",2027-02-15,158.0,73.41,133.24,49.18,12.76,1.49,49.94,40.77,seasonal_forecast,23.1,67,11.2,1013.8,160.0,162.0,164.0,162.0,166.0,156.0,0,2,0.7112757519738152,0.7029130847082615
"Ballygunge, Kolkata - WBPCB",2027-02-16,156.0,72.51,131.71,48.65,12.75,1.47,49.77,40.61,seasonal_forecast,23.3,67,11.2,1013.7,158.0,160.0,162.0,160.0,164.0,154.0,1,2,0.7232617254437388,0.6905740195722294
"Ballygunge, Kolkata - WBPCB",2027-02-17,154.0,71.61,130.18,48.1,12.73,1.45,49.6,40.44,seasonal_forecast,23.4,67,11.3,1013.6,156.0,158.0,160.0,158.0,162.0,152.0,2,2,0.7350336741329412,0.6780306024735382
"Ballygunge, Kolkata - WBPCB",2027-02-18,152.0,70.71,128.66,47.54,12.72,1.42,49.42,40.27,seasonal_forecast,23.6,67,11.3,1013.5,154.0,156.0,158.0,156.0,160.0,150.0,3,2,0.746588114532413,0.6652865452111116
"Ballygunge, Kolkata - WBPCB",2027-02-19,150.0,69.81,127.15,46.97,12.7,1.4,49.24,40.1,seasonal_forecast,23.7,67,11.4,1013.4,152.0,154.0,156.0,154.0,158.0,148.0,4,2,0.7579216274973472,0.6523456189565257
"Ballygunge, Kolkata - WBPCB",2027-02-20,148.0,68.9,125.65,46.39,12.68,1.38,49.05,39.91,seasonal_forecast,23.9,67,11.4,1013.3,150.0,152.0,154.0,152.0,156.0,145.0,5,2,0.7690308592589181,0.6392116531380588
"Ballygunge, Kolkata - WBPCB",2027-02-21,145.0,68.0,124.16,45.8,12.66,1.35,48.85,39.73,seasonal_forecast,24.0,67,11.5,1013.2,148.0,150.0,152.0,150.0,154.0,143.0,6,2,0.7799125224167177,0.6258885343075018
"Ballygunge, Kolkata - WBPCB",2027-02-22,143.0,67.1,122.67,45.2,12.63,1.33,48.66,39.54,seasonal_forecast,24.2,67,11.5,1013.1,145.0,148.0,150.0,147.66666666666666,151.85714285714286,141.0,0,2,0.7905633969115482,0.612380204990065
"Ballygunge, Kolkata - WBPCB",2027-02-23,141.0,66.19,121.2,44.59,12.61,1.31,48.46,39.35,seasonal_forecast,24.4,67,11.6,1013.0,143.0,145.0,148.0,145.33333333333334,149.71428571428572,139.0,1,2,0.8009803309782905,0.5986906625177214
"Ballygunge, Kolkata - WBPCB",2027-02-24,139.0,65.29,119.74,43.97,12.58,1.28,48.27,39.16,seasonal_forecast,24.5,67,11.6,1012.9,141.0,143.0,145.0,143.0,147.57142857142858,137.0,2,2,0.8111602420785621,0.5848239578463322
"Ballygunge, Kolkata - WBPCB",2027-02-25,137.0,64.39,118.29,43.35,12.55,1.26,48.07,38.96,seasonal_forecast,24.7,67,11.7,1012.8,139.0,141.0,143.0,141.0,145.42857142857142,135.0,3,2,0.8211001178128892,0.5707841943569036
"Ballygunge, Kolkata - WBPCB",2027-02-26,135.0,63.49,116.86,42.72,12.52,1.24,47.87,38.76,seasonal_forecast,24.8,67,11.7,1012.7,137.0,139.0,141.0,139.0,143.28571428571428,133.0,4,2,0.8307970168121247,0.5565755266413303
"Ballygunge, Kolkata - WBPCB",2027-02-27,133.0,62.6,115.44,42.09,12.49,1.22,47.68,38.56,seasonal_forecast,25.0,67,11.8,1012.6,135.0,137.0,139.0,137.0,141.14285714285714,131.0,5,2,0.8402480696078469,0.5422021592729844
"Ballygunge, Kolkata - WBPCB",2027-02-28,131.0,61.71,114.03,41.45,12.46,1.19,47.49,38.36,seasonal_forecast,25.1,67,11.8,1012.5,133.0,135.0,137.0,135.0,139.0,129.0,6,2,0.8494504794814806,0.527668345562516
"Ballygunge, Kolkata - WBPCB",2027-03-01,129.0,60.82,112.63,40.81,12.42,1.17,47.3,38.16,seasonal_forecast,25.3,67,11.9,1012.4,131.0,133.0,135.0,133.0,137.0,127.0,0,3,0.8584015232918917,0.512978386299228
"Ballygunge, Kolkata - WBPCB",2027-03-02,127.0,59.94,111.25,40.17,12.38,1.15,47.12,37.95,seasonal_forecast,25.4,67,12.0,1012.2,129.0,131.0,133.0,131.0,135.0,125.0,1,3,0.8670985522812081,0.4981366284784055
"Ballygunge, Kolkata - WBPCB",2027-03-03,125.0,59.06,109.89,39.52,12.34,1.13,46.94,37.75,seasonal_forecast,25.6,67,12.0,1012.1,127.0,129.0,131.0,129.0,133.0,123.0,2,3,0.8755389928586302,0.4831474640149687
"Ballygunge, Kolkata - WBPCB",2027-03-04,123.0,58.19,108.54,38.88,12.3,1.11,46.76,37.55,seasonal_forecast,25.8,67,12.1,1012.0,125.0,127.0,129.0,127.0,131.0,121.0,3,3,0.8837203473619977,0.4680153284438345
"Ballygunge, Kolkata - WBPCB",2027-03-05,121.0,57.32,107.2,38.23,12.25,1.09,46.6,37.34,seasonal_forecast,25.9,66,12.1,1011.9,123.0,125.0,127.0,125.0,129.0,119.0,4,3,0.8916401947968874,0.45274469960737107
"Ballygunge, Kolkata - WBPCB",2027-03-06,119.0,56.46,105.88,37.59,12.21,1.07,46.44,37.14,seasonal_forecast,26.0,66,12.2,1011.8,121.0,123.0,125.0,123.0,127.0,117.0,5,3,0.8992961915530253,0.4373400963303323
"Ballygunge, Kolkata - WBPCB",2027-03-07,117.0,55.61,104.58,36.95,12.16,1.05,46.28,36.94,seasonal_forecast,26.2,66,12.2,1011.7,119.0,121.0,123.0,121.0,125.0,115.0,6,3,0.9066860720977985,0.4218060770826634
"Ballygunge, Kolkata - WBPCB",2027-03-08,115.0,54.76,103.3,36.31,12.11,1.03,46.14,36.74,seasonal_forecast,26.3,66,12.3,1011.6,117.0,119.0,121.0,119.0,123.0,113.0,0,3,0.9138076496466615,0.40614723863057883
"Ballygunge, Kolkata - WBPCB",2027-03-09,113.0,53.93,102.03,35.68,12.05,1.01,46.0,36.54,seasonal_forecast,26.5,66,12.4,1011.4,115.0,117.0,119.0,117.0,121.0,111.0,1,3,0.9206588168102428,0.3903682146763026
"Ballygunge, Kolkata - WBPCB",2027-03-10,111.0,53.1,100.78,35.05,12.0,0.99,45.88,36.34,seasonal_forecast,26.6,66,12.4,1011.3,113.0,115.0,117.0,115.0,119.0,109.0,2,3,0.9272375462179537,0.374473674486883
"Ballygunge, Kolkata - WBPCB",2027-03-11,109.0,52.28,99.54,34.42,11.94,0.98,45.76,36.14,seasonal_forecast,26.8,66,12.5,1011.2,111.0,113.0,115.0,113.0,117.0,107.0,3,3,0.9335418911179212,0.35846832151248087
"Ballygunge, Kolkata - WBPCB",2027-03-12,107.0,51.47,98.32,33.8,11.88,0.96,45.65,35.95,seasonal_forecast,26.9,66,12.6,1011.1,109.0,111.0,113.0,111.0,115.0,105.0,4,3,0.9395699859530622,0.342356891994542
"Ballygunge, Kolkata - WBPCB",2027-03-13,105.0,50.66,97.12,33.19,11.82,0.94,45.56,35.76,seasonal_forecast,27.0,66,12.6,1011.0,107.0,109.0,111.0,109.0,113.0,103.0,5,3,0.945320046913132,0.3261441535642696
"Ballygunge, Kolkata - WBPCB",2027-03-14,103.0,49.87,95.94,32.59,11.76,0.92,45.48,35.57,seasonal_forecast,27.2,66,12.7,1010.9,105.0,107.0,109.0,107.0,111.0,102.0,6,3,0.9507903724625832,0.3098349038318025
"Ballygunge, Kolkata - WBPCB",2027-03-15,102.0,49.09,94.77,31.99,11.69,0.91,45.4,35.39,seasonal_forecast,27.3,66,12.8,1010.7,103.0,105.0,107.0,105.0,109.0,100.0,0,3,0.9559793438440766,0.2934339689665273
"Ballygunge, Kolkata - WBPCB",2027-03-16,100.0,48.32,93.62,31.4,11.63,0.89,45.34,35.2,seasonal_forecast,27.4,66,12.8,1010.6,102.0,103.0,105.0,103.33333333333333,107.14285714285714,98.0,1,3,0.9608854255574977,0.27694620226893646
"Ballygunge, Kolkata - WBPCB",2027-03-17,98.0,47.56,92.49,30.82,11.56,0.87,45.29,35.03,seasonal_forecast,27.5,67,12.9,1010.5,100.0,102.0,103.0,101.66666666666667,105.28571428571429,97.0,2,3,0.9655071658143364,0.2603764827344581
"Ballygunge, Kolkata - WBPCB",2027-03-18,97.0,46.8,91.37,30.26,11.49,0.86,45.26,34.85,seasonal_forecast,27.7,67,13.0,1010.4,98.0,100.0,102.0,100.0,103.42857142857143,95.0,3,3,0.969843196967294,0.24372971360968387
"Ballygunge, Kolkata - WBPCB",2027-03-19,95.0,46.07,90.28,29.7,11.41,0.84,45.23,34.68,seasonal_forecast,27.8,67,13.1,1010.3,97.0,98.0,100.0,98.33333333333333,101.71428571428571,93.0,4,3,0.9738922359149924,0.22701082094141847
"Ballygunge, Kolkata - WBPCB",2027-03-20,93.0,45.34,89.19,29.15,11.34,0.83,45.22,34.51,seasonal_forecast,27.9,67,13.1,1010.1,95.0,97.0,98.0,96.66666666666667,100.0,92.0,5,3,0.9776530844816641,0.2102247521189836
"Ballygunge, Kolkata - WBPCB",2027-03-21,92.0,44.62,88.13,28.61,11.26,0.82,45.22,34.35,seasonal_forecast,28.0,67,13.2,1010.0,93.0,95.0,97.0,95.0,98.28571428571429,90.0,6,3,0.981124629771712,0.19337647441020586
"Ballygunge, Kolkata - WBPCB",2027-03-22,90.0,43.92,87.08,28.09,11.18,0.8,45.24,34.19,seasonal_forecast,28.1,67,13.3,1009.9,92.0,93.0,95.0,93.33333333333333,96.71428571428571,88.0,0,3,0.984305844499033,0.17647097349152166
"Ballygunge, Kolkata - WBPCB",2027-03-23,88.0,43.22,86.05,27.58,11.1,0.79,45.27,34.04,seasonal_forecast,28.2,67,13.4,1009.8,90.0,92.0,93.0,91.66666666666667,95.0,87.0,1,3,0.9871957872910085,0.15951325197263655
"Ballygunge, Kolkata - WBPCB",2027-03-24,87.0,42.54,85.04,27.08,11.02,0.78,45.3,33.89,seasonal_forecast,28.4,67,13.4,1009.7,88.0,90.0,92.0,90.0,93.28571428571429,85.0,2,3,0.9897936029670716,0.14250832791617088
"Ballygunge, Kolkata - WBPCB",2027-03-25,85.0,41.88,84.04,26.59,10.94,0.76,45.36,33.74,seasonal_forecast,28.5,67,13.5,1009.6,87.0,88.0,90.0,88.33333333333333,91.71428571428571,84.0,3,3,0.992098522791769,0.12546123335273648
"Ballygunge, Kolkata - WBPCB",2027-03-26,84.0,41.22,83.06,26.12,10.85,0.75,45.42,33.6,seasonal_forecast,28.6,67,13.6,1009.4,85.0,87.0,88.0,86.66666666666667,90.0,83.0,4,3,0.9941098647022418,0.10837701279187609
"Ballygunge, Kolkata - WBPCB",2027-03-27,83.0,40.58,82.09,25.66,10.76,0.74,45.5,33.47,seasonal_forecast,28.7,67,13.7,1009.3,84.0,85.0,87.0,85.33333333333333,88.42857142857143,81.0,5,3,0.9958270335100595,0.09126072172931188
"Ballygunge, Kolkata - WBPCB",2027-03-28,81.0,39.95,81.14,25.22,10.68,0.73,45.59,33.34,seasonal_forecast,28.8,67,13.8,1009.2,83.0,84.0,85.0,84.0,87.0,80.0,6,3,0.9972495210773451,0.07411742515094437
"Ballygunge, Kolkata - WBPCB",2027-03-29,80.0,39.33,80.21,24.79,10.59,0.72,45.69,33.21,seasonal_forecast,28.9,67,13.9,1009.1,81.0,83.0,84.0,82.66666666666667,85.42857142857143,79.0,0,3,0.998376906467142,0.056952196034039754
"Ballygunge, Kolkata - WBPCB",2027-03-30,79.0,38.73,79.29,24.37,10.5,0.71,45.8,33.09,seasonal_forecast,28.9,67,13.9,1009.0,80.0,81.0,83.0,81.33333333333333,84.0,77.0,1,3,0.9992088560679753,0.03977011384605572
"Ballygunge, Kolkata - WBPCB",2027-03-31,77.0,38.14,78.39,23.97,10.41,0.69,45.92,32.97,seasonal_forecast,29.0,67,14.0,1008.9,79.0,80.0,81.0,80.0,82.71428571428571,76.0,2,3,0.9997451236925734,0.022576263041545485
"Ballygunge, Kolkata - WBPCB",2027-04-01,76.0,37.56,77.5,23.58,10.31,0.68,46.06,32.86,seasonal_forecast,29.1,68,14.1,1008.8,77.0,79.0,80.0,78.66666666666667,81.28571428571429,75.0,3,4,0.9999855506507186,0.005375731557583884
"Ballygunge, Kolkata - WBPCB",2027-04-02,75.0,37.0,76.63,23.21,10.22,0.68,46.2,32.76,seasonal_forecast,29.2,68,14.2,1008.6,76.0,77.0,79.0,77.33333333333333,80.0,74.0,4,4,0.9999300657962057,-0.011826390691832589
"Ballygunge, Kolkata - WBPCB",2027-04-03,74.0,36.45,75.77,22.85,10.12,0.67,46.35,32.66,seasonal_forecast,29.3,68,14.3,1008.5,75.0,76.0,77.0,76.0,78.71428571428571,73.0,5,4,0.9995786855478958,-0.029025013321975237
"Ballygunge, Kolkata - WBPCB",2027-04-04,73.0,35.91,74.93,22.51,10.03,0.66,46.52,32.56,seasonal_forecast,29.4,68,14.4,1008.4,74.0,75.0,76.0,75.0,77.42857142857143,72.0,6,4,0.9989315138848577,-0.046215046983708354
"Ballygunge, Kolkata - WBPCB",2027-04-05,72.0,35.39,74.1,22.18,9.93,0.65,46.69,32.47,seasonal_forecast,29.4,68,14.5,1008.3,73.0,74.0,75.0,74.0,76.28571428571429,71.0,0,4,0.9979887423155984,-0.06339140486951038
"Ballygunge, Kolkata - WBPCB",2027-04-06,71.0,34.88,73.28,21.87,9.83,0.64,46.87,32.38,seasonal_forecast,29.5,68,14.6,1008.2,72.0,73.0,74.0,73.0,75.14285714285714,70.0,1,4,0.9967506498213929,-0.08054900421874167
"Ballygunge, Kolkata - WBPCB",2027-04-07,70.0,34.38,72.48,21.57,9.74,0.63,47.05,32.3,seasonal_forecast,29.6,68,14.6,1008.1,71.0,72.0,73.0,72.0,74.0,69.0,2,4,0.9952176027737294,-0.09768276782171598
"Ballygunge, Kolkata - WBPCB",2027-04-08,69.0,33.89,71.69,21.28,9.64,0.62,47.25,32.23,seasonal_forecast,29.6,69,14.7,1008.0,70.0,71.0,72.0,71.0,73.0,68.0,3,4,0.9933900548258936,-0.11478762552212701
"Ballygunge, Kolkata - WBPCB",2027-04-09,68.0,33.42,70.92,21.01,9.54,0.62,47.44,32.15,seasonal_forecast,29.7,69,14.8,1007.8,69.0,70.0,71.0,70.0,72.0,67.0,4,4,0.9912685467787256,-0.13185851571739118
"Ballygunge, Kolkata - WBPCB",2027-04-10,67.0,32.97,70.15,20.76,9.44,0.61,47.65,32.09,seasonal_forecast,29.8,69,14.9,1007.7,68.0,69.0,70.0,69.0,71.0,66.0,5,4,0.9888537064205885,-0.1488903868564548
"Ballygunge, Kolkata - WBPCB",2027-04-11,66.0,32.52,69.41,20.52,9.34,0.6,47.86,32.03,seasonal_forecast,29.8,69,15.0,1007.6,67.0,68.0,69.0,68.0,70.0,65.0,6,4,0.986146248341595,-0.16587819893463143
"Ballygunge, Kolkata - WBPCB",2027-04-12,65.0,32.09,68.67,20.29,9.24,0.6,48.07,31.97,seasonal_forecast,29.9,69,15.1,1007.5,66.0,67.0,68.0,67.0,69.0,64.0,0,4,0.9831469737221499,-0.1828169249850199
"Ballygunge, Kolkata - WBPCB",2027-04-13,64.0,31.67,67.95,20.08,9.14,0.59,48.28,31.92,seasonal_forecast,29.9,69,15.2,1007.4,65.0,66.0,67.0,66.0,68.0,64.0,1,4,0.9798567700958665,-0.1997015525660636
"Ballygunge, Kolkata - WBPCB",2027-04-14,64.0,31.27,67.24,19.87,9.05,0.58,48.5,31.87,seasonal_forecast,30.0,70,15.3,1007.3,64.0,65.0,66.0,65.0,67.0,63.0,2,4,0.9762766110869321,-0.21652708524481437
"Ballygunge, Kolkata - WBPCB",2027-04-15,63.0,30.88,66.54,19.69,8.95,0.58,48.72,31.82,seasonal_forecast,30.0,70,15.4,1007.2,64.0,64.0,65.0,64.33333333333333,66.14285714285714,62.0,3,4,0.9724075561219968,-0.23328854407545518
"Ballygunge, Kolkata - WBPCB",2027-04-16,62.0,30.5,65.85,19.51,8.85,0.57,48.93,31.78,seasonal_forecast,30.1,70,15.5,1007.1,63.0,64.0,64.0,63.666666666666664,65.28571428571429,61.0,4,4,0.9682507501166718,-0.2499809690726521
"Ballygunge, Kolkata - WBPCB",2027-04-17,61.0,30.13,65.18,19.35,8.75,0.57,49.15,31.74,seasonal_forecast,30.1,70,15.5,1007.0,62.0,63.0,64.0,63.0,64.42857142857143,61.0,5,4,0.9638074231367307,-0.26659942067929354
"Ballygunge, Kolkata - WBPCB",2027-04-18,61.0,29.78,64.52,19.2,8.65,0.56,49.37,31.71,seasonal_forecast,30.2,70,15.6,1006.9,61.0,62.0,63.0,62.0,63.57142857142857,60.0,6,4,0.9590788900341131,-0.28313898122818354
"Ballygunge, Kolkata - WBPCB",2027-04-19,60.0,29.44,63.86,19.06,8.56,0.56,49.58,31.68,seasonal_forecast,30.2,71,15.7,1006.7,61.0,61.0,62.0,61.333333333333336,62.857142857142854,60.0,0,4,0.9540665500578387,-0.2995947563972602
"Ballygunge, Kolkata - WBPCB",2027-04-20,60.0,29.11,63.23,18.94,8.46,0.55,49.79,31.66,seasonal_forecast,30.3,71,15.8,1006.6,60.0,61.0,61.0,60.666666666666664,62.142857142857146,59.0,1,4,0.9487718864399473,-0.31596187665790293
"Ballygunge, Kolkata - WBPCB",2027-04-21,59.0,28.79,62.6,18.82,8.36,0.55,50.0,31.64,seasonal_forecast,30.3,71,15.9,1006.5,60.0,60.0,61.0,60.333333333333336,61.57142857142857,59.0,2,4,0.9431964659565866,-0.33223549871590435
"Ballygunge, Kolkata - WBPCB",2027-04-22,59.0,28.48,61.98,18.72,8.27,0.54,50.2,31.62,seasonal_forecast,30.3,71,16.0,1006.4,59.0,60.0,60.0,59.666666666666664,60.857142857142854,58.0,3,4,0.9373419384643772,-0.3484108069446808
"Ballygunge, Kolkata - WBPCB",2027-04-23,58.0,28.19,61.37,18.62,8.18,0.54,50.39,31.6,seasonal_forecast,30.4,71,16.1,1006.3,59.0,59.0,60.0,59.333333333333336,60.285714285714285,58.0,4,4,0.9312100364121947,-0.3644830148102912
"Ballygunge, Kolkata - WBPCB",2027-04-24,58.0,27.9,60.78,18.54,8.08,0.53,50.58,31.59,seasonal_forecast,30.4,72,16.1,1006.2,58.0,59.0,59.0,58.666666666666664,59.714285714285715,57.0,5,4,0.9248025743285089,-0.38044736628785164
"Ballygunge, Kolkata - WBPCB",2027-04-25,57.0,27.63,60.2,18.46,7.99,0.53,50.76,31.58,seasonal_forecast,30.4,72,16.2,1006.1,58.0,58.0,59.0,58.333333333333336,59.285714285714285,57.0,6,4,0.9181214482844365,-0.39629913726891813
"Ballygunge, Kolkata - WBPCB",2027-04-26,57.0,27.37,59.62,18.4,7.9,0.53,50.93,31.57,seasonal_forecast,30.4,72,16.3,1006.0,57.0,58.0,58.0,57.666666666666664,58.714285714285715,57.0,0,4,0.9111686353326631,-0.41203363695942635
"Ballygunge, Kolkata - WBPCB",2027-04-27,57.0,27.12,59.06,18.34,7.81,0.52,51.09,31.57,seasonal_forecast,30.5,72,16.4,1005.9,57.0,57.0,58.0,57.333333333333336,58.285714285714285,56.0,1,4,0.9039461929224011,-0.42764620926777464
"Ballygunge, Kolkata - WBPCB",2027-04-28,56.0,26.88,58.51,18.29,7.73,0.52,51.24,31.56,seasonal_forecast,30.5,73,16.4,1005.8,57.0,57.0,57.0,57.0,57.857142857142854,56.0,2,4,0.8964562582905575,-0.44313223418263453
"Ballygunge, Kolkata - WBPCB",2027-04-29,56.0,26.65,57.97,18.25,7.64,0.51,51.38,31.56,seasonal_forecast,30.5,73,16.5,1005.7,56.0,57.0,57.0,56.666666666666664,57.42857142857143,56.0,3,4,0.8887010478292915,-0.45848712914008766
"Ballygunge, Kolkata - WBPCB",2027-04-30,56.0,26.43,57.44,18.22,7.55,0.51,51.51,31.57,seasonal_forecast,30.5,73,16.6,1005.6,56.0,56.0,57.0,56.333333333333336,57.0,56.0,4,4,0.8806828564301475,-0.47370635037968
"Ballygunge, Kolkata - WBPCB",2027-05-01,56.0,26.22,56.92,18.19,7.47,0.51,51.63,31.57,seasonal_forecast,30.5,73,16.7,1005.5,56.0,56.0,56.0,56.0,56.714285714285715,55.0,5,5,0.8724040568049612,-0.48878539428899265
"Ballygunge, Kolkata - WBPCB",2027-05-02,55.0,26.02,56.4,18.17,7.39,0.5,51.73,31.58,seasonal_forecast,30.6,73,16.7,1005.4,56.0,56.0,56.0,56.0,56.42857142857143,55.0,6,5,0.8638670987837349,-0.503719798736334
"Ballygunge, Kolkata - WBPCB",2027-05-03,55.0,25.83,55.9,18.15,7.31,0.5,51.81,31.59,seasonal_forecast,30.6,74,16.8,1005.3,55.0,56.0,56.0,55.666666666666664,56.142857142857146,55.0,0,5,0.8550745085896932,-0.518505144391157
"Ballygunge, Kolkata - WBPCB",2027-05-04,55.0,25.65,55.41,18.14,7.23,0.5,51.89,31.59,seasonal_forecast,30.6,74,16.9,1005.2,55.0,55.0,56.0,55.333333333333336,55.857142857142854,55.0,1,5,0.8460288880917339,-0.533137056031809
"Ballygunge, Kolkata - WBPCB",2027-05-05,55.0,25.48,54.93,18.14,7.16,0.5,51.94,31.61,seasonal_forecast,30.6,74,16.9,1005.1,55.0,55.0,55.0,55.0,55.57142857142857,55.0,2,5,0.8367329140344921,-0.5476112038402312
"Ballygunge, Kolkata - WBPCB",2027-05-06,55.0,25.32,54.46,18.13,7.08,0.49,51.98,31.62,seasonal_forecast,30.6,74,17.0,1005.0,55.0,55.0,55.0,55.0,55.42857142857143,55.0,3,5,0.8271893372462497,-0.5619233046832195
"Ballygunge, Kolkata - WBPCB",2027-05-07,55.0,25.16,54.0,18.14,7.01,0.49,52.01,31.63,seasonal_forecast,30.6,75,17.0,1004.9,55.0,55.0,55.0,55.0,55.285714285714285,54.0,4,5,0.8174009818249189,-0.5760691233798758
"Ballygunge, Kolkata - WBPCB",2027-05-08,54.0,25.01,53.55,18.15,6.94,0.49,52.01,31.65,seasonal_forecast,30.6,75,17.1,1004.8,55.0,55.0,55.0,55.0,55.142857142857146,54.0,5,5,0.8073707443023492,-0.5900444739548627
"Ballygunge, Kolkata - WBPCB",2027-05-09,54.0,24.87,53.11,18.16,6.87,0.49,52.0,31.66,seasonal_forecast,30.6,75,17.1,1004.7,54.0,55.0,55.0,54.666666666666664,54.857142857142854,54.0,6,5,0.7971015927871943,-0.6038452208771035
"Ballygunge, Kolkata - WBPCB",2027-05-10,54.0,24.74,52.68,18.17,6.8,0.48,51.97,31.68,seasonal_forecast,30.6,75,17.2,1004.6,54.0,54.0,55.0,54.333333333333336,54.714285714285715,54.0,0,5,0.7865965660866021,-0.6174672802835514
"Ballygunge, Kolkata - WBPCB",2027-05-11,54.0,24.62,52.26,18.19,6.74,0.48,51.92,31.7,seasonal_forecast,30.6,75,17.2,1004.5,54.0,54.0,54.0,54.0,54.57142857142857,54.0,1,5,0.7758587728069828,-0.6309066211876704
"Ballygunge, Kolkata - WBPCB",2027-05-12,54.0,24.5,51.85,18.21,6.68,0.48,51.85,31.72,seasonal_forecast,30.6,76,17.3,1004.4,54.0,54.0,54.0,54.0,54.42857142857143,54.0,2,5,0.7648913904341226,-0.6441592666722685
"Ballygunge, Kolkata - WBPCB",2027-05-13,54.0,24.39,51.45,18.23,6.62,0.48,51.76,31.73,seasonal_forecast,30.6,76,17.3,1004.3,54.0,54.0,54.0,54.0,54.285714285714285,54.0,3,5,0.753697664392914,-0.6572212950663319
"Ballygunge, Kolkata - WBPCB",2027-05-14,54.0,24.28,51.06,18.25,6.56,0.47,51.65,31.75,seasonal_forecast,30.6,76,17.3,1004.2,54.0,54.0,54.0,54.0,54.142857142857146,54.0,4,5,0.742280907086982,-0.6700888411055113
"Ballygunge, Kolkata - WBPCB",2027-05-15,54.0,24.18,50.68,18.27,6.5,0.47,51.52,31.78,seasonal_forecast,30.6,76,17.4,1004.1,54.0,54.0,54.0,54.0,54.0,54.0,5,5,0.7306444969184916,-0.6827580970759147
"Ballygunge, Kolkata - WBPCB",2027-05-16,54.0,24.09,50.3,18.3,6.45,0.47,51.36,31.8,seasonal_forecast,30.6,77,17.4,1004.0,54.0,54.0,54.0,54.0,54.0,54.0,6,5,0.7187918772884232,-0.6952253139408722
"Ballygunge, Kolkata - WBPCB",2027-05-17,54.0,24.0,49.94,18.32,6.4,0.47,51.19,31.82,seasonal_forecast,30.6,77,17.4,1003.9,54.0,54.0,54.0,54.0,54.0,54.0,0,5,0.7067265555776158,-0.7074868024503348
"Ballygunge, Kolkata - WBPCB",2027-05-18,54.0,23.92,49.59,18.35,6.35,0.47,51.0,31.84,seasonal_forecast,30.6,77,17.5,1003.8,54.0,54.0,54.0,54.0,54.0,54.0,1,5,0.6944521021088763,-0.719538934232584
"Ballygunge, Kolkata - WBPCB",2027-05-19,54.0,23.84,49.24,18.37,6.3,0.46,50.78,31.86,seasonal_forecast,30.6,77,17.5,1003.7,54.0,54.0,54.0,54.0,54.0,54.0,2,5,0.6819721490904629,-0.7313781428679254
"Ballygunge, Kolkata - WBPCB",2027-05-20,54.0,23.77,48.91,18.4,6.26,0.46,50.55,31.89,seasonal_forecast,30.6,77,17.5,1003.6,54.0,54.0,54.0,54.0,54.0,54.0,3,5,0.6692903895412567,-0.7430009249440493
"Ballygunge, Kolkata - WBPCB",2027-05-21,54.0,23.7,48.58,18.43,6.21,0.46,50.29,31.91,seasonal_forecast,30.6,78,17.5,1003.5,54.0,54.0,54.0,54.0,54.0,55.0,4,5,0.6564105761979381,-0.7544038410927472
"Ballygunge, Kolkata - WBPCB",2027-05-22,55.0,23.64,48.26,18.45,6.17,0.46,50.01,31.93,seasonal_forecast,30.6,78,17.5,1003.4,54.0,54.0,54.0,54.0,54.0,55.0,5,5,0.6433365204044917,-0.765583517007675
"Ballygunge, Kolkata - WBPCB",2027-05-23,55.0,23.58,47.96,18.48,6.13,0.46,49.71,31.96,seasonal_forecast,30.5,78,17.5,1003.3,55.0,54.0,54.0,54.333333333333336,54.142857142857146,55.0,6,5,0.6300720909843687,-0.7765366444428655
"Ballygunge, Kolkata - WBPCB",2027-05-24,55.0,23.52,47.66,18.5,6.09,0.46,49.39,31.98,seasonal_forecast,30.5,78,17.5,1003.2,55.0,55.0,54.0,54.666666666666664,54.285714285714285,55.0,0,5,0.6166212130956382,-0.7872599821916922
"Ballygunge, Kolkata - WBPCB",2027-05-25,55.0,23.47,47.37,18.53,6.06,0.45,49.05,32.01,seasonal_forecast,30.5,78,17.5,1003.1,55.0,55.0,55.0,55.0,54.42857142857143,55.0,1,5,0.6029878670694714,-0.7977503570459932
"Ballygunge, Kolkata - WBPCB",2027-05-26,55.0,23.42,47.09,18.55,6.03,0.45,48.69,32.03,seasonal_forecast,30.5,79,17.5,1003.0,55.0,55.0,55.0,55.0,54.57142857142857,55.0,2,5,0.5891760872322963,-0.8080046647350754
"Ballygunge, Kolkata - WBPCB",2027-05-27,55.0,23.37,46.81,18.57,5.99,0.45,48.31,32.06,seasonal_forecast,30.5,79,17.5,1002.9,55.0,55.0,55.0,55.0,54.714285714285715,55.0,3,5,0.5751899607119775,-0.8180198708443175
"Ballygunge, Kolkata - WBPCB",2027-05-28,55.0,23.32,46.55,18.59,5.96,0.45,47.91,32.08,seasonal_forecast,30.5,79,17.5,1002.8,55.0,55.0,55.0,55.0,54.857142857142854,55.0,4,5,0.5610336262283677,-0.8277930117131022
"Ballygunge, Kolkata - WBPCB",2027-05-29,55.0,23.28,46.29,18.61,5.94,0.45,47.49,32.11,seasonal_forecast,30.4,79,17.5,1002.7,55.0,55.0,55.0,55.0,55.0,55.0,5,5,0.5467112728685939,-0.8373211953118121
"Ballygunge, Kolkata - WBPCB",2027-05-30,55.0,23.24,46.04,18.63,5.91,0.45,47.06,32.14,seasonal_forecast,30.4,79,17.5,1002.6,55.0,55.0,55.0,55.0,55.0,55.0,6,5,0.5322271388474397,-0.8466016020976267
"Ballygunge, Kolkata - WBPCB",2027-05-31,55.0,23.2,45.8,18.65,5.89,0.45,46.6,32.16,seasonal_forecast,30.4,79,17.5,1002.5,55.0,55.0,55.0,55.0,55.0,55.0,0,5,0.5175855102531889,-0.8556314858488706
"Ballygunge, Kolkata - WBPCB",2027-06-01,55.0,23.16,45.57,18.67,5.86,0.44,46.13,32.19,seasonal_forecast,30.4,80,17.5,1002.4,55.0,55.0,55.0,55.0,55.0,55.0,1,6,0.5027907197793043,-0.8644081744776648
"Ballygunge, Kolkata - WBPCB",2027-06-02,55.0,23.12,45.34,18.69,5.84,0.44,45.64,32.22,seasonal_forecast,30.4,80,17.4,1002.4,55.0,55.0,55.0,55.0,55.0,55.0,2,6,0.4878471454423119,-0.8729290708206411
"Ballygunge, Kolkata - WBPCB",2027-06-03,55.0,23.09,45.13,18.71,5.82,0.44,45.13,32.25,seasonal_forecast,30.3,80,17.4,1002.3,55.0,55.0,55.0,55.0,55.0,55.0,3,6,0.47275920928627757,-0.881191653407483
"Ballygunge, Kolkata - WBPCB",2027-06-04,55.0,23.05,44.92,18.72,5.8,0.44,44.61,32.28,seasonal_forecast,30.3,80,17.4,1002.2,55.0,55.0,55.0,55.0,55.0,55.0,4,6,0.4575313760742512,-0.8891934772070711
"Ballygunge, Kolkata - WBPCB",2027-06-05,55.0,23.01,44.71,18.74,5.78,0.44,44.07,32.32,seasonal_forecast,30.3,80,17.3,1002.1,55.0,55.0,55.0,55.0,55.0,55.0,5,6,0.44216815196707204,-0.8969321743510065
"Ballygunge, Kolkata - WBPCB",2027-06-06,55.0,22.98,44.52,18.75,5.77,0.44,43.52,32.35,seasonal_forecast,30.3,80,17.3,1002.0,55.0,55.0,55.0,55.0,55.0,56.0,6,6,0.42667408318992467,-0.9044054548343001
"Ballygunge, Kolkata - WBPCB",2027-06-07,56.0,22.94,44.33,18.77,5.75,0.44,42.95,32.38,seasonal_forecast,30.2,80,17.3,1001.9,55.0,55.0,55.0,55.0,55.0,56.0,0,6,0.4110537546870351,-0.9116111071930239
"Ballygunge, Kolkata - WBPCB",2027-06-08,56.0,22.91,44.14,18.78,5.74,0.44,42.38,32.42,seasonal_forecast,30.2,81,17.2,1001.8,56.0,55.0,55.0,55.333333333333336,55.142857142857146,56.0,1,6,0.3953117887649151,-0.9185469991587165
"Ballygunge, Kolkata - WBPCB",2027-06-09,56.0,22.87,43.97,18.8,5.73,0.44,41.79,32.46,seasonal_forecast,30.2,81,17.2,1001.8,56.0,56.0,55.0,55.666666666666664,55.285714285714285,56.0,2,6,0.37945284372454435,-0.925211078289358
"Ballygunge, Kolkata - WBPCB",2027-06-10,56.0,22.84,43.79,18.82,5.72,0.44,41.19,32.5,seasonal_forecast,30.1,81,17.2,1001.7,56.0,56.0,56.0,56.0,55.42857142857143,56.0,3,6,0.36348161248290634,-0.9316013725767187
"Ballygunge, Kolkata - WBPCB",2027-06-11,56.0,22.8,43.63,18.83,5.7,0.44,40.58,32.54,seasonal_forecast,30.1,81,17.1,1001.6,56.0,56.0,56.0,56.0,55.57142857142857,56.0,4,6,0.3474028211842774,-0.9377159910299093
"Ballygunge, Kolkata - WBPCB",2027-06-12,56.0,22.76,43.47,18.85,5.69,0.44,39.96,32.58,seasonal_forecast,30.1,81,17.1,1001.5,56.0,56.0,56.0,56.0,55.714285714285715,56.0,5,6,0.3312212278016865,-0.9435531242349544
"Ballygunge, Kolkata - WBPCB",2027-06-13,56.0,22.72,43.31,18.87,5.68,0.44,39.34,32.62,seasonal_forecast,30.0,81,17.0,1001.4,56.0,56.0,56.0,56.0,55.857142857142854,55.0,6,6,0.31494162072895193,-0.9491110448902284
"Ballygunge, Kolkata - WBPCB",2027-06-14,55.0,22.68,43.16,18.89,5.68,0.44,38.7,32.67,seasonal_forecast,30.0,81,17.0,1001.4,56.0,56.0,56.0,56.0,56.0,55.0,0,6,0.2985688173637202,-0.9543881083175908
"Ballygunge, Kolkata - WBPCB",2027-06-15,55.0,22.64,43.02,18.91,5.67,0.44,38.07,32.71,seasonal_forecast,30.0,82,16.9,1001.3,55.0,56.0,56.0,55.666666666666664,55.857142857142854,55.0,1,6,0.2821076626819194,-0.9593827529490743
"Ballygunge, Kolkata - WBPCB",2027-06-16,55.0,22.6,42.87,18.94,5.66,0.44,37.42,32.76,seasonal_forecast,29.9,82,16.8,1001.2,55.0,55.0,56.0,55.333333333333336,55.714285714285715,55.0,2,6,0.26556302780405594,-0.9640935007889755
"Ballygunge, Kolkata - WBPCB",2027-06-17,55.0,22.55,42.74,18.96,5.65,0.44,36.78,32.81,seasonal_forecast,29.9,82,16.8,1001.2,55.0,55.0,55.0,55.0,55.57142857142857,55.0,3,6,0.24893980855376657,-0.9685189578512204
"Ballygunge, Kolkata - WBPCB",2027-06-18,55.0,22.5,42.6,18.99,5.64,0.44,36.13,32.87,seasonal_forecast,29.9,82,16.7,1001.1,55.0,55.0,55.0,55.0,55.42857142857143,55.0,4,6,0.23224292400907015,-0.9726578145718654
"Ballygunge, Kolkata - WBPCB",2027-06-19,55.0,22.46,42.47,19.02,5.64,0.44,35.48,32.92,seasonal_forecast,29.8,82,16.7,1001.0,55.0,55.0,55.0,55.0,55.285714285714285,55.0,5,6,0.21547731504673012,-0.976508846196619
"Ballygunge, Kolkata - WBPCB",2027-06-20,55.0,22.4,42.35,19.06,5.63,0.44,34.83,32.98,seasonal_forecast,29.8,82,16.6,1001.0,55.0,55.0,55.0,55.0,55.142857142857146,55.0,6,6,0.19864794288017112,-0.9800709131432666
"Ballygunge, Kolkata - WBPCB",2027-06-21,55.0,22.35,42.22,19.1,5.62,0.44,34.18,33.04,seasonal_forecast,29.7,82,16.5,1000.9,55.0,55.0,55.0,55.0,55.0,55.0,0,6,0.18175978759137534,-0.9833429613388902
"Ballygunge, Kolkata - WBPCB",2027-06-22,55.0,22.3,42.1,19.14,5.61,0.44,33.53,33.1,seasonal_forecast,29.7,82,16.5,1000.8,55.0,55.0,55.0,55.0,55.0,55.0,1,6,0.16481784665719793,-0.9863240225317866
"Ballygunge, Kolkata - WBPCB",2027-06-23,55.0,22.24,41.98,19.18,5.6,0.44,32.89,33.17,seasonal_forecast,29.7,82,16.4,1000.8,55.0,55.0,55.0,55.0,55.0,54.0,2,6,0.14782713347053048,-0.9890132145779883
"Ballygunge, Kolkata - WBPCB",2027-06-24,54.0,22.18,41.86,19.23,5.6,0.44,32.25,33.24,seasonal_forecast,29.6,83,16.3,1000.7,55.0,55.0,55.0,55.0,55.0,54.0,3,6,0.13079267585675922,-0.9914097417023038
"Ballygunge, Kolkata - WBPCB",2027-06-25,54.0,22.11,41.74,19.29,5.59,0.45,31.61,33.31,seasonal_forecast,29.6,83,16.3,1000.7,54.0,55.0,55.0,54.666666666666664,54.857142857142854,54.0,4,6,0.11371951458594969,-0.9935128947338007
"Ballygunge, Kolkata - WBPCB",2027-06-26,54.0,22.05,41.63,19.35,5.58,0.45,30.98,33.38,seasonal_forecast,29.5,83,16.2,1000.6,54.0,54.0,55.0,54.333333333333336,54.714285714285715,54.0,5,6,0.0966127018812031,-0.9953220513156602
"Ballygunge, Kolkata - WBPCB",2027-06-27,54.0,21.98,41.52,19.41,5.57,0.45,30.36,33.46,seasonal_forecast,29.5,83,16.1,1000.6,54.0,54.0,54.0,54.0,54.57142857142857,54.0,6,6,0.07947729992362097,-0.9968366760893436
"Ballygunge, Kolkata - WBPCB",2027-06-28,54.0,21.91,41.4,19.48,5.56,0.45,29.75,33.54,seasonal_forecast,29.5,83,16.1,1000.5,54.0,54.0,54.0,54.0,54.42857142857143,54.0,0,6,0.062318379354325076,-0.998056320853012
"Ballygunge, Kolkata - WBPCB",2027-06-29,54.0,21.84,41.29,19.56,5.55,0.45,29.14,33.62,seasonal_forecast,29.4,83,16.0,1000.5,54.0,54.0,54.0,54.0,54.285714285714285,53.0,1,6,0.04514101777397193,-0.9989806246941579
"Ballygunge, Kolkata - WBPCB",2027-06-30,53.0,21.76,41.18,19.64,5.54,0.45,28.55,33.71,seasonal_forecast,29.4,83,15.9,1000.4,54.0,54.0,54.0,54.0,54.142857142857146,53.0,2,6,0.02795029824021032,-0.999609314096404
"Ballygunge, Kolkata - WBPCB",2027-07-01,53.0,21.68,41.06,19.73,5.53,0.46,27.97,33.79,seasonal_forecast,29.3,83,15.9,1000.4,53.0,54.0,54.0,53.666666666666664,53.857142857142854,53.0,3,7,0.01075130776352193,-0.9999422030204416
"Ballygunge, Kolkata - WBPCB",2027-07-02,53.0,21.6,40.95,19.82,5.51,0.46,27.4,33.89,seasonal_forecast,29.3,83,15.8,1000.3,53.0,53.0,54.0,53.333333333333336,53.714285714285715,53.0,4,7,-0.00645086419810515,-0.9999791929590823
"Ballygunge, Kolkata - WBPCB",2027-07-03,53.0,21.52,40.84,19.93,5.5,0.46,26.85,33.98,seasonal_forecast,29.2,84,15.7,1000.3,53.0,53.0,53.0,53.0,53.57142857142857,52.0,5,7,-0.023651127245231586,-0.9997202729664083
"Ballygunge, Kolkata - WBPCB",2027-07-04,52.0,21.43,40.73,20.03,5.48,0.46,26.3,34.08,seasonal_forecast,29.2,84,15.7,1000.3,53.0,53.0,53.0,53.0,53.42857142857143,52.0,6,7,-0.04084439154329611,-0.9991655196610109
"Ballygunge, Kolkata - WBPCB",2027-07-05,52.0,21.35,40.61,20.15,5.47,0.46,25.78,34.18,seasonal_forecast,29.2,84,15.6,1000.2,52.0,53.0,53.0,52.666666666666664,53.142857142857146,52.0,0,7,-0.05802556932878035,-0.9983150972033183
"Ballygunge, Kolkata - WBPCB",2027-07-06,52.0,21.25,40.5,20.27,5.45,0.47,25.27,34.28,seasonal_forecast,29.1,84,15.5,1000.2,52.0,52.0,53.0,52.333333333333336,52.857142857142854,51.0,1,7,-0.07518957641475855,-0.9971692572470178
"Ballygunge, Kolkata - WBPCB",2027-07-07,51.0,21.16,40.38,20.4,5.43,0.47,24.77,34.38,seasonal_forecast,29.1,84,15.5,1000.2,52.0,52.0,52.0,52.0,52.57142857142857,51.0,2,7,-0.09233133369539122,-0.9957283388645872
"Ballygunge, Kolkata - WBPCB",2027-07-08,51.0,21.07,40.26,20.54,5.41,0.47,24.3,34.49,seasonal_forecast,29.0,84,15.4,1000.1,51.0,52.0,52.0,51.666666666666664,52.285714285714285,51.0,3,7,-0.10944576864891556,-0.993992768446958
"Ballygunge, Kolkata - WBPCB",2027-07-09,51.0,20.97,40.14,20.68,5.39,0.47,23.84,34.6,seasonal_forecast,29.0,84,15.3,1000.1,51.0,51.0,52.0,51.333333333333336,52.0,50.0,4,7,-0.12652781683868314,-0.9919630595773397
"Ballygunge, Kolkata - WBPCB",2027-07-10,50.0,20.87,40.02,20.83,5.37,0.48,23.4,34.72,seasonal_forecast,28.9,84,15.3,1000.1,51.0,51.0,51.0,51.0,51.714285714285715,50.0,5,7,-0.1435724234118113,-0.9896398128792412
"Ballygunge, Kolkata - WBPCB",2027-07-11,50.0,20.77,39.9,20.99,5.35,0.48,22.98,34.84,seasonal_forecast,28.9,84,15.2,1000.1,50.0,51.0,51.0,50.666666666666664,51.285714285714285,50.0,6,7,-0.16057454459499376,-0.9870237158387383
"Ballygunge, Kolkata - WBPCB",2027-07-12,50.0,20.67,39.77,21.16,5.33,0.48,22.59,34.95,seasonal_forecast,28.9,84,15.1,1000.1,50.0,50.0,51.0,50.333333333333336,51.0,49.0,0,7,-0.17752914918703497,-0.984115542601034
"Ballygunge, Kolkata - WBPCB",2027-07-13,49.0,20.56,39.64,21.34,5.3,0.48,22.21,35.08,seasonal_forecast,28.8,85,15.1,1000.1,50.0,50.0,50.0,50.0,50.714285714285715,49.0,1,7,-0.19443122004766195,-0.9809161537413774
"Ballygunge, Kolkata - WBPCB",2027-07-14,49.0,20.46,39.52,21.52,5.28,0.49,21.85,35.2,seasonal_forecast,28.8,85,15.0,1000.1,49.0,50.0,50.0,49.666666666666664,50.285714285714285,49.0,2,7,-0.2112757555821793,-0.9774264960104055
"Ballygunge, Kolkata - WBPCB",2027-07-15,49.0,20.35,39.39,21.72,5.25,0.49,21.52,35.33,seasonal_forecast,28.7,85,15.0,1000.1,49.0,49.0,50.0,49.333333333333336,50.0,48.0,3,7,-0.2280577712215198,-0.9736476020539838
"Ballygunge, Kolkata - WBPCB",2027-07-16,48.0,20.24,39.25,21.92,5.22,0.49,21.21,35.45,seasonal_forecast,28.7,85,14.9,1000.1,49.0,49.0,49.0,49.0,49.714285714285715,48.0,4,7,-0.24477230089725957,-0.9695805901076308
"Ballygunge, Kolkata - WBPCB",2027-07-17,48.0,20.13,39.12,22.12,5.19,0.49,20.92,35.58,seasonal_forecast,28.6,85,14.9,1000.1,48.0,49.0,49.0,48.666666666666664,49.285714285714285,47.0,5,7,-0.2614143985111562,-0.965226663665613
"Ballygunge, Kolkata - WBPCB",2027-07-18,47.0,20.03,38.98,22.34,5.16,0.5,20.65,35.72,seasonal_forecast,28.6,85,14.8,1000.1,48.0,48.0,49.0,48.333333333333336,49.0,47.0,6,7,-0.2779791393987801,-0.9605871111248129
"Ballygunge, Kolkata - WBPCB",2027-07-19,47.0,19.92,38.84,22.56,5.13,0.5,20.41,35.85,seasonal_forecast,28.6,85,14.8,1000.1,47.0,48.0,48.0,47.666666666666664,48.57142857142857,47.0,0,7,-0.2944616217868012,-0.9556633054034704
"Ballygunge, Kolkata - WBPCB",2027-07-20,47.0,19.81,38.7,22.79,5.09,0.5,20.19,35.98,seasonal_forecast,28.5,85,14.7,1000.1,47.0,47.0,48.0,47.333333333333336,48.142857142857146,46.0,1,7,-0.3108569682435036,-0.9504567035349151
"Ballygunge, Kolkata - WBPCB",2027-07-21,46.0,19.7,38.56,23.03,5.06,0.51,20.0,36.12,seasonal_forecast,28.5,85,14.7,1000.1,47.0,47.0,47.0,47.0,47.857142857142854,46.0,2,7,-0.3271603271220951,-0.9449688462364056
"Ballygunge, Kolkata - WBPCB",2027-07-22,46.0,19.59,38.42,23.28,5.03,0.51,19.83,36.26,seasonal_forecast,28.5,86,14.6,1000.1,46.0,47.0,47.0,46.666666666666664,47.42857142857143,45.0,3,7,-0.34336687399638804,-0.939201357453208
"Ballygunge, Kolkata - WBPCB",2027-07-23,45.0,19.48,38.28,23.53,4.99,0.51,19.68,36.4,seasonal_forecast,28.4,86,14.6,1000.1,46.0,46.0,47.0,46.333333333333336,47.0,45.0,4,7,-0.3594718130884232,-0.9331559438780432
"Ballygunge, Kolkata - WBPCB",2027-07-24,45.0,19.37,38.13,23.79,4.95,0.52,19.55,36.53,seasonal_forecast,28.4,86,14.5,1000.1,45.0,46.0,46.0,45.666666666666664,46.57142857142857,45.0,5,7,-0.3754703786876202,-0.9268343944460494
"Ballygunge, Kolkata - WBPCB",2027-07-25,45.0,19.27,37.99,24.06,4.91,0.52,19.45,36.67,seasonal_forecast,28.3,86,14.5,1000.2,45.0,45.0,46.0,45.333333333333336,46.142857142857146,44.0,6,7,-0.3913578365610259,-0.9202385798054075
"Ballygunge, Kolkata - WBPCB",2027-07-26,44.0,19.16,37.85,24.33,4.87,0.52,19.38,36.81,seasonal_forecast,28.3,86,14.4,1000.2,45.0,45.0,45.0,45.0,45.857142857142854,44.0,0,7,-0.4071294853542516,-0.9133704517637858
"Ballygunge, Kolkata - WBPCB",2027-07-27,44.0,19.06,37.7,24.61,4.83,0.53,19.32,36.95,seasonal_forecast,28.3,86,14.4,1000.2,44.0,45.0,45.0,44.666666666666664,45.42857142857143,44.0,1,7,-0.4227806579826773,-0.9062320427107697
"Ballygunge, Kolkata - WBPCB",2027-07-28,44.0,18.96,37.56,24.89,4.79,0.53,19.29,37.09,seasonal_forecast,28.3,86,14.4,1000.3,44.0,44.0,45.0,44.333333333333336,45.0,43.0,2,7,-0.4383067230125192,-0.898825465016444
"Ballygunge, Kolkata - WBPCB",2027-07-29,43.0,18.86,37.41,25.18,4.75,0.53,19.29,37.23,seasonal_forecast,28.2,86,14.3,1000.3,44.0,44.0,44.0,44.0,44.714285714285715,43.0,3,7,-0.45370308603134424,-0.8911529104063088
"Ballygunge, Kolkata - WBPCB",2027-07-30,43.0,18.76,37.27,25.48,4.71,0.54,19.3,37.37,seasonal_forecast,28.2,86,14.3,1000.3,43.0,44.0,44.0,43.666666666666664,44.285714285714285,43.0,4,7,-0.46896519100763184,-0.8832166493127127
"Ballygunge, Kolkata - WBPCB",2027-07-31,43.0,18.67,37.13,25.78,4.67,0.54,19.34,37.51,seasonal_forecast,28.2,87,14.3,1000.4,43.0,43.0,44.0,43.333333333333336,44.0,42.0,5,7,-0.48408852163897587,-0.8750190302029955
"Ballygunge, Kolkata - WBPCB",2027-08-01,42.0,18.58,36.99,26.08,4.62,0.54,19.4,37.64,seasonal_forecast,28.1,87,14.2,1000.4,43.0,43.0,43.0,43.0,43.714285714285715,42.0,6,8,-0.4990686026885319,-0.8665624788845385
"Ballygunge, Kolkata - WBPCB",2027-08-02,42.0,18.5,36.86,26.39,4.58,0.55,19.48,37.78,seasonal_forecast,28.1,87,14.2,1000.5,42.0,43.0,43.0,42.666666666666664,43.285714285714285,42.0,0,8,-0.5139010013093103,-0.8578494977869301
"Ballygunge, Kolkata - WBPCB",2027-08-03,42.0,18.41,36.73,26.7,4.53,0.55,19.58,37.91,seasonal_forecast,28.1,87,14.2,1000.5,42.0,42.0,43.0,42.333333333333336,43.0,41.0,1,8,-0.5285813283559292,-0.8488826652214553
"Ballygunge, Kolkata - WBPCB",2027-08-04,41.0,18.34,36.6,27.02,4.49,0.55,19.7,38.04,seasonal_forecast,28.1,87,14.2,1000.6,42.0,42.0,42.0,42.0,42.714285714285715,41.0,2,8,-0.5431052396834317,-0.8396646346181327
"Ballygunge, Kolkata - WBPCB",2027-08-05,41.0,18.27,36.47,27.33,4.45,0.55,19.84,38.17,seasonal_forecast,28.1,87,14.1,1000.6,41.0,42.0,42.0,41.666666666666664,42.285714285714285,41.0,3,8,-0.5574684374327892,-0.8301981337405212
"Ballygunge, Kolkata - WBPCB",2027-08-06,41.0,18.2,36.36,27.65,4.4,0.56,20.0,38.3,seasonal_forecast,28.0,87,14.1,1000.7,41.0,41.0,42.0,41.333333333333336,42.0,40.0,4,8,-0.5716666713027052,-0.8204859638785327
"Ballygunge, Kolkata - WBPCB",2027-08-07,40.0,18.14,36.24,27.97,4.36,0.56,20.18,38.42,seasonal_forecast,28.0,87,14.1,1000.7,41.0,41.0,41.0,41.0,41.714285714285715,40.0,5,8,-0.5856957398073508,-0.8105309990194823
"Ballygunge, Kolkata - WBPCB",2027-08-08,40.0,18.08,36.14,28.3,4.31,0.56,20.38,38.54,seasonal_forecast,28.0,87,14.1,1000.8,40.0,41.0,41.0,40.666666666666664,41.285714285714285,40.0,6,8,-0.5995514915196489,-0.8003361849976323
"Ballygunge, Kolkata - WBPCB",2027-08-09,40.0,18.04,36.04,28.62,4.27,0.57,20.59,38.66,seasonal_forecast,28.0,88,14.1,1000.9,40.0,40.0,41.0,40.333333333333336,41.0,40.0,0,8,-0.6132298262997502,-0.7899045386224707
"Ballygunge, Kolkata - WBPCB",2027-08-10,40.0,17.99,35.95,28.94,4.22,0.57,20.82,38.77,seasonal_forecast,28.0,88,14.0,1000.9,40.0,40.0,40.0,40.0,40.714285714285715,40.0,1,8,-0.6267266965083301,-0.7792391467859886
"Ballygunge, Kolkata - WBPCB",2027-08-11,40.0,17.96,35.86,29.27,4.18,0.57,21.06,38.88,seasonal_forecast,28.0,88,14.0,1001.0,40.0,40.0,40.0,40.0,40.42857142857143,39.0,2,8,-0.6400381082043503,-0.7683431655492202
"Ballygunge, Kolkata - WBPCB",2027-08-12,39.0,17.93,35.79,29.59,4.14,0.58,21.32,38.99,seasonal_forecast,28.0,88,14.0,1001.1,40.0,40.0,40.0,40.0,40.285714285714285,39.0,3,8,-0.65316012232693,-0.7572198192083127
"Ballygunge, Kolkata - WBPCB",2027-08-13,39.0,17.91,35.73,29.91,4.1,0.58,21.59,39.09,seasonal_forecast,27.9,88,14.0,1001.2,39.0,40.0,40.0,39.666666666666664,40.0,39.0,4,8,-0.666088855860977,-0.7458723993404063
"Ballygunge, Kolkata - WBPCB",2027-08-14,39.0,17.9,35.68,30.23,4.05,0.58,21.88,39.19,seasonal_forecast,27.9,88,14.0,1001.2,39.0,39.0,40.0,39.333333333333336,39.714285714285715,39.0,5,8,-0.6788204829862355,-0.734304263829602
"Ballygunge, Kolkata - WBPCB",2027-08-15,39.0,17.9,35.64,30.54,4.01,0.59,22.17,39.28,seasonal_forecast,27.9,88,14.0,1001.3,39.0,39.0,39.0,39.0,39.57142857142857,39.0,6,8,-0.6913512362094071,-0.722518835873311
"Ballygunge, Kolkata - WBPCB",2027-08-16,39.0,17.91,35.61,30.86,3.97,0.59,22.48,39.37,seasonal_forecast,27.9,88,14.0,1001.4,39.0,39.0,39.0,39.0,39.42857142857143,39.0,0,8,-0.7036774074790128,-0.7105196029692745
"Ballygunge, Kolkata - WBPCB",2027-08-17,39.0,17.93,35.59,31.17,3.94,0.59,22.79,39.45,seasonal_forecast,27.9,88,14.0,1001.5,39.0,39.0,39.0,39.0,39.285714285714285,39.0,1,8,-0.7157953492826642,-0.6983101158835584
"Ballygunge, Kolkata - WBPCB",2027-08-18,39.0,17.95,35.6,31.47,3.9,0.59,23.12,39.52,seasonal_forecast,27.9,88,14.0,1001.6,39.0,39.0,39.0,39.0,39.142857142857146,39.0,2,8,-0.7277014757264236,-0.6858939875998223
"Ballygunge, Kolkata - WBPCB",2027-08-19,39.0,17.99,35.61,31.77,3.86,0.6,23.45,39.59,seasonal_forecast,27.9,88,13.9,1001.7,39.0,39.0,39.0,39.0,39.0,39.0,3,8,-0.7393922635959241,-0.673274892250183
"Ballygunge, Kolkata - WBPCB",2027-08-20,39.0,18.04,35.64,32.07,3.83,0.6,23.79,39.66,seasonal_forecast,27.9,88,13.9,1001.8,39.0,39.0,39.0,39.0,39.0,39.0,4,8,-0.7508642533989489,-0.6604565640279754
"Ballygunge, Kolkata - WBPCB",2027-08-21,39.0,18.1,35.69,32.36,3.79,0.6,24.13,39.72,seasonal_forecast,27.9,88,13.9,1001.9,39.0,39.0,39.0,39.0,39.0,39.0,5,8,-0.7621140503891487,-0.6474427960827475
"Ballygunge, Kolkata - WBPCB",2027-08-22,39.0,18.17,35.76,32.64,3.76,0.61,24.48,39.77,seasonal_forecast,27.9,88,13.9,1002.0,39.0,39.0,39.0,39.0,39.0,39.0,6,8,-0.7731383255706026,-0.6342374393978054
"Ballygunge, Kolkata - WBPCB",2027-08-23,39.0,18.26,35.85,32.92,3.73,0.61,24.83,39.81,seasonal_forecast,27.9,88,13.9,1002.1,39.0,39.0,39.0,39.0,39.0,40.0,0,8,-0.7839338166829201,-0.620844401650647
"Ballygunge, Kolkata - WBPCB",2027-08-24,40.0,18.35,35.96,33.19,3.7,0.61,25.18,39.85,seasonal_forecast,28.0,88,13.9,1002.2,39.0,39.0,39.0,39.0,39.0,40.0,1,8,-0.7944973291665992,-0.6072676460566135
"Ballygunge, Kolkata - WBPCB",2027-08-25,40.0,18.46,36.09,33.45,3.68,0.62,25.54,39.88,seasonal_forecast,28.0,88,13.9,1002.3,40.0,39.0,39.0,39.333333333333336,39.142857142857146,40.0,2,8,-0.8048257371083452,-0.593511190196115
"Ballygunge, Kolkata - WBPCB",2027-08-26,40.0,18.58,36.24,33.7,3.65,0.62,25.89,39.9,seasonal_forecast,28.0,89,13.9,1002.4,40.0,40.0,39.0,39.666666666666664,39.285714285714285,40.0,3,8,-0.8149159841660791,-0.5795791048257612
"Ballygunge, Kolkata - WBPCB",2027-08-27,40.0,18.72,36.41,33.95,3.63,0.62,26.25,39.92,seasonal_forecast,28.0,89,13.9,1002.5,40.0,40.0,40.0,40.0,39.42857142857143,41.0,4,8,-0.8247650844733614,-0.5654755126737576
"Ballygunge, Kolkata - WBPCB",2027-08-28,41.0,18.86,36.61,34.19,3.61,0.62,26.6,39.93,seasonal_forecast,28.0,89,13.9,1002.6,40.0,40.0,40.0,40.0,39.57142857142857,41.0,5,8,-0.8343701235229537,-0.5512045872199277
"Ballygunge, Kolkata - WBPCB",2027-08-29,41.0,19.03,36.83,34.41,3.59,0.63,26.95,39.93,seasonal_forecast,28.0,89,13.9,1002.7,41.0,40.0,40.0,40.333333333333336,39.857142857142854,41.0,6,8,-0.8437282590292712,-0.5367705514607103
"Ballygunge, Kolkata - WBPCB",2027-08-30,41.0,19.2,37.08,34.63,3.58,0.63,27.29,39.92,seasonal_forecast,28.0,88,13.9,1002.8,41.0,41.0,40.0,40.666666666666664,40.142857142857146,42.0,0,8,-0.8528367217694595,-0.522177676659508
"Ballygunge, Kolkata - WBPCB",2027-08-31,42.0,19.4,37.35,34.83,3.57,0.63,27.63,39.91,seasonal_forecast,28.0,88,13.9,1002.9,41.0,41.0,41.0,41.0,40.42857142857143,42.0,1,8,-0.8616928164028521,-0.5074302810827518
"Ballygunge, Kolkata - WBPCB",2027-09-01,42.0,19.6,37.66,35.03,3.56,0.64,27.97,39.89,seasonal_forecast,28.1,88,13.9,1003.1,42.0,41.0,41.0,41.333333333333336,40.714285714285715,43.0,2,9,-0.8702939222685674,-0.49253272872205434
"Ballygunge, Kolkata - WBPCB",2027-09-02,43.0,19.83,37.99,35.21,3.55,0.64,28.3,39.86,seasonal_forecast,28.1,88,13.8,1003.2,42.0,42.0,41.0,41.666666666666664,41.0,43.0,3,9,-0.8786374941610001,-0.4774894280028391
"Ballygunge, Kolkata - WBPCB",2027-09-03,43.0,20.06,38.35,35.39,3.54,0.64,28.62,39.82,seasonal_forecast,28.1,88,13.8,1003.3,43.0,42.0,42.0,42.333333333333336,41.42857142857143,44.0,4,9,-0.886721063082993,-0.46230483047981086
"Ballygunge, Kolkata - WBPCB",2027-09-04,44.0,20.32,38.74,35.55,3.54,0.65,28.93,39.77,seasonal_forecast,28.1,88,13.8,1003.4,43.0,43.0,42.0,42.666666666666664,41.857142857142854,44.0,5,9,-0.8945422369764496,-0.4469834295196741
"Ballygunge, Kolkata - WBPCB",2027-09-05,44.0,20.59,39.16,35.7,3.54,0.65,29.23,39.72,seasonal_forecast,28.1,88,13.8,1003.5,44.0,43.0,43.0,43.333333333333336,42.285714285714285,45.0,6,9,-0.9020987014301837,-0.43152975897147144
"Ballygunge, Kolkata - WBPCB",2027-09-06,45.0,20.88,39.61,35.83,3.55,0.66,29.53,39.66,seasonal_forecast,28.1,88,13.8,1003.7,44.0,44.0,43.0,43.666666666666664,42.714285714285715,46.0,0,9,-0.9093882203647925,-0.4159483918249421
"Ballygunge, Kolkata - WBPCB",2027-09-07,46.0,21.18,40.1,35.96,3.55,0.66,29.81,39.59,seasonal_forecast,28.2,88,13.8,1003.8,45.0,44.0,44.0,44.333333333333336,43.285714285714285,46.0,1,9,-0.9164086366943458,-0.4002439388573056
"Ballygunge, Kolkata - WBPCB",2027-09-08,46.0,21.5,40.62,36.07,3.56,0.66,30.08,39.51,seasonal_forecast,28.2,88,13.8,1003.9,46.0,45.0,44.0,45.0,43.857142857142854,47.0,2,9,-0.9231578729647039,-0.38442104726885545
"Ballygunge, Kolkata - WBPCB",2027-09-09,47.0,21.84,41.17,36.17,3.58,0.67,30.34,39.43,seasonal_forecast,28.2,88,13.7,1004.0,46.0,46.0,45.0,45.666666666666664,44.42857142857143,48.0,3,9,-0.9296339319682695,-0.3684843993077793
"Ballygunge, Kolkata - WBPCB",2027-09-10,48.0,22.19,41.76,36.25,3.59,0.67,30.58,39.33,seasonal_forecast,28.2,88,13.7,1004.2,47.0,46.0,46.0,46.333333333333336,45.0,49.0,4,9,-0.9358348973349941,-0.35243871088460327
"Ballygunge, Kolkata - WBPCB",2027-09-11,49.0,22.57,42.38,36.33,3.61,0.68,30.82,39.23,seasonal_forecast,28.2,88,13.7,1004.3,48.0,47.0,46.0,47.0,45.714285714285715,50.0,5,9,-0.9417589340994617,-0.33628873017668287
"Ballygunge, Kolkata - WBPCB",2027-09-12,50.0,22.96,43.04,36.39,3.63,0.68,31.03,39.12,seasonal_forecast,28.3,88,13.7,1004.4,49.0,48.0,47.0,48.0,46.42857142857143,51.0,6,9,-0.9474042892438845,-0.32003923622313857
"Ballygunge, Kolkata - WBPCB",2027-09-13,51.0,23.37,43.74,36.43,3.66,0.69,31.24,39.0,seasonal_forecast,28.3,87,13.7,1004.6,50.0,49.0,48.0,49.0,47.285714285714285,52.0,0,9,-0.9527692922168511,-0.30369503751065885
"Ballygunge, Kolkata - WBPCB",2027-09-14,52.0,23.79,44.47,36.47,3.69,0.69,31.43,38.88,seasonal_forecast,28.3,87,13.6,1004.7,51.0,50.0,49.0,50.0,48.142857142857146,53.0,1,9,-0.9578523554276669,-0.28726097055059635
"Ballygunge, Kolkata - WBPCB",2027-09-15,53.0,24.24,45.24,36.49,3.72,0.7,31.6,38.75,seasonal_forecast,28.3,87,13.6,1004.8,52.0,51.0,50.0,51.0,49.0,54.0,2,9,-0.9626519747161487,-0.2707418984477642
"Ballygunge, Kolkata - WBPCB",2027-09-16,54.0,24.7,46.05,36.5,3.75,0.71,31.75,38.61,seasonal_forecast,28.3,87,13.6,1005.0,53.0,52.0,51.0,52.0,50.0,55.0,3,9,-0.9671667297977312,-0.2541427094613622
"Ballygunge, Kolkata - WBPCB",2027-09-17,55.0,25.18,46.9,36.49,3.79,0.71,31.89,38.47,seasonal_forecast,28.4,87,13.5,1005.1,54.0,53.0,52.0,53.0,51.0,56.0,4,9,-0.97139528468375,-0.23746831555846842
"Ballygunge, Kolkata - WBPCB",2027-09-18,56.0,25.68,47.79,36.47,3.83,0.72,32.02,38.31,seasonal_forecast,28.4,87,13.5,1005.2,55.0,54.0,53.0,54.0,52.0,57.0,5,9,-0.9753363880767837,-0.2207236509605022
"Ballygunge, Kolkata - WBPCB",2027-09-19,57.0,26.2,48.71,36.44,3.88,0.72,32.13,38.16,seasonal_forecast,28.4,86,13.5,1005.4,56.0,55.0,54.0,55.0,53.0,59.0,6,9,-0.9789888737409319,-0.20391367068311472
"Ballygunge, Kolkata - WBPCB",2027-09-20,59.0,26.73,49.68,36.4,3.93,0.73,32.22,37.99,seasonal_forecast,28.4,86,13.4,1005.5,57.0,56.0,55.0,56.0,54.0,60.0,0,9,-0.9823516608469237,-0.18704334906991657
"Ballygunge, Kolkata - WBPCB",2027-09-21,60.0,27.29,50.68,36.35,3.98,0.74,32.29,37.82,seasonal_forecast,28.4,86,13.4,1005.6,59.0,57.0,56.0,57.333333333333336,55.142857142857146,61.0,1,9,-0.9854237542919524,-0.17011767832049052
"Ballygunge, Kolkata - WBPCB",2027-09-22,61.0,27.86,51.73,36.28,4.03,0.75,32.34,37.64,seasonal_forecast,28.4,86,13.3,1005.8,60.0,59.0,57.0,58.666666666666664,56.285714285714285,63.0,2,9,-0.9882042449941422,-0.15314166701312007
"Ballygunge, Kolkata - WBPCB",2027-09-23,63.0,28.45,52.81,36.2,4.09,0.75,32.38,37.46,seasonal_forecast,28.4,86,13.3,1005.9,61.0,60.0,59.0,60.0,57.42857142857143,64.0,3,9,-0.9906923101615609,-0.13612033862266704
"Ballygunge, Kolkata - WBPCB",2027-09-24,64.0,29.06,53.94,36.11,4.15,0.76,32.4,37.28,seasonal_forecast,28.4,85,13.2,1006.0,63.0,61.0,60.0,61.333333333333336,58.714285714285715,65.0,4,9,-0.9928872135356962,-0.11905873003404988
"Ballygunge, Kolkata - WBPCB",2027-09-25,65.0,29.69,55.11,36.01,4.22,0.77,32.41,37.08,seasonal_forecast,28.4,85,13.2,1006.2,64.0,63.0,61.0,62.666666666666664,60.0,67.0,5,9,-0.994788305609327,-0.10196189005174576
"Ballygunge, Kolkata - WBPCB",2027-09-26,67.0,30.33,56.31,35.9,4.28,0.78,32.39,36.89,seasonal_forecast,28.4,85,13.1,1006.3,65.0,64.0,63.0,64.0,61.285714285714285,68.0,6,9,-0.9963950238187231,-0.08483487790576538
"Ballygunge, Kolkata - WBPCB",2027-09-27,68.0,31.0,57.56,35.78,4.35,0.79,32.36,36.69,seasonal_forecast,28.4,85,13.1,1006.4,67.0,65.0,64.0,65.33333333333333,62.714285714285715,70.0,0,9,-0.9977068927101168,-0.06768276175455162
"Ballygunge, Kolkata - WBPCB",2027-09-28,70.0,31.68,58.85,35.65,4.43,0.8,32.32,36.48,seasonal_forecast,28.4,84,13.0,1006.6,68.0,67.0,65.0,66.66666666666667,64.0,72.0,1,9,-0.9987235240803972,-0.050510617185222886
"Ballygunge, Kolkata - WBPCB",2027-09-29,72.0,32.38,60.17,35.51,4.5,0.81,32.25,36.27,seasonal_forecast,28.4,84,13.0,1006.7,70.0,68.0,67.0,68.33333333333333,65.42857142857143,73.0,2,9,-0.9994446170919858,-0.033323525711631344
"Ballygunge, Kolkata - WBPCB",2027-09-30,73.0,33.09,61.54,35.36,4.58,0.82,32.18,36.06,seasonal_forecast,28.4,84,12.9,1006.8,72.0,70.0,68.0,70.0,67.0,75.0,3,9,-0.9998699583618592,-0.016126573270657762
"Ballygunge, Kolkata - WBPCB",2027-10-01,75.0,33.82,62.94,35.21,4.66,0.83,32.08,35.85,seasonal_forecast,28.4,83,12.8,1007.0,73.0,72.0,70.0,71.66666666666667,68.42857142857143,77.0,4,10,-0.9999994220246925,0.001075151282798226
"Ballygunge, Kolkata - WBPCB",2027-10-02,77.0,34.57,64.38,35.05,4.75,0.84,31.97,35.63,seasonal_forecast,28.4,83,12.8,1007.1,75.0,73.0,72.0,73.33333333333333,70.0,78.0,5,10,-0.999832969770105,0.018276557681691223
"Ballygunge, Kolkata - WBPCB",2027-10-03,78.0,35.34,65.86,34.87,4.84,0.85,31.85,35.41,seasonal_forecast,28.4,83,12.7,1007.3,77.0,75.0,73.0,75.0,71.71428571428571,80.0,6,10,-0.9993706508539969,0.03547255575312556
"Ballygunge, Kolkata - WBPCB",2027-10-04,80.0,36.12,67.38,34.7,4.92,0.86,31.71,35.19,seasonal_forecast,28.4,82,12.6,1007.4,78.0,77.0,75.0,76.66666666666667,73.28571428571429,82.0,0,10,-0.9986126020839734,0.052658056924614005
"Bidhannagar, Kolkata - WBPCB",2026-10-05,63.0,28.08,64.23,17.97,8.58,0.51,26.19,26.09,seasonal_forecast,28.4,82,12.3,1007.2,61.0,60.0,59.0,60.0,58.0,64.0,0,10,-0.9975590477788613,0.06982797572987089
"Bidhannagar, Kolkata - WBPCB",2026-10-06,64.0,28.66,65.46,18.05,8.59,0.52,26.25,26.24,seasonal_forecast,28.4,82,12.2,1007.4,63.0,61.0,60.0,61.333333333333336,59.142857142857146,65.0,1,10,-0.9962102997023297,0.0869772313136861
"Bidhannagar, Kolkata - WBPCB",2026-10-07,65.0,29.25,66.71,18.12,8.59,0.53,26.31,26.4,seasonal_forecast,28.4,82,12.1,1007.5,64.0,63.0,61.0,62.666666666666664,60.285714285714285,66.0,2,10,-0.9945667569706337,0.1041007489354256
"Bidhannagar, Kolkata - WBPCB",2026-10-08,66.0,29.86,67.99,18.2,8.58,0.54,26.36,26.56,seasonal_forecast,28.3,81,12.1,1007.6,65.0,64.0,63.0,64.0,61.42857142857143,68.0,3,10,-0.9926289059345095,0.121193461470736
"Bidhannagar, Kolkata - WBPCB",2026-10-09,68.0,30.49,69.29,18.27,8.58,0.55,26.41,26.72,seasonal_forecast,28.3,81,12.0,1007.8,66.0,65.0,64.0,65.0,62.57142857142857,69.0,4,10,-0.9903973200352558,0.1382503109109819
"Bidhannagar, Kolkata - WBPCB",2026-10-10,69.0,31.14,70.61,18.34,8.58,0.56,26.46,26.88,seasonal_forecast,28.3,81,11.9,1007.9,68.0,66.0,65.0,66.33333333333333,63.857142857142854,71.0,5,10,-0.9878726596350429,0.15526624985999563
"Bidhannagar, Kolkata - WBPCB",2026-10-11,71.0,31.81,71.95,18.41,8.57,0.57,26.5,27.04,seasonal_forecast,28.3,80,11.8,1008.0,69.0,68.0,66.0,67.66666666666667,65.14285714285714,72.0,6,10,-0.9850556718215013,0.172236243027682
"Bidhannagar, Kolkata - WBPCB",2026-10-12,72.0,32.5,73.31,18.47,8.56,0.58,26.54,27.21,seasonal_forecast,28.2,80,11.7,1008.1,71.0,69.0,68.0,69.33333333333333,66.57142857142857,74.0,0,10,-0.981947190186646,0.18915526872004093
"Bidhannagar, Kolkata - WBPCB",2026-10-13,74.0,33.2,74.69,18.53,8.56,0.59,26.57,27.37,seasonal_forecast,28.2,80,11.7,1008.3,72.0,71.0,69.0,70.66666666666667,67.85714285714286,75.0,1,10,-0.9785481345802031,0.20601832032517084
"Bidhannagar, Kolkata - WBPCB",2026-10-14,75.0,33.93,76.09,18.6,8.55,0.61,26.61,27.53,seasonal_forecast,28.1,79,11.6,1008.4,74.0,72.0,71.0,72.33333333333333,69.28571428571429,77.0,2,10,-0.9748595108374125,0.22282040779479959
"Bidhannagar, Kolkata - WBPCB",2026-10-15,77.0,34.67,77.51,18.65,8.54,0.62,26.63,27.7,seasonal_forecast,28.1,79,11.5,1008.5,75.0,74.0,72.0,73.66666666666667,70.71428571428571,78.0,3,10,-0.9708824104813836,0.23955655912092708
"Bidhannagar, Kolkata - WBPCB",2026-10-16,78.0,35.42,78.94,18.71,8.53,0.63,26.66,27.86,seasonal_forecast,28.0,78,11.4,1008.7,77.0,75.0,74.0,75.33333333333333,72.28571428571429,80.0,4,10,-0.9666180104000972,0.2562218218071163
"Bidhannagar, Kolkata - WBPCB",2026-10-17,80.0,36.2,80.39,18.77,8.52,0.64,26.68,28.02,seasonal_forecast,28.0,78,11.3,1008.8,78.0,77.0,75.0,76.66666666666667,73.71428571428571,82.0,5,10,-0.9620675724981452,0.27281126433401914
"Bidhannagar, Kolkata - WBPCB",2026-10-18,82.0,36.99,81.85,18.82,8.5,0.66,26.69,28.19,seasonal_forecast,27.9,78,11.3,1008.9,80.0,78.0,77.0,78.33333333333333,75.28571428571429,84.0,6,10,-0.957232443323312,0.28931997761869527
"Bidhannagar, Kolkata - WBPCB",2026-10-19,84.0,37.8,83.33,18.87,8.49,0.67,26.7,28.35,seasonal_forecast,27.9,77,11.2,1009.1,82.0,80.0,78.0,80.0,76.85714285714286,86.0,0,10,-0.9521140536681102,0.3057430764672831
"Bidhannagar, Kolkata - WBPCB",2026-10-20,86.0,38.62,84.83,18.92,8.48,0.69,26.71,28.51,seasonal_forecast,27.8,77,11.1,1009.2,84.0,82.0,80.0,82.0,78.57142857142857,87.0,1,10,-0.9467139181463862,0.3220757010206104
"Bidhannagar, Kolkata - WBPCB",2026-10-21,87.0,39.46,86.33,18.97,8.46,0.7,26.71,28.68,seasonal_forecast,27.7,77,11.0,1009.3,86.0,84.0,82.0,84.0,80.28571428571429,89.0,2,10,-0.9410336347451197,0.3383130181923076
"Bidhannagar, Kolkata - WBPCB",2026-10-22,89.0,40.31,87.84,19.01,8.44,0.72,26.71,28.84,seasonal_forecast,27.6,76,10.9,1009.5,87.0,86.0,84.0,85.66666666666667,82.0,91.0,3,10,-0.9350748843515574,0.3544502230989869
"Bidhannagar, Kolkata - WBPCB",2026-10-23,91.0,41.18,89.37,19.06,8.43,0.73,26.71,29.0,seasonal_forecast,27.6,76,10.8,1009.6,89.0,87.0,86.0,87.33333333333333,83.71428571428571,93.0,4,10,-0.9288394302558068,0.3704825404820963
"Bidhannagar, Kolkata - WBPCB",2026-10-24,93.0,42.06,90.9,19.1,8.41,0.75,26.7,29.16,seasonal_forecast,27.5,76,10.8,1009.7,91.0,89.0,87.0,89.0,85.57142857142857,95.0,5,10,-0.9223291176290545,0.3864052261209853
"Bidhannagar, Kolkata - WBPCB",2026-10-25,95.0,42.95,92.44,19.14,8.39,0.77,26.69,29.32,seasonal_forecast,27.4,75,10.7,1009.9,93.0,91.0,89.0,91.0,87.42857142857143,97.0,6,10,-0.9155458729775467,0.40221356823680365
"Bidhannagar, Kolkata - WBPCB",2026-10-26,97.0,43.86,93.99,19.18,8.38,0.78,26.67,29.48,seasonal_forecast,27.3,75,10.6,1010.0,95.0,93.0,91.0,93.0,89.28571428571429,99.0,0,10,-0.9084917035725082,0.41790288888678667
"Bidhannagar, Kolkata - WBPCB",2026-10-27,99.0,44.78,95.54,19.22,8.36,0.8,26.65,29.63,seasonal_forecast,27.2,75,10.5,1010.1,97.0,95.0,93.0,95.0,91.14285714285714,102.0,1,10,-0.9011686968561569,0.4334685453485363
"Bidhannagar, Kolkata - WBPCB",2026-10-28,102.0,45.71,97.1,19.25,8.34,0.81,26.63,29.79,seasonal_forecast,27.1,74,10.4,1010.3,99.0,97.0,95.0,97.0,93.0,104.0,2,10,-0.8935790198239952,0.4489059314938798
"Bidhannagar, Kolkata - WBPCB",2026-10-29,104.0,46.65,98.66,19.29,8.32,0.83,26.6,29.94,seasonal_forecast,27.0,74,10.3,1010.4,102.0,99.0,97.0,99.33333333333333,95.14285714285714,106.0,3,10,-0.8857249183835637,0.4642104791518923
"Bidhannagar, Kolkata - WBPCB",2026-10-30,106.0,47.6,100.22,19.33,8.3,0.85,26.56,30.1,seasonal_forecast,26.9,73,10.3,1010.5,104.0,102.0,99.0,101.66666666666667,97.28571428571429,108.0,4,10,-0.8776087166898392,0.4793776594606945
"Bidhannagar, Kolkata - WBPCB",2026-10-31,108.0,48.56,101.78,19.36,8.29,0.87,26.53,30.25,seasonal_forecast,26.8,73,10.2,1010.6,106.0,104.0,102.0,104.0,99.42857142857143,110.0,5,10,-0.8692328164574792,0.49440298420761813
"Bidhannagar, Kolkata - WBPCB",2026-11-01,110.0,49.53,103.35,19.4,8.27,0.88,26.49,30.4,seasonal_forecast,26.7,73,10.1,1010.8,108.0,106.0,104.0,106.0,101.57142857142857,112.0,6,11,-0.8605996962501181,0.5092820071573356
"Bidhannagar, Kolkata - WBPCB",2026-11-02,112.0,50.51,104.91,19.43,8.25,0.9,26.44,30.54,seasonal_forecast,26.6,72,10.0,1010.9,110.0,108.0,106.0,108.0,103.71428571428571,115.0,0,11,-0.8517119107469189,0.5240103253675756
"Bidhannagar, Kolkata - WBPCB",2026-11-03,115.0,51.49,106.46,19.46,8.23,0.92,26.39,30.69,seasonal_forecast,26.5,72,9.9,1011.0,112.0,110.0,108.0,110.0,105.85714285714286,117.0,1,11,-0.8425720899866032,0.5385835804920232
"Bidhannagar, Kolkata - WBPCB",2026-11-04,117.0,52.48,108.01,19.5,8.21,0.93,26.34,30.83,seasonal_forecast,26.4,72,9.8,1011.2,115.0,112.0,110.0,112.33333333333333,108.14285714285714,119.0,2,11,-0.8331829385891785,0.5529974600700271
"Bidhannagar, Kolkata - WBPCB",2026-11-05,119.0,53.48,109.56,19.53,8.19,0.95,26.29,30.97,seasonal_forecast,26.2,71,9.8,1011.3,117.0,115.0,112.0,114.66666666666667,110.28571428571429,121.0,3,11,-0.8235472349556007,0.5672476988027229
"Bidhannagar, Kolkata - WBPCB",2026-11-06,121.0,54.48,111.1,19.56,8.18,0.97,26.23,31.11,seasonal_forecast,26.1,71,9.7,1011.4,119.0,117.0,115.0,117.0,112.42857142857143,124.0,4,11,-0.8136678304455991,0.5813300798152042
"Bidhannagar, Kolkata - WBPCB",2026-11-07,124.0,55.48,112.63,19.6,8.16,0.98,26.16,31.25,seasonal_forecast,26.0,71,9.6,1011.6,121.0,119.0,117.0,119.0,114.57142857142857,126.0,5,11,-0.8035476485339116,0.5952404359043674
"Bidhannagar, Kolkata - WBPCB",2026-11-08,126.0,56.48,114.15,19.63,8.14,1.0,26.1,31.39,seasonal_forecast,25.8,70,9.5,1011.7,124.0,121.0,119.0,121.33333333333333,116.85714285714286,128.0,6,11,-0.7931896839451843,0.6089746507720486
"Bidhannagar, Kolkata - WBPCB",2026-11-09,128.0,57.49,115.67,19.67,8.13,1.02,26.03,31.52,seasonal_forecast,25.7,70,9.5,1011.8,126.0,124.0,121.0,123.66666666666667,119.14285714285714,131.0,0,11,-0.7825970017677834,0.6225286602431057
"Bidhannagar, Kolkata - WBPCB",2026-11-10,131.0,58.5,117.17,19.7,8.11,1.04,25.95,31.65,seasonal_forecast,25.6,70,9.4,1011.9,128.0,126.0,124.0,126.0,121.42857142857143,133.0,1,11,-0.7717727365467837,0.6358984534680745
"Bidhannagar, Kolkata - WBPCB",2026-11-11,133.0,59.51,118.65,19.74,8.09,1.05,25.88,31.77,seasonal_forecast,25.4,70,9.3,1012.1,131.0,128.0,126.0,128.33333333333334,123.71428571428571,135.0,2,11,-0.7607200913564104,0.6490800741100398
"Bidhannagar, Kolkata - WBPCB",2026-11-12,135.0,60.51,120.13,19.78,8.08,1.07,25.8,31.9,seasonal_forecast,25.3,69,9.3,1012.2,133.0,131.0,128.0,130.66666666666666,126.0,138.0,3,11,-0.7494423368521953,0.6620696215153815
"Bidhannagar, Kolkata - WBPCB",2026-11-13,138.0,61.51,121.58,19.81,8.07,1.08,25.71,32.02,seasonal_forecast,25.2,69,9.2,1012.3,135.0,133.0,131.0,133.0,128.28571428571428,140.0,4,11,-0.7379428103031386,0.6748632518680403
"Bidhannagar, Kolkata - WBPCB",2026-11-14,140.0,62.52,123.02,19.86,8.05,1.1,25.63,32.14,seasonal_forecast,25.0,69,9.1,1012.4,138.0,135.0,133.0,135.33333333333334,130.71428571428572,142.0,5,11,-0.7262249146041543,0.6874571793269664
"Bidhannagar, Kolkata - WBPCB",2026-11-15,142.0,63.51,124.44,19.9,8.04,1.11,25.54,32.26,seasonal_forecast,24.9,69,9.1,1012.6,140.0,138.0,135.0,137.66666666666666,133.0,144.0,6,11,-0.7142921172691032,0.699847677146407
"Bidhannagar, Kolkata - WBPCB",2026-11-16,144.0,64.5,125.85,19.94,8.03,1.13,25.45,32.37,seasonal_forecast,24.7,68,9.0,1012.7,142.0,140.0,138.0,140.0,135.28571428571428,147.0,0,11,-0.7021479494046978,0.7120310787787131
"Bidhannagar, Kolkata - WBPCB",2026-11-17,147.0,65.49,127.23,19.99,8.02,1.14,25.36,32.48,seasonal_forecast,24.6,68,9.0,1012.8,144.0,142.0,140.0,142.0,137.57142857142858,149.0,1,11,-0.6897960046655887,0.7240037789593305
"Bidhannagar, Kolkata - WBPCB",2026-11-18,149.0,66.46,128.59,20.03,8.01,1.16,25.26,32.59,seasonal_forecast,24.4,68,8.9,1012.9,147.0,144.0,142.0,144.33333333333334,139.85714285714286,151.0,2,11,-0.6772399381909491,0.7357622347736527
"Bidhannagar, Kolkata - WBPCB",2026-11-19,151.0,67.43,129.93,20.08,8.0,1.17,25.16,32.69,seasonal_forecast,24.3,68,8.8,1013.1,149.0,147.0,144.0,146.66666666666666,142.14285714285714,153.0,3,11,-0.6644834655228552,0.7473029667054297
"Bidhannagar, Kolkata - WBPCB",2026-11-20,153.0,68.39,131.25,20.14,7.99,1.19,25.06,32.79,seasonal_forecast,24.1,67,8.8,1013.2,151.0,149.0,147.0,149.0,144.42857142857142,155.0,4,11,-0.6515303615068021,0.75862255966641
"Bidhannagar, Kolkata - WBPCB",2026-11-21,155.0,69.34,132.54,20.19,7.98,1.2,24.96,32.89,seasonal_forecast,24.0,67,8.7,1013.3,153.0,151.0,149.0,151.0,146.57142857142858,157.0,5,11,-0.6383844591746642,0.769717664006921
"Bidhannagar, Kolkata - WBPCB",2026-11-22,157.0,70.28,133.81,20.25,7.98,1.21,24.85,32.99,seasonal_forecast,23.8,67,8.7,1013.4,155.0,153.0,151.0,153.0,148.71428571428572,160.0,6,11,-0.6250496486104377,0.7805849965070866
"Bidhannagar, Kolkata - WBPCB",2026-11-23,160.0,71.21,135.05,20.31,7.97,1.22,24.74,33.08,seasonal_forecast,23.7,67,8.7,1013.5,157.0,155.0,153.0,155.0,150.85714285714286,162.0,0,11,-0.6115298757991053,0.7912213413483807
"Bidhannagar, Kolkata - WBPCB",2026-11-24,162.0,72.12,136.26,20.37,7.97,1.23,24.64,33.17,seasonal_forecast,23.5,67,8.6,1013.6,160.0,157.0,155.0,157.33333333333334,153.14285714285714,164.0,1,11,-0.5978291414589552,0.801623551065242
"Bidhannagar, Kolkata - WBPCB",2026-11-25,164.0,73.02,137.44,20.43,7.96,1.25,24.53,33.25,seasonal_forecast,23.3,66,8.6,1013.7,162.0,160.0,157.0,159.66666666666666,155.28571428571428,166.0,2,11,-0.5839514998576998,0.8117885474764613
"Bidhannagar, Kolkata - WBPCB",2026-11-26,166.0,73.91,138.59,20.5,7.96,1.26,24.42,33.34,seasonal_forecast,23.2,66,8.5,1013.9,164.0,162.0,160.0,162.0,157.42857142857142,168.0,3,11,-0.5699010576127624,0.821713322596059
"Bidhannagar, Kolkata - WBPCB",2026-11-27,168.0,74.77,139.72,20.57,7.96,1.27,24.3,33.42,seasonal_forecast,23.0,66,8.5,1014.0,166.0,164.0,162.0,164.0,159.57142857142858,170.0,4,11,-0.5556819724760489,0.8313949395234058
"Bidhannagar, Kolkata - WBPCB",2026-11-28,170.0,75.63,140.81,20.64,7.96,1.28,24.19,33.49,seasonal_forecast,22.9,66,8.5,1014.1,168.0,166.0,164.0,166.0,161.71428571428572,171.0,5,11,-0.5412984521036173,0.8408305333122887
"Bidhannagar, Kolkata - WBPCB",2026-11-29,171.0,76.46,141.87,20.72,7.96,1.29,24.08,33.57,seasonal_forecast,22.7,66,8.4,1014.2,170.0,168.0,166.0,168.0,163.85714285714286,173.0,6,11,-0.5267547528105542,0.8500173118187018
"Bidhannagar, Kolkata - WBPCB",2026-11-30,173.0,77.27,142.89,20.8,7.96,1.29,23.96,33.64,seasonal_forecast,22.6,66,8.4,1014.3,171.0,170.0,168.0,169.66666666666666,165.85714285714286,175.0,0,11,-0.5120551783114646,0.8589525565270845
"Bidhannagar, Kolkata - WBPCB",2026-12-01,175.0,78.07,143.89,20.88,7.97,1.3,23.84,33.7,seasonal_forecast,22.4,66,8.4,1014.4,173.0,171.0,170.0,171.33333333333334,167.71428571428572,177.0,1,12,-0.4972040784469378,0.8676336233547726
"Bidhannagar, Kolkata - WBPCB",2026-12-02,177.0,78.84,144.84,20.97,7.97,1.31,23.73,33.77,seasonal_forecast,22.3,65,8.4,1014.5,175.0,173.0,171.0,173.0,169.57142857142858,178.0,2,12,-0.4822058478963526,0.8760579434344281
"Bidhannagar, Kolkata - WBPCB",2026-12-03,178.0,79.6,145.77,21.06,7.97,1.31,23.61,33.83,seasonal_forecast,22.1,65,8.3,1014.6,177.0,175.0,173.0,175.0,171.42857142857142,180.0,3,12,-0.46706492487743034,0.8842230238742036
"Bidhannagar, Kolkata - WBPCB",2026-12-04,180.0,80.33,146.65,21.15,7.98,1.32,23.5,33.88,seasonal_forecast,22.0,65,8.3,1014.7,178.0,177.0,175.0,176.66666666666666,173.14285714285714,181.0,4,12,-0.451785789832884,0.8921264484954345
"Bidhannagar, Kolkata - WBPCB",2026-12-05,181.0,81.04,147.5,21.24,7.99,1.33,23.38,33.94,seasonal_forecast,21.9,65,8.3,1014.8,180.0,178.0,177.0,178.33333333333334,174.85714285714286,183.0,5,12,-0.4363729641045924,0.8997658785476209
"Bidhannagar, Kolkata - WBPCB",2026-12-06,183.0,81.72,148.32,21.34,8.0,1.33,23.26,33.99,seasonal_forecast,21.7,65,8.3,1014.9,181.0,180.0,178.0,179.66666666666666,176.42857142857142,184.0,6,12,-0.42083100859565564,0.9071390534005044
"Bidhannagar, Kolkata - WBPCB",2026-12-07,184.0,82.38,149.09,21.44,8.0,1.33,23.15,34.03,seasonal_forecast,21.6,65,8.3,1014.9,183.0,181.0,180.0,181.33333333333334,178.14285714285714,186.0,0,12,-0.4051645224207563,0.9142437912130223
"Bidhannagar, Kolkata - WBPCB",2026-12-08,186.0,83.01,149.83,21.54,8.01,1.34,23.03,34.08,seasonal_forecast,21.4,65,8.3,1015.0,184.0,183.0,181.0,182.66666666666666,179.71428571428572,187.0,1,12,-0.3893781415452015,0.9210779895789526
"Bidhannagar, Kolkata - WBPCB",2026-12-09,187.0,83.62,150.53,21.65,8.03,1.34,22.92,34.12,seasonal_forecast,21.3,65,8.3,1015.1,186.0,184.0,183.0,184.33333333333334,181.28571428571428,188.0,2,12,-0.37347653741307074,0.9276396261490467
"Bidhannagar, Kolkata - WBPCB",2026-12-10,188.0,84.21,151.18,21.76,8.04,1.34,22.8,34.16,seasonal_forecast,21.2,65,8.3,1015.2,187.0,186.0,184.0,185.66666666666666,182.71428571428572,189.0,3,12,-0.3574644155648614,0.9339267592294762
"Bidhannagar, Kolkata - WBPCB",2026-12-11,189.0,84.76,151.8,21.87,8.05,1.34,22.69,34.19,seasonal_forecast,21.1,65,8.3,1015.3,188.0,187.0,186.0,187.0,184.14285714285714,190.0,4,12,-0.34134651424503615,0.9399375283564133
"Bidhannagar, Kolkata - WBPCB",2026-12-12,190.0,85.29,152.38,21.99,8.06,1.35,22.58,34.22,seasonal_forecast,20.9,65,8.3,1015.3,189.0,188.0,187.0,188.0,185.42857142857142,191.0,5,12,-0.3251276029999093,0.9456701548465688
"Bidhannagar, Kolkata - WBPCB",2026-12-13,191.0,85.79,152.92,22.1,8.08,1.35,22.47,34.25,seasonal_forecast,20.8,65,8.3,1015.4,190.0,189.0,188.0,189.0,186.71428571428572,192.0,6,12,-0.30881248126625377,0.9511229423235357
"Bidhannagar, Kolkata - WBPCB",2026-12-14,192.0,86.26,153.42,22.22,8.09,1.34,22.36,34.28,seasonal_forecast,20.7,65,8.3,1015.5,191.0,190.0,189.0,190.0,187.85714285714286,193.0,0,12,-0.29240597695107734,0.9562942772197719
"Bidhannagar, Kolkata - WBPCB",2026-12-15,193.0,86.7,153.88,22.35,8.11,1.34,22.26,34.3,seasonal_forecast,20.6,65,8.3,1015.6,192.0,191.0,190.0,191.0,189.0,194.0,1,12,-0.27591294500296043,0.9611826292540837
"Bidhannagar, Kolkata - WBPCB",2026-12-16,194.0,87.11,154.29,22.47,8.12,1.34,22.15,34.32,seasonal_forecast,20.5,65,8.3,1015.6,193.0,192.0,191.0,192.0,190.0,195.0,2,12,-0.2593382659754056,0.9657865518844574
"Bidhannagar, Kolkata - WBPCB",2026-12-17,195.0,87.49,154.67,22.6,8.14,1.34,22.05,34.33,seasonal_forecast,20.4,65,8.3,1015.7,194.0,193.0,192.0,193.0,191.0,195.0,3,12,-0.2426868445825954,0.9701046827361175
"Bidhannagar, Kolkata - WBPCB",2026-12-18,195.0,87.84,155.0,22.72,8.15,1.34,21.95,34.35,seasonal_forecast,20.3,65,8.3,1015.7,195.0,194.0,193.0,194.0,192.0,196.0,4,12,-0.22596360824801906,0.974135744004672
"Bidhannagar, Kolkata - WBPCB",2026-12-19,196.0,88.16,155.29,22.85,8.17,1.33,21.85,34.36,seasonal_forecast,20.2,65,8.4,1015.8,195.0,195.0,194.0,194.66666666666666,192.85714285714286,196.0,5,12,-0.20917350564635637,0.9778785428342386
"Bidhannagar, Kolkata - WBPCB",2026-12-20,196.0,88.45,155.54,22.99,8.19,1.33,21.76,34.36,seasonal_forecast,20.1,65,8.4,1015.8,196.0,195.0,195.0,195.33333333333334,193.71428571428572,197.0,6,12,-0.19232150523909483,0.9813319716704275
"Bidhannagar, Kolkata - WBPCB",2026-12-21,197.0,88.71,155.75,23.12,8.21,1.32,21.67,34.37,seasonal_forecast,20.0,65,8.4,1015.9,196.0,196.0,195.0,195.66666666666666,194.42857142857142,197.0,0,12,-0.17541259380427843,0.9844950085880858
"Bidhannagar, Kolkata - WBPCB",2026-12-22,197.0,88.94,155.92,23.25,8.23,1.32,21.58,34.37,seasonal_forecast,19.9,65,8.4,1015.9,197.0,196.0,196.0,196.33333333333334,195.14285714285714,197.0,1,12,-0.15845177496083632,0.9873667175937016
"Bidhannagar, Kolkata - WBPCB",2026-12-23,197.0,89.13,156.05,23.39,8.24,1.31,21.49,34.37,seasonal_forecast,19.9,65,8.5,1016.0,197.0,197.0,196.0,196.66666666666666,195.71428571428572,198.0,2,12,-0.14144406768794202,0.9899462489023779
"Bidhannagar, Kolkata - WBPCB",2026-12-24,198.0,89.3,156.14,23.52,8.26,1.31,21.41,34.37,seasonal_forecast,19.8,65,8.5,1016.0,197.0,197.0,197.0,197.0,196.14285714285714,198.0,3,12,-0.12439450483979998,0.9922328391893008
"Bidhannagar, Kolkata - WBPCB",2026-12-25,198.0,89.43,156.18,23.66,8.28,1.3,21.33,34.36,seasonal_forecast,19.7,65,8.5,1016.1,198.0,197.0,197.0,197.33333333333334,196.57142857142858,198.0,4,12,-0.10730813165636247,0.9942258118156161
"Bidhannagar, Kolkata - WBPCB",2026-12-26,198.0,89.52,156.18,23.79,8.3,1.29,21.25,34.35,seasonal_forecast,19.7,65,8.5,1016.1,198.0,198.0,197.0,197.66666666666666,197.0,198.0,5,12,-0.09019000427034513,0.9959245770286599
"Bidhannagar, Kolkata - WBPCB",2026-12-27,198.0,89.59,156.15,23.93,8.32,1.28,21.18,34.34,seasonal_forecast,19.6,65,8.6,1016.1,198.0,198.0,198.0,198.0,197.28571428571428,197.0,6,12,-0.07304518821104743,0.9973286321364752
"Bidhannagar, Kolkata - WBPCB",2026-12-28,197.0,89.63,156.07,24.06,8.34,1.28,21.11,34.32,seasonal_forecast,19.6,65,8.6,1016.1,198.0,198.0,198.0,198.0,197.57142857142858,197.0,0,12,-0.05587875690537313,0.9984375616565666
"Bidhannagar, Kolkata - WBPCB",2026-12-29,197.0,89.63,155.95,24.2,8.36,1.27,21.05,34.3,seasonal_forecast,19.5,65,8.7,1016.2,197.0,198.0,198.0,197.66666666666666,197.57142857142858,197.0,1,12,-0.03869579017652689,0.9992510374388481
"Bidhannagar, Kolkata - WBPCB",2026-12-30,197.0,89.6,155.8,24.33,8.38,1.26,20.99,34.28,seasonal_forecast,19.5,65,8.7,1016.2,197.0,197.0,198.0,197.33333333333334,197.57142857142858,197.0,2,12,-0.021501372740813793,0.999768818762748
"Bidhannagar, Kolkata - WBPCB",2026-12-31,197.0,89.54,155.6,24.47,8.4,1.25,20.93,34.26,seasonal_forecast,19.5,65,8.7,1016.2,197.0,197.0,197.0,197.0,197.57142857142858,196.0,3,12,-0.004300592702981974,0.9999907524084426
"Bidhannagar, Kolkata - WBPCB",2027-01-01,196.0,89.42,155.31,24.63,8.42,1.23,20.87,34.23,seasonal_forecast,19.4,65,8.8,1016.2,197.0,197.0,197.0,197.0,197.42857142857142,196.0,4,1,0.017201575418260506,0.9998520419557735
"Bidhannagar, Kolkata - WBPCB",2027-01-02,196.0,89.29,155.02,24.76,8.44,1.22,20.82,34.2,seasonal_forecast,19.4,65,8.8,1016.2,196.0,197.0,197.0,196.66666666666666,197.14285714285714,195.0,5,1,0.03439806061360801,0.9994082116062598
"Bidhannagar, Kolkata - WBPCB",2027-01-03,195.0,89.13,154.71,24.89,8.46,1.21,20.78,34.17,seasonal_forecast,19.4,65,8.9,1016.2,196.0,196.0,197.0,196.33333333333334,196.85714285714286,194.0,6,1,0.051584366869408364,0.9986686402879997
"Bidhannagar, Kolkata - WBPCB",2027-01-04,194.0,88.93,154.35,25.02,8.47,1.2,20.74,34.14,seasonal_forecast,19.4,65,8.9,1016.2,195.0,196.0,196.0,195.66666666666666,196.42857142857142,193.0,0,1,0.06875540848113941,0.9976335468520451
"Bidhannagar, Kolkata - WBPCB",2027-01-05,193.0,88.71,153.96,25.14,8.49,1.19,20.71,34.11,seasonal_forecast,19.4,65,9.0,1016.2,194.0,195.0,196.0,195.0,196.0,193.0,1,1,0.08590610426133272,0.9963032375991965
"Bidhannagar, Kolkata - WBPCB",2027-01-06,193.0,88.46,153.53,25.26,8.51,1.18,20.69,34.07,seasonal_forecast,19.4,65,9.0,1016.2,193.0,194.0,195.0,194.0,195.42857142857142,192.0,2,1,0.10303137904317879,0.9946781061893646
"Bidhannagar, Kolkata - WBPCB",2027-01-07,192.0,88.17,153.06,25.38,8.52,1.16,20.66,34.03,seasonal_forecast,19.4,65,9.1,1016.2,193.0,193.0,194.0,193.33333333333334,194.85714285714286,191.0,3,1,0.1201261651823505,0.9927586335250793
"Bidhannagar, Kolkata - WBPCB",2027-01-08,191.0,87.86,152.57,25.49,8.54,1.15,20.65,33.99,seasonal_forecast,19.4,66,9.1,1016.2,192.0,193.0,193.0,192.66666666666666,194.14285714285714,190.0,4,1,0.13718540405660057,0.9905453876091833
"Bidhannagar, Kolkata - WBPCB",2027-01-09,190.0,87.52,152.03,25.61,8.55,1.14,20.64,33.94,seasonal_forecast,19.4,66,9.2,1016.2,191.0,192.0,193.0,192.0,193.42857142857142,189.0,5,1,0.1542040475626894,0.988039023376751
"Bidhannagar, Kolkata - WBPCB",2027-01-10,189.0,87.15,151.47,25.71,8.57,1.13,20.63,33.9,seasonal_forecast,19.4,66,9.2,1016.2,190.0,191.0,192.0,191.0,192.57142857142858,187.0,6,1,0.17117705961019986,0.985240282501282
"Bidhannagar, Kolkata - WBPCB",2027-01-11,187.0,86.76,150.87,25.82,8.58,1.11,20.63,33.85,seasonal_forecast,19.5,66,9.3,1016.2,189.0,190.0,191.0,190.0,191.71428571428572,186.0,0,1,0.18809941761179758,0.9821499931752291
"Bidhannagar, Kolkata - WBPCB",2027-01-12,186.0,86.33,150.24,25.91,8.59,1.1,20.64,33.8,seasonal_forecast,19.5,66,9.3,1016.1,187.0,189.0,190.0,188.66666666666666,190.71428571428572,185.0,1,1,0.20496611396949532,0.9787690698649216
"Bidhannagar, Kolkata - WBPCB",2027-01-13,185.0,85.89,149.58,26.01,8.6,1.09,20.65,33.75,seasonal_forecast,19.6,66,9.4,1016.1,186.0,187.0,189.0,187.33333333333334,189.71428571428572,184.0,2,1,0.22177215755648186,0.975098513039961
"Bidhannagar, Kolkata - WBPCB",2027-01-14,184.0,85.41,148.89,26.1,8.62,1.07,20.66,33.69,seasonal_forecast,19.6,66,9.4,1016.1,185.0,186.0,187.0,186.0,188.57142857142858,182.0,3,1,0.23851257519407648,0.9711394088771653
"Bidhannagar, Kolkata - WBPCB",2027-01-15,182.0,84.91,148.17,26.18,8.63,1.06,20.68,33.64,seasonal_forecast,19.7,66,9.5,1016.1,184.0,185.0,186.0,185.0,187.42857142857142,181.0,4,1,0.2551824131233728,0.9668929289391521
"Bidhannagar, Kolkata - WBPCB",2027-01-16,181.0,84.39,147.42,26.26,8.63,1.05,20.71,33.58,seasonal_forecast,19.7,66,9.5,1016.0,182.0,184.0,185.0,183.66666666666666,186.14285714285714,179.0,5,1,0.2717767384711357,0.9623603298276545
"Bidhannagar, Kolkata - WBPCB",2027-01-17,179.0,83.84,146.64,26.33,8.64,1.03,20.74,33.52,seasonal_forecast,19.8,66,9.6,1016.0,181.0,182.0,184.0,182.33333333333334,184.85714285714286,178.0,6,1,0.2882906407095177,0.9575429528116719
"Bidhannagar, Kolkata - WBPCB",2027-01-18,178.0,83.27,145.84,26.4,8.65,1.02,20.78,33.46,seasonal_forecast,19.8,66,9.6,1015.9,179.0,181.0,182.0,180.66666666666666,183.42857142857142,176.0,0,1,0.3047192331091634,0.9524422234305676
"Bidhannagar, Kolkata - WBPCB",2027-01-19,176.0,82.67,145.01,26.46,8.66,1.0,20.83,33.4,seasonal_forecast,19.9,66,9.7,1015.9,178.0,179.0,181.0,179.33333333333334,182.14285714285714,175.0,1,1,0.321057654185271,0.9470596510722283
"Bidhannagar, Kolkata - WBPCB",2027-01-20,175.0,82.06,144.15,26.52,8.66,0.99,20.88,33.33,seasonal_forecast,20.0,66,9.8,1015.8,176.0,178.0,179.0,177.66666666666666,180.71428571428572,173.0,2,1,0.3373010691361842,0.9413968285264122
"Bidhannagar, Kolkata - WBPCB",2027-01-21,173.0,81.43,143.28,26.57,8.67,0.98,20.94,33.27,seasonal_forecast,20.1,66,9.8,1015.8,175.0,176.0,178.0,176.33333333333334,179.28571428571428,171.0,3,1,0.3534446712740877,0.9354554315134164
"Bidhannagar, Kolkata - WBPCB",2027-01-22,171.0,80.77,142.37,26.61,8.67,0.96,21.0,33.2,seasonal_forecast,20.2,66,9.9,1015.7,173.0,175.0,176.0,174.66666666666666,177.71428571428572,169.0,4,1,0.3694836834473831,0.9292372181882051
"Bidhannagar, Kolkata - WBPCB",2027-01-23,169.0,80.1,141.45,26.64,8.67,0.95,21.07,33.13,seasonal_forecast,20.3,66,9.9,1015.7,171.0,173.0,175.0,173.0,176.14285714285714,168.0,5,1,0.38541335945432564,0.9227440286201427
"Bidhannagar, Kolkata - WBPCB",2027-01-24,168.0,79.4,140.5,26.67,8.67,0.94,21.14,33.06,seasonal_forecast,20.3,66,10.0,1015.6,169.0,171.0,173.0,171.0,174.42857142857142,166.0,6,1,0.4012289854475009,0.9159777842484877
"Bidhannagar, Kolkata - WBPCB",2027-01-25,166.0,78.7,139.54,26.69,8.67,0.92,21.22,32.99,seasonal_forecast,20.4,66,10.0,1015.6,168.0,169.0,171.0,169.33333333333334,172.85714285714286,164.0,0,1,0.4169258813287287,0.908940487313808
"Bidhannagar, Kolkata - WBPCB",2027-01-26,164.0,77.97,138.55,26.7,8.67,0.91,21.31,32.92,seasonal_forecast,20.6,66,10.1,1015.5,166.0,168.0,169.0,167.66666666666666,171.14285714285714,162.0,1,1,0.4324994021339788,0.901634220265486
"Bidhannagar, Kolkata - WBPCB",2027-01-27,162.0,77.23,137.55,26.71,8.67,0.9,21.4,32.84,seasonal_forecast,20.7,66,10.1,1015.4,164.0,166.0,168.0,166.0,169.42857142857142,160.0,2,1,0.44794493940789115,0.8940611451454876
"Bidhannagar, Kolkata - WBPCB",2027-01-28,160.0,76.47,136.53,26.71,8.67,0.88,21.5,32.77,seasonal_forecast,20.8,66,10.2,1015.4,162.0,164.0,166.0,164.0,167.57142857142858,158.0,3,1,0.4632579225674917,0.88622350294858
"Bidhannagar, Kolkata - WBPCB",2027-01-29,158.0,75.7,135.49,26.7,8.66,0.87,21.6,32.69,seasonal_forecast,20.9,66,10.3,1015.3,160.0,162.0,164.0,162.0,165.71428571428572,156.0,4,1,0.4784338202547012,0.8781236129591848
"Bidhannagar, Kolkata - WBPCB",2027-01-30,156.0,74.92,134.43,26.68,8.66,0.86,21.71,32.61,seasonal_forecast,21.0,66,10.3,1015.2,158.0,160.0,162.0,160.0,163.85714285714286,154.0,5,1,0.49346814167723735,0.8697638720650646
"Bidhannagar, Kolkata - WBPCB",2027-01-31,154.0,74.12,133.36,26.65,8.65,0.85,21.82,32.53,seasonal_forecast,21.1,66,10.4,1015.1,156.0,158.0,160.0,158.0,162.0,152.0,6,1,0.5083564379375122,0.8611467540480452
"Bidhannagar, Kolkata - WBPCB",2027-02-01,152.0,73.32,132.28,26.62,8.65,0.83,21.94,32.45,seasonal_forecast,21.3,66,10.4,1015.1,154.0,156.0,158.0,156.0,160.0,150.0,0,2,0.5230943033491326,0.8522748088519838
"Bidhannagar, Kolkata - WBPCB",2027-02-02,150.0,72.5,131.19,26.58,8.64,0.82,22.07,32.37,seasonal_forecast,21.4,66,10.5,1015.0,152.0,154.0,156.0,154.0,158.0,148.0,1,2,0.5376773767406141,0.8431506618282
"Bidhannagar, Kolkata - WBPCB",2027-02-03,148.0,71.68,130.08,26.53,8.63,0.81,22.2,32.28,seasonal_forecast,21.5,66,10.5,1014.9,150.0,152.0,154.0,152.0,156.0,146.0,2,2,0.5521013427459208,0.8337770129585915
"Bidhannagar, Kolkata - WBPCB",2027-02-04,146.0,70.84,128.96,26.47,8.62,0.8,22.33,32.2,seasonal_forecast,21.7,66,10.6,1014.8,148.0,150.0,152.0,150.0,154.0,144.0,3,2,0.5663619330814524,0.8241566360566663
"Bidhannagar, Kolkata - WBPCB",2027-02-05,144.0,70.0,127.83,26.4,8.61,0.79,22.48,32.12,seasonal_forecast,21.8,66,10.6,1014.7,146.0,148.0,150.0,148.0,152.0,142.0,4,2,0.580454927809098,0.8142923779467267
"Bidhannagar, Kolkata - WBPCB",2027-02-06,142.0,69.15,126.69,26.33,8.6,0.78,22.62,32.03,seasonal_forecast,21.9,66,10.7,1014.7,144.0,146.0,148.0,146.0,150.0,140.0,5,2,0.5943761565849831,0.804187157621448
"Bidhannagar, Kolkata - WBPCB",2027-02-07,140.0,68.3,125.55,26.24,8.59,0.77,22.77,31.94,seasonal_forecast,22.1,66,10.7,1014.6,142.0,144.0,146.0,144.0,148.0,138.0,6,2,0.6081214998935418,0.7938439653781019
"Bidhannagar, Kolkata - WBPCB",2027-02-08,138.0,67.44,124.39,26.15,8.57,0.76,22.93,31.86,seasonal_forecast,22.2,66,10.8,1014.5,140.0,142.0,144.0,142.0,146.0,136.0,0,2,0.6216868902665479,0.7832658619336791
"Bidhannagar, Kolkata - WBPCB",2027-02-09,136.0,66.58,123.23,26.05,8.56,0.75,23.09,31.77,seasonal_forecast,22.4,66,10.8,1014.4,138.0,140.0,142.0,140.0,144.0,134.0,1,2,0.6350683134867438,0.7724559775191742
"Bidhannagar, Kolkata - WBPCB",2027-02-10,134.0,65.71,122.07,25.94,8.54,0.74,23.26,31.68,seasonal_forecast,22.5,66,10.9,1014.3,136.0,138.0,140.0,138.0,142.0,132.0,2,2,0.6482618097757122,0.7614175109532997
"Bidhannagar, Kolkata - WBPCB",2027-02-11,132.0,64.84,120.9,25.83,8.53,0.73,23.43,31.59,seasonal_forecast,22.7,66,11.0,1014.2,134.0,136.0,138.0,136.0,140.0,130.0,3,2,0.6612634749656386,0.7501537286959042
"Bidhannagar, Kolkata - WBPCB",2027-02-12,130.0,63.97,119.72,25.71,8.51,0.72,23.61,31.5,seasonal_forecast,22.8,66,11.0,1014.1,132.0,134.0,136.0,134.0,138.0,128.0,4,2,0.6740694616546161,0.7386679638813748
"Bidhannagar, Kolkata - WBPCB",2027-02-13,128.0,63.1,118.54,25.57,8.5,0.71,23.78,31.41,seasonal_forecast,23.0,66,11.1,1014.0,130.0,132.0,134.0,132.0,136.0,126.0,5,2,0.6866759803451553,0.726963615332308
"Bidhannagar, Kolkata - WBPCB",2027-02-14,126.0,62.23,117.36,25.43,8.48,0.71,23.97,31.32,seasonal_forecast,23.1,66,11.1,1013.9,128.0,130.0,132.0,130.0,134.0,124.0,6,2,0.6990793005655562,0.7150441465537444
"Bidhannagar, Kolkata - WBPCB",2027-02-15,124.0,61.36,116.18,25.29,8.46,0.7,24.16,31.23,seasonal_forecast,23.3,66,11.2,1013.8,126.0,128.0,130.0,128.0,132.0,122.0,0,2,0.7112757519738152,0.7029130847082615
"Bidhannagar, Kolkata - WBPCB",2027-02-16,122.0,60.5,115.0,25.13,8.44,0.69,24.35,31.14,seasonal_forecast,23.4,66,11.2,1013.7,124.0,126.0,128.0,126.0,130.0,120.0,1,2,0.7232617254437388,0.6905740195722294
"Bidhannagar, Kolkata - WBPCB",2027-02-17,120.0,59.63,113.82,24.97,8.42,0.68,24.54,31.04,seasonal_forecast,23.6,66,11.3,1013.6,122.0,124.0,126.0,124.0,128.0,118.0,2,2,0.7350336741329412,0.6780306024735382
"Bidhannagar, Kolkata - WBPCB",2027-02-18,118.0,58.77,112.64,24.8,8.4,0.68,24.74,30.95,seasonal_forecast,23.7,66,11.3,1013.5,120.0,122.0,124.0,122.0,126.0,116.0,3,2,0.746588114532413,0.6652865452111116
"Bidhannagar, Kolkata - WBPCB",2027-02-19,116.0,57.91,111.46,24.63,8.38,0.67,24.95,30.86,seasonal_forecast,23.9,66,11.4,1013.4,118.0,120.0,122.0,120.0,124.0,115.0,4,2,0.7579216274973472,0.6523456189565257
"Bidhannagar, Kolkata - WBPCB",2027-02-20,115.0,57.05,110.28,24.45,8.36,0.67,25.15,30.77,seasonal_forecast,24.0,66,11.4,1013.3,116.0,118.0,120.0,118.0,122.0,113.0,5,2,0.7690308592589181,0.6392116531380588
"Bidhannagar, Kolkata - WBPCB",2027-02-21,113.0,56.2,109.11,24.26,8.34,0.66,25.36,30.67,seasonal_forecast,24.2,66,11.5,1013.2,115.0,116.0,118.0,116.33333333333333,120.14285714285714,111.0,6,2,0.7799125224167177,0.6258885343075018
"Bidhannagar, Kolkata - WBPCB",2027-02-22,111.0,55.36,107.94,24.06,8.32,0.65,25.57,30.58,seasonal_forecast,24.4,66,11.5,1013.1,113.0,115.0,116.0,114.66666666666667,118.28571428571429,109.0,0,2,0.7905633969115482,0.612380204990065
"Bidhannagar, Kolkata - WBPCB",2027-02-23,109.0,54.52,106.77,23.86,8.3,0.65,25.79,30.49,seasonal_forecast,24.5,66,11.6,1013.0,111.0,113.0,115.0,113.0,116.42857142857143,107.0,1,2,0.8009803309782905,0.5986906625177214
"Bidhannagar, Kolkata - WBPCB",2027-02-24,107.0,53.69,105.61,23.65,8.28,0.65,26.01,30.39,seasonal_forecast,24.7,66,11.6,1012.9,109.0,111.0,113.0,111.0,114.57142857142857,106.0,2,2,0.8111602420785621,0.5848239578463322
"Bidhannagar, Kolkata - WBPCB",2027-02-25,106.0,52.87,104.46,23.44,8.26,0.64,26.23,30.3,seasonal_forecast,24.8,66,11.7,1012.8,107.0,109.0,111.0,109.0,112.71428571428571,104.0,3,2,0.8211001178128892,0.5707841943569036
"Bidhannagar, Kolkata - WBPCB",2027-02-26,104.0,52.05,103.31,23.22,8.24,0.64,26.45,30.21,seasonal_forecast,25.0,66,11.7,1012.7,106.0,107.0,109.0,107.33333333333333,111.0,102.0,4,2,0.8307970168121247,0.5565755266413303
"Bidhannagar, Kolkata - WBPCB",2027-02-27,102.0,51.25,102.17,23.0,8.22,0.63,26.67,30.12,seasonal_forecast,25.1,66,11.7,1012.5,104.0,106.0,107.0,105.66666666666667,109.28571428571429,101.0,5,2,0.8402480696078469,0.5422021592729844
"Bidhannagar, Kolkata - WBPCB",2027-02-28,101.0,50.45,101.04,22.78,8.2,0.63,26.9,30.02,seasonal_forecast,25.3,66,11.8,1012.4,102.0,104.0,106.0,104.0,107.42857142857143,99.0,6,2,0.8494504794814806,0.527668345562516
"Bidhannagar, Kolkata - WBPCB",2027-03-01,99.0,49.66,99.91,22.54,8.18,0.63,27.12,29.93,seasonal_forecast,25.4,66,11.8,1012.3,101.0,102.0,104.0,102.33333333333333,105.71428571428571,98.0,0,3,0.8584015232918917,0.512978386299228
"Bidhannagar, Kolkata - WBPCB",2027-03-02,98.0,48.88,98.79,22.31,8.16,0.63,27.35,29.84,seasonal_forecast,25.6,66,11.9,1012.2,99.0,101.0,102.0,100.66666666666667,104.0,96.0,1,3,0.8670985522812081,0.4981366284784055
"Bidhannagar, Kolkata - WBPCB",2027-03-03,96.0,48.11,97.68,22.07,8.14,0.62,27.58,29.75,seasonal_forecast,25.7,66,11.9,1012.1,98.0,99.0,101.0,99.33333333333333,102.42857142857143,95.0,2,3,0.8755389928586302,0.4831474640149687
"Bidhannagar, Kolkata - WBPCB",2027-03-04,95.0,47.36,96.59,21.83,8.12,0.62,27.81,29.66,seasonal_forecast,25.9,66,12.0,1012.0,96.0,98.0,99.0,97.66666666666667,100.85714285714286,93.0,3,3,0.8837203473619977,0.4680153284438345
"Bidhannagar, Kolkata - WBPCB",2027-03-05,93.0,46.61,95.5,21.58,8.1,0.62,28.04,29.57,seasonal_forecast,26.0,66,12.0,1011.9,95.0,96.0,98.0,96.33333333333333,99.28571428571429,92.0,4,3,0.8916401947968874,0.45274469960737107
"Bidhannagar, Kolkata - WBPCB",2027-03-06,92.0,45.88,94.42,21.33,8.09,0.62,28.27,29.48,seasonal_forecast,26.1,66,12.1,1011.8,93.0,95.0,96.0,94.66666666666667,97.71428571428571,90.0,5,3,0.8992961915530253,0.4373400963303323
"Bidhannagar, Kolkata - WBPCB",2027-03-07,90.0,45.15,93.35,21.08,8.07,0.62,28.5,29.39,seasonal_forecast,26.3,66,12.1,1011.7,92.0,93.0,95.0,93.33333333333333,96.28571428571429,89.0,6,3,0.9066860720977985,0.4218060770826634
"Bidhannagar, Kolkata - WBPCB",2027-03-08,89.0,44.44,92.3,20.83,8.05,0.62,28.73,29.3,seasonal_forecast,26.4,66,12.2,1011.6,90.0,92.0,93.0,91.66666666666667,94.71428571428571,88.0,0,3,0.9138076496466615,0.40614723863057883
"Bidhannagar, Kolkata - WBPCB",2027-03-09,88.0,43.74,91.25,20.58,8.03,0.62,28.97,29.21,seasonal_forecast,26.5,66,12.2,1011.5,89.0,90.0,92.0,90.33333333333333,93.28571428571429,86.0,1,3,0.9206588168102428,0.3903682146763026
"Bidhannagar, Kolkata - WBPCB",2027-03-10,86.0,43.05,90.22,20.32,8.02,0.61,29.2,29.13,seasonal_forecast,26.7,66,12.3,1011.3,88.0,89.0,90.0,89.0,91.85714285714286,85.0,2,3,0.9272375462179537,0.374473674486883
"Bidhannagar, Kolkata - WBPCB",2027-03-11,85.0,42.38,89.2,20.07,8.0,0.61,29.43,29.04,seasonal_forecast,26.8,66,12.3,1011.2,86.0,88.0,89.0,87.66666666666667,90.42857142857143,84.0,3,3,0.9335418911179212,0.35846832151248087
"Bidhannagar, Kolkata - WBPCB",2027-03-12,84.0,41.72,88.19,19.81,7.99,0.61,29.65,28.96,seasonal_forecast,26.9,66,12.4,1011.1,85.0,86.0,88.0,86.33333333333333,89.0,83.0,4,3,0.9395699859530622,0.342356891994542
"Bidhannagar, Kolkata - WBPCB",2027-03-13,83.0,41.07,87.2,19.55,7.97,0.61,29.88,28.87,seasonal_forecast,27.1,66,12.4,1011.0,84.0,85.0,86.0,85.0,87.71428571428571,82.0,5,3,0.945320046913132,0.3261441535642696
"Bidhannagar, Kolkata - WBPCB",2027-03-14,82.0,40.43,86.21,19.3,7.96,0.61,30.11,28.79,seasonal_forecast,27.2,66,12.5,1010.9,83.0,84.0,85.0,84.0,86.42857142857143,81.0,6,3,0.9507903724625832,0.3098349038318025
"Bidhannagar, Kolkata - WBPCB",2027-03-15,81.0,39.81,85.25,19.04,7.94,0.61,30.33,28.71,seasonal_forecast,27.3,66,12.6,1010.8,82.0,83.0,84.0,83.0,85.28571428571429,80.0,0,3,0.9559793438440766,0.2934339689665273
"Bidhannagar, Kolkata - WBPCB",2027-03-16,80.0,39.2,84.29,18.79,7.93,0.61,30.56,28.63,seasonal_forecast,27.4,66,12.6,1010.7,81.0,82.0,83.0,82.0,84.14285714285714,79.0,1,3,0.9608854255574977,0.27694620226893646
"Bidhannagar, Kolkata - WBPCB",2027-03-17,79.0,38.61,83.35,18.53,7.92,0.62,30.78,28.55,seasonal_forecast,27.5,66,12.7,1010.6,80.0,81.0,82.0,81.0,83.0,78.0,2,3,0.9655071658143364,0.2603764827344581
"Bidhannagar, Kolkata - WBPCB",2027-03-18,78.0,38.02,82.42,18.28,7.91,0.62,31.0,28.47,seasonal_forecast,27.6,66,12.7,1010.5,79.0,80.0,81.0,80.0,82.0,77.0,3,3,0.969843196967294,0.24372971360968387
"Bidhannagar, Kolkata - WBPCB",2027-03-19,77.0,37.45,81.51,18.03,7.9,0.62,31.21,28.39,seasonal_forecast,27.7,66,12.8,1010.4,78.0,79.0,80.0,79.0,81.0,76.0,4,3,0.9738922359149924,0.22701082094141847
"Bidhannagar, Kolkata - WBPCB",2027-03-20,76.0,36.9,80.61,17.78,7.89,0.62,31.43,28.32,seasonal_forecast,27.9,66,12.8,1010.3,77.0,78.0,79.0,78.0,80.0,75.0,5,3,0.9776530844816641,0.2102247521189836
"Bidhannagar, Kolkata - WBPCB",2027-03-21,75.0,36.35,79.73,17.54,7.88,0.62,31.64,28.24,seasonal_forecast,28.0,67,12.9,1010.2,76.0,77.0,78.0,77.0,79.0,74.0,6,3,0.981124629771712,0.19337647441020586
"Bidhannagar, Kolkata - WBPCB",2027-03-22,74.0,35.82,78.86,17.3,7.87,0.62,31.85,28.17,seasonal_forecast,28.1,67,12.9,1010.0,75.0,76.0,77.0,76.0,78.0,74.0,0,3,0.984305844499033,0.17647097349152166
"Bidhannagar, Kolkata - WBPCB",2027-03-23,74.0,35.3,78.01,17.06,7.87,0.62,32.05,28.1,seasonal_forecast,28.2,67,13.0,1009.9,74.0,75.0,76.0,75.0,77.0,73.0,1,3,0.9871957872910085,0.15951325197263655
"Bidhannagar, Kolkata - WBPCB",2027-03-24,73.0,34.8,77.17,16.82,7.86,0.62,32.25,28.03,seasonal_forecast,28.3,67,13.0,1009.8,74.0,74.0,75.0,74.33333333333333,76.14285714285714,72.0,2,3,0.9897936029670716,0.14250832791617088
"Bidhannagar, Kolkata - WBPCB",2027-03-25,72.0,34.31,76.35,16.59,7.86,0.62,32.45,27.96,seasonal_forecast,28.3,67,13.1,1009.7,73.0,74.0,74.0,73.66666666666667,75.28571428571429,71.0,3,3,0.992098522791769,0.12546123335273648
"Bidhannagar, Kolkata - WBPCB",2027-03-26,71.0,33.83,75.54,16.37,7.85,0.62,32.64,27.89,seasonal_forecast,28.4,67,13.2,1009.6,72.0,73.0,74.0,73.0,74.42857142857143,71.0,4,3,0.9941098647022418,0.10837701279187609
"Bidhannagar, Kolkata - WBPCB",2027-03-27,71.0,33.36,74.75,16.14,7.85,0.62,32.83,27.82,seasonal_forecast,28.5,67,13.2,1009.5,71.0,72.0,73.0,72.0,73.57142857142857,70.0,5,3,0.9958270335100595,0.09126072172931188
"Bidhannagar, Kolkata - WBPCB",2027-03-28,70.0,32.91,73.97,15.93,7.85,0.62,33.02,27.76,seasonal_forecast,28.6,67,13.3,1009.4,71.0,71.0,72.0,71.33333333333333,72.85714285714286,70.0,6,3,0.9972495210773451,0.07411742515094437
"Bidhannagar, Kolkata - WBPCB",2027-03-29,70.0,32.47,73.21,15.72,7.84,0.63,33.2,27.7,seasonal_forecast,28.7,67,13.3,1009.3,70.0,71.0,71.0,70.66666666666667,72.14285714285714,69.0,0,3,0.998376906467142,0.056952196034039754
"Bidhannagar, Kolkata - WBPCB",2027-03-30,69.0,32.04,72.46,15.51,7.84,0.63,33.37,27.64,seasonal_forecast,28.8,67,13.4,1009.2,70.0,70.0,71.0,70.33333333333333,71.57142857142857,69.0,1,3,0.9992088560679753,0.03977011384605572
"Bidhannagar, Kolkata - WBPCB",2027-03-31,69.0,31.62,71.73,15.31,7.84,0.63,33.54,27.58,seasonal_forecast,28.8,67,13.4,1009.1,69.0,70.0,70.0,69.66666666666667,70.85714285714286,68.0,2,3,0.9997451236925734,0.022576263041545485
"Bidhannagar, Kolkata - WBPCB",2027-04-01,68.0,31.21,71.01,15.11,7.84,0.63,33.71,27.52,seasonal_forecast,28.9,68,13.5,1009.0,69.0,69.0,70.0,69.33333333333333,70.28571428571429,68.0,3,4,0.9999855506507186,0.005375731557583884
"Bidhannagar, Kolkata - WBPCB",2027-04-02,68.0,30.82,70.31,14.92,7.85,0.63,33.87,27.46,seasonal_forecast,29.0,68,13.6,1008.9,68.0,69.0,69.0,68.66666666666667,69.71428571428571,67.0,4,4,0.9999300657962057,-0.011826390691832589
"Bidhannagar, Kolkata - WBPCB",2027-04-03,67.0,30.43,69.62,14.74,7.85,0.63,34.03,27.41,seasonal_forecast,29.1,68,13.6,1008.8,68.0,68.0,69.0,68.33333333333333,69.28571428571429,67.0,5,4,0.9995786855478958,-0.029025013321975237
"Bidhannagar, Kolkata - WBPCB",2027-04-04,67.0,30.06,68.95,14.57,7.85,0.63,34.18,27.36,seasonal_forecast,29.1,68,13.7,1008.7,67.0,68.0,68.0,67.66666666666667,68.71428571428571,66.0,6,4,0.9989315138848577,-0.046215046983708354
"Bidhannagar, Kolkata - WBPCB",2027-04-05,66.0,29.7,68.29,14.4,7.85,0.63,34.32,27.3,seasonal_forecast,29.2,68,13.7,1008.6,67.0,67.0,68.0,67.33333333333333,68.28571428571429,66.0,0,4,0.9979887423155984,-0.06339140486951038
"Bidhannagar, Kolkata - WBPCB",2027-04-06,66.0,29.34,67.65,14.23,7.86,0.63,34.46,27.25,seasonal_forecast,29.2,68,13.8,1008.5,66.0,67.0,67.0,66.66666666666667,67.71428571428571,65.0,1,4,0.9967506498213929,-0.08054900421874167
"Bidhannagar, Kolkata - WBPCB",2027-04-07,65.0,29.0,67.02,14.08,7.86,0.63,34.59,27.21,seasonal_forecast,29.3,68,13.9,1008.3,66.0,66.0,67.0,66.33333333333333,67.28571428571429,65.0,2,4,0.9952176027737294,-0.09768276782171598
"Bidhannagar, Kolkata - WBPCB",2027-04-08,65.0,28.67,66.41,13.93,7.87,0.63,34.72,27.16,seasonal_forecast,29.4,69,13.9,1008.2,65.0,66.0,66.0,65.66666666666667,66.71428571428571,65.0,3,4,0.9933900548258936,-0.11478762552212701
"Bidhannagar, Kolkata - WBPCB",2027-04-09,65.0,28.35,65.81,13.79,7.88,0.63,34.84,27.12,seasonal_forecast,29.4,69,14.0,1008.1,65.0,65.0,66.0,65.33333333333333,66.28571428571429,64.0,4,4,0.9912685467787256,-0.13185851571739118
"Bidhannagar, Kolkata - WBPCB",2027-04-10,64.0,28.03,65.22,13.66,7.88,0.63,34.95,27.07,seasonal_forecast,29.5,69,14.0,1008.0,65.0,65.0,65.0,65.0,65.85714285714286,64.0,5,4,0.9888537064205885,-0.1488903868564548
"Bidhannagar, Kolkata - WBPCB",2027-04-11,64.0,27.73,64.65,13.53,7.89,0.63,35.06,27.03,seasonal_forecast,29.5,69,14.1,1007.9,64.0,65.0,65.0,64.66666666666667,65.42857142857143,64.0,6,4,0.986146248341595,-0.16587819893463143
"Bidhannagar, Kolkata - WBPCB",2027-04-12,64.0,27.43,64.1,13.41,7.9,0.63,35.16,26.99,seasonal_forecast,29.6,69,14.2,1007.8,64.0,64.0,65.0,64.33333333333333,65.0,64.0,0,4,0.9831469737221499,-0.1828169249850199
"Bidhannagar, Kolkata - WBPCB",2027-04-13,64.0,27.15,63.56,13.3,7.9,0.63,35.25,26.96,seasonal_forecast,29.6,70,14.2,1007.7,64.0,64.0,64.0,64.0,64.71428571428571,63.0,1,4,0.9798567700958665,-0.1997015525660636
"Bidhannagar, Kolkata - WBPCB",2027-04-14,63.0,26.87,63.03,13.2,7.91,0.63,35.34,26.92,seasonal_forecast,29.7,70,14.3,1007.6,64.0,64.0,64.0,64.0,64.42857142857143,63.0,2,4,0.9762766110869321,-0.21652708524481437
"Bidhannagar, Kolkata - WBPCB",2027-04-15,63.0,26.6,62.52,13.11,7.92,0.63,35.42,26.89,seasonal_forecast,29.7,70,14.3,1007.5,63.0,64.0,64.0,63.666666666666664,64.14285714285714,63.0,3,4,0.9724075561219968,-0.23328854407545518
"Bidhannagar, Kolkata - WBPCB",2027-04-16,63.0,26.33,62.02,13.02,7.93,0.63,35.5,26.85,seasonal_forecast,29.7,70,14.4,1007.4,63.0,63.0,64.0,63.333333333333336,63.857142857142854,63.0,4,4,0.9682507501166718,-0.2499809690726521
"Bidhannagar, Kolkata - WBPCB",2027-04-17,63.0,26.08,61.53,12.94,7.94,0.63,35.56,26.82,seasonal_forecast,29.8,70,14.5,1007.3,63.0,63.0,63.0,63.0,63.57142857142857,62.0,5,4,0.9638074231367307,-0.26659942067929354
"Bidhannagar, Kolkata - WBPCB",2027-04-18,62.0,25.83,61.05,12.87,7.95,0.63,35.62,26.79,seasonal_forecast,29.8,71,14.5,1007.2,63.0,63.0,63.0,63.0,63.42857142857143,62.0,6,4,0.9590788900341131,-0.28313898122818354
"Bidhannagar, Kolkata - WBPCB",2027-04-19,62.0,25.58,60.59,12.8,7.96,0.63,35.67,26.76,seasonal_forecast,29.8,71,14.6,1007.1,62.0,63.0,63.0,62.666666666666664,63.142857142857146,62.0,0,4,0.9540665500578387,-0.2995947563972602
"Bidhannagar, Kolkata - WBPCB",2027-04-20,62.0,25.35,60.14,12.75,7.97,0.63,35.72,26.74,seasonal_forecast,29.9,71,14.6,1007.0,62.0,62.0,63.0,62.333333333333336,62.857142857142854,62.0,1,4,0.9487718864399473,-0.31596187665790293
"Bidhannagar, Kolkata - WBPCB",2027-04-21,62.0,25.12,59.71,12.7,7.97,0.63,35.76,26.71,seasonal_forecast,29.9,71,14.7,1006.8,62.0,62.0,62.0,62.0,62.57142857142857,61.0,2,4,0.9431964659565866,-0.33223549871590435
"Bidhannagar, Kolkata - WBPCB",2027-04-22,61.0,24.9,59.29,12.66,7.98,0.63,35.79,26.69,seasonal_forecast,29.9,71,14.8,1006.7,62.0,62.0,62.0,62.0,62.42857142857143,61.0,3,4,0.9373419384643772,-0.3484108069446808
"Bidhannagar, Kolkata - WBPCB",2027-04-23,61.0,24.68,58.87,12.62,7.99,0.62,35.81,26.67,seasonal_forecast,29.9,72,14.8,1006.6,61.0,62.0,62.0,61.666666666666664,62.142857142857146,61.0,4,4,0.9312100364121947,-0.3644830148102912
"Bidhannagar, Kolkata - WBPCB",2027-04-24,61.0,24.47,58.47,12.6,8.0,0.62,35.83,26.65,seasonal_forecast,30.0,72,14.9,1006.5,61.0,61.0,62.0,61.333333333333336,61.857142857142854,61.0,5,4,0.9248025743285089,-0.38044736628785164
"Bidhannagar, Kolkata - WBPCB",2027-04-25,61.0,24.26,58.09,12.58,8.01,0.62,35.84,26.63,seasonal_forecast,30.0,72,14.9,1006.4,61.0,61.0,61.0,61.0,61.57142857142857,61.0,6,4,0.9181214482844365,-0.39629913726891813
"Bidhannagar, Kolkata - WBPCB",2027-04-26,61.0,24.06,57.71,12.57,8.02,0.62,35.84,26.61,seasonal_forecast,30.0,72,15.0,1006.3,61.0,61.0,61.0,61.0,61.42857142857143,60.0,0,4,0.9111686353326631,-0.41203363695942635
"Bidhannagar, Kolkata - WBPCB",2027-04-27,60.0,23.86,57.35,12.56,8.03,0.62,35.83,26.59,seasonal_forecast,30.0,72,15.0,1006.2,61.0,61.0,61.0,61.0,61.285714285714285,60.0,1,4,0.9039461929224011,-0.42764620926777464
"Bidhannagar, Kolkata - WBPCB",2027-04-28,60.0,23.67,56.99,12.57,8.03,0.62,35.82,26.57,seasonal_forecast,30.1,73,15.1,1006.1,60.0,61.0,61.0,60.666666666666664,61.0,60.0,2,4,0.8964562582905575,-0.44313223418263453
"Bidhannagar, Kolkata - WBPCB",2027-04-29,60.0,23.49,56.65,12.57,8.04,0.62,35.8,26.56,seasonal_forecast,30.1,73,15.1,1006.0,60.0,60.0,61.0,60.333333333333336,60.714285714285715,60.0,3,4,0.8887010478292915,-0.45848712914008766
"Bidhannagar, Kolkata - WBPCB",2027-04-30,60.0,23.3,56.32,12.59,8.05,0.61,35.77,26.54,seasonal_forecast,30.1,73,15.2,1005.8,60.0,60.0,60.0,60.0,60.57142857142857,60.0,4,4,0.8806828564301475,-0.47370635037968
"Bidhannagar, Kolkata - WBPCB",2027-05-01,60.0,23.12,55.99,12.61,8.05,0.61,35.74,26.53,seasonal_forecast,30.1,73,15.2,1005.7,60.0,60.0,60.0,60.0,60.42857142857143,59.0,5,5,0.8724040568049612,-0.48878539428899265
"Bidhannagar, Kolkata - WBPCB",2027-05-02,59.0,22.95,55.68,12.64,8.06,0.61,35.7,26.52,seasonal_forecast,30.1,74,15.3,1005.6,60.0,60.0,60.0,60.0,60.285714285714285,59.0,6,5,0.8638670987837349,-0.503719798736334
"Bidhannagar, Kolkata - WBPCB",2027-05-03,59.0,22.78,55.38,12.67,8.06,0.61,35.65,26.51,seasonal_forecast,30.1,74,15.3,1005.5,59.0,60.0,60.0,59.666666666666664,60.0,59.0,0,5,0.8550745085896932,-0.518505144391157
"Bidhannagar, Kolkata - WBPCB",2027-05-04,59.0,22.61,55.08,12.71,8.06,0.61,35.59,26.5,seasonal_forecast,30.1,74,15.4,1005.4,59.0,59.0,60.0,59.333333333333336,59.714285714285715,59.0,1,5,0.8460288880917339,-0.533137056031809
"Bidhannagar, Kolkata - WBPCB",2027-05-05,59.0,22.45,54.8,12.75,8.07,0.61,35.53,26.49,seasonal_forecast,30.1,74,15.4,1005.3,59.0,59.0,59.0,59.0,59.57142857142857,59.0,2,5,0.8367329140344921,-0.5476112038402312
"Bidhannagar, Kolkata - WBPCB",2027-05-06,59.0,22.29,54.52,12.8,8.07,0.6,35.46,26.48,seasonal_forecast,30.2,75,15.5,1005.2,59.0,59.0,59.0,59.0,59.42857142857143,58.0,3,5,0.8271893372462497,-0.5619233046832195
"Bidhannagar, Kolkata - WBPCB",2027-05-07,58.0,22.13,54.26,12.86,8.07,0.6,35.39,26.47,seasonal_forecast,30.2,75,15.5,1005.1,59.0,59.0,59.0,59.0,59.285714285714285,58.0,4,5,0.8174009818249189,-0.5760691233798758
"Bidhannagar, Kolkata - WBPCB",2027-05-08,58.0,21.98,54.0,12.92,8.07,0.6,35.3,26.46,seasonal_forecast,30.2,75,15.5,1004.9,58.0,59.0,59.0,58.666666666666664,59.0,58.0,5,5,0.8073707443023492,-0.5900444739548627
"Bidhannagar, Kolkata - WBPCB",2027-05-09,58.0,21.83,53.75,12.98,8.07,0.6,35.21,26.45,seasonal_forecast,30.2,75,15.6,1004.8,58.0,58.0,59.0,58.333333333333336,58.714285714285715,58.0,6,5,0.7971015927871943,-0.6038452208771035
"Bidhannagar, Kolkata - WBPCB",2027-05-10,58.0,21.68,53.51,13.05,8.07,0.6,35.12,26.44,seasonal_forecast,30.2,75,15.6,1004.7,58.0,58.0,58.0,58.0,58.57142857142857,57.0,0,5,0.7865965660866021,-0.6174672802835514
"Bidhannagar, Kolkata - WBPCB",2027-05-11,57.0,21.54,53.27,13.12,8.07,0.6,35.02,26.44,seasonal_forecast,30.2,76,15.7,1004.6,58.0,58.0,58.0,58.0,58.42857142857143,57.0,1,5,0.7758587728069828,-0.6309066211876704
"Bidhannagar, Kolkata - WBPCB",2027-05-12,57.0,21.4,53.05,13.19,8.06,0.59,34.91,26.43,seasonal_forecast,30.2,76,15.7,1004.5,57.0,58.0,58.0,57.666666666666664,58.142857142857146,57.0,2,5,0.7648913904341226,-0.6441592666722685
"Bidhannagar, Kolkata - WBPCB",2027-05-13,57.0,21.26,52.83,13.27,8.06,0.59,34.79,26.42,seasonal_forecast,30.2,76,15.7,1004.4,57.0,57.0,58.0,57.333333333333336,57.857142857142854,57.0,3,5,0.753697664392914,-0.6572212950663319
"Bidhannagar, Kolkata - WBPCB",2027-05-14,57.0,21.13,52.61,13.35,8.05,0.59,34.67,26.42,seasonal_forecast,30.2,76,15.7,1004.3,57.0,57.0,57.0,57.0,57.57142857142857,56.0,4,5,0.742280907086982,-0.6700888411055113
"Bidhannagar, Kolkata - WBPCB",2027-05-15,56.0,20.99,52.41,13.44,8.05,0.59,34.54,26.41,seasonal_forecast,30.2,77,15.8,1004.1,57.0,57.0,57.0,57.0,57.42857142857143,56.0,5,5,0.7306444969184916,-0.6827580970759147
"Bidhannagar, Kolkata - WBPCB",2027-05-16,56.0,20.86,52.21,13.52,8.04,0.59,34.41,26.4,seasonal_forecast,30.2,77,15.8,1004.0,56.0,57.0,57.0,56.666666666666664,57.142857142857146,56.0,6,5,0.7187918772884232,-0.6952253139408722
"Bidhannagar, Kolkata - WBPCB",2027-05-17,56.0,20.74,52.01,13.61,8.03,0.59,34.27,26.39,seasonal_forecast,30.2,77,15.8,1003.9,56.0,56.0,57.0,56.333333333333336,56.857142857142854,56.0,0,5,0.7067265555776158,-0.7074868024503348
"Bidhannagar, Kolkata - WBPCB",2027-05-18,56.0,20.61,51.82,13.7,8.02,0.59,34.13,26.39,seasonal_forecast,30.2,77,15.8,1003.8,56.0,56.0,56.0,56.0,56.57142857142857,55.0,1,5,0.6944521021088763,-0.719538934232584
"Bidhannagar, Kolkata - WBPCB",2027-05-19,55.0,20.49,51.64,13.79,8.01,0.59,33.98,26.38,seasonal_forecast,30.2,77,15.9,1003.7,56.0,56.0,56.0,56.0,56.42857142857143,55.0,2,5,0.6819721490904629,-0.7313781428679254
"Bidhannagar, Kolkata - WBPCB",2027-05-20,55.0,20.37,51.46,13.88,8.0,0.59,33.83,26.37,seasonal_forecast,30.2,78,15.9,1003.6,55.0,56.0,56.0,55.666666666666664,56.142857142857146,55.0,3,5,0.6692903895412567,-0.7430009249440493
"Bidhannagar, Kolkata - WBPCB",2027-05-21,55.0,20.25,51.29,13.98,7.98,0.58,33.67,26.36,seasonal_forecast,30.2,78,15.9,1003.5,55.0,55.0,56.0,55.333333333333336,55.857142857142854,55.0,4,5,0.6564105761979381,-0.7544038410927472
"Bidhannagar, Kolkata - WBPCB",2027-05-22,55.0,20.14,51.12,14.07,7.97,0.58,33.51,26.35,seasonal_forecast,30.2,78,15.9,1003.4,55.0,55.0,55.0,55.0,55.57142857142857,54.0,5,5,0.6433365204044917,-0.765583517007675
"Bidhannagar, Kolkata - WBPCB",2027-05-23,54.0,20.02,50.96,14.17,7.95,0.58,33.34,26.34,seasonal_forecast,30.2,78,15.9,1003.2,55.0,55.0,55.0,55.0,55.42857142857143,54.0,6,5,0.6300720909843687,-0.7765366444428655
"Bidhannagar, Kolkata - WBPCB",2027-05-24,54.0,19.92,50.8,14.26,7.94,0.58,33.16,26.33,seasonal_forecast,30.1,78,16.0,1003.1,54.0,55.0,55.0,54.666666666666664,55.142857142857146,54.0,0,5,0.6166212130956382,-0.7872599821916922
"Bidhannagar, Kolkata - WBPCB",2027-05-25,54.0,19.81,50.64,14.35,7.92,0.58,32.99,26.32,seasonal_forecast,30.1,79,16.0,1003.0,54.0,54.0,55.0,54.333333333333336,54.857142857142854,53.0,1,5,0.6029878670694714,-0.7977503570459932
"Bidhannagar, Kolkata - WBPCB",2027-05-26,53.0,19.7,50.49,14.45,7.9,0.58,32.81,26.3,seasonal_forecast,30.1,79,16.0,1002.9,54.0,54.0,54.0,54.0,54.57142857142857,53.0,2,5,0.5891760872322963,-0.8080046647350754
"Bidhannagar, Kolkata - WBPCB",2027-05-27,53.0,19.6,50.34,14.54,7.88,0.58,32.62,26.29,seasonal_forecast,30.1,79,16.0,1002.8,53.0,54.0,54.0,53.666666666666664,54.285714285714285,53.0,3,5,0.5751899607119775,-0.8180198708443175
"Bidhannagar, Kolkata - WBPCB",2027-05-28,53.0,19.5,50.19,14.63,7.86,0.58,32.43,26.27,seasonal_forecast,30.1,79,16.0,1002.7,53.0,53.0,54.0,53.333333333333336,54.0,53.0,4,5,0.5610336262283677,-0.8277930117131022
"Bidhannagar, Kolkata - WBPCB",2027-05-29,53.0,19.41,50.04,14.72,7.84,0.59,32.24,26.26,seasonal_forecast,30.1,79,16.0,1002.6,53.0,53.0,53.0,53.0,53.714285714285715,52.0,5,5,0.5467112728685939,-0.8373211953118121
"Bidhannagar, Kolkata - WBPCB",2027-05-30,52.0,19.31,49.9,14.81,7.81,0.59,32.05,26.24,seasonal_forecast,30.1,79,16.0,1002.5,53.0,53.0,53.0,53.0,53.42857142857143,52.0,6,5,0.5322271388474397,-0.8466016020976267
"Bidhannagar, Kolkata - WBPCB",2027-05-31,52.0,19.22,49.76,14.9,7.79,0.59,31.85,26.22,seasonal_forecast,30.1,80,16.0,1002.4,52.0,53.0,53.0,52.666666666666664,53.142857142857146,52.0,0,5,0.5175855102531889,-0.8556314858488706
"Bidhannagar, Kolkata - WBPCB",2027-06-01,52.0,19.13,49.62,14.98,7.76,0.59,31.65,26.2,seasonal_forecast,30.1,80,16.0,1002.3,52.0,52.0,53.0,52.333333333333336,52.857142857142854,51.0,1,6,0.5027907197793043,-0.8644081744776648
"Bidhannagar, Kolkata - WBPCB",2027-06-02,51.0,19.05,49.49,15.07,7.74,0.59,31.44,26.18,seasonal_forecast,30.0,80,16.0,1002.2,52.0,52.0,52.0,52.0,52.57142857142857,51.0,2,6,0.4878471454423119,-0.8729290708206411
"Bidhannagar, Kolkata - WBPCB",2027-06-03,51.0,18.96,49.35,15.15,7.71,0.59,31.24,26.16,seasonal_forecast,30.0,80,16.0,1002.1,51.0,52.0,52.0,51.666666666666664,52.285714285714285,51.0,3,6,0.47275920928627757,-0.881191653407483
"Bidhannagar, Kolkata - WBPCB",2027-06-04,51.0,18.88,49.22,15.22,7.68,0.59,31.03,26.14,seasonal_forecast,30.0,80,16.0,1002.0,51.0,51.0,52.0,51.333333333333336,52.0,51.0,4,6,0.4575313760742512,-0.8891934772070711
"Bidhannagar, Kolkata - WBPCB",2027-06-05,51.0,18.8,49.08,15.3,7.65,0.59,30.82,26.11,seasonal_forecast,30.0,80,16.0,1001.9,51.0,51.0,51.0,51.0,51.714285714285715,50.0,5,6,0.44216815196707204,-0.8969321743510065
"Bidhannagar, Kolkata - WBPCB",2027-06-06,50.0,18.73,48.95,15.37,7.62,0.6,30.61,26.08,seasonal_forecast,30.0,81,15.9,1001.8,51.0,51.0,51.0,51.0,51.42857142857143,50.0,6,6,0.42667408318992467,-0.9044054548343001
"Bidhannagar, Kolkata - WBPCB",2027-06-07,50.0,18.66,48.82,15.44,7.59,0.6,30.4,26.06,seasonal_forecast,30.0,81,15.9,1001.7,50.0,51.0,51.0,50.666666666666664,51.142857142857146,50.0,0,6,0.4110537546870351,-0.9116111071930239
"Bidhannagar, Kolkata - WBPCB",2027-06-08,50.0,18.59,48.68,15.5,7.56,0.6,30.18,26.03,seasonal_forecast,29.9,81,15.9,1001.6,50.0,50.0,51.0,50.333333333333336,50.857142857142854,49.0,1,6,0.3953117887649151,-0.9185469991587165
"Bidhannagar, Kolkata - WBPCB",2027-06-09,49.0,18.52,48.55,15.57,7.53,0.6,29.97,25.99,seasonal_forecast,29.9,81,15.9,1001.5,50.0,50.0,50.0,50.0,50.57142857142857,49.0,2,6,0.37945284372454435,-0.925211078289358
"Bidhannagar, Kolkata - WBPCB",2027-06-10,49.0,18.46,48.42,15.63,7.5,0.6,29.75,25.96,seasonal_forecast,29.9,81,15.9,1001.4,49.0,50.0,50.0,49.666666666666664,50.285714285714285,49.0,3,6,0.36348161248290634,-0.9316013725767187
"Bidhannagar, Kolkata - WBPCB",2027-06-11,49.0,18.4,48.28,15.68,7.47,0.61,29.53,25.93,seasonal_forecast,29.9,81,15.9,1001.3,49.0,49.0,50.0,49.333333333333336,50.0,49.0,4,6,0.3474028211842774,-0.9377159910299093
"Bidhannagar, Kolkata - WBPCB",2027-06-12,49.0,18.34,48.15,15.73,7.43,0.61,29.32,25.89,seasonal_forecast,29.8,81,15.8,1001.2,49.0,49.0,49.0,49.0,49.714285714285715,48.0,5,6,0.3312212278016865,-0.9435531242349544
"Bidhannagar, Kolkata - WBPCB",2027-06-13,48.0,18.28,48.01,15.78,7.4,0.61,29.1,25.85,seasonal_forecast,29.8,81,15.8,1001.1,49.0,49.0,49.0,49.0,49.42857142857143,48.0,6,6,0.31494162072895193,-0.9491110448902284
"Bidhannagar, Kolkata - WBPCB",2027-06-14,48.0,18.23,47.87,15.82,7.36,0.62,28.88,25.81,seasonal_forecast,29.8,82,15.8,1001.1,48.0,49.0,49.0,48.666666666666664,49.142857142857146,48.0,0,6,0.2985688173637202,-0.9543881083175908
"Bidhannagar, Kolkata - WBPCB",2027-06-15,48.0,18.18,47.73,15.86,7.33,0.62,28.66,25.77,seasonal_forecast,29.8,82,15.8,1001.0,48.0,48.0,49.0,48.333333333333336,48.857142857142854,48.0,1,6,0.2821076626819194,-0.9593827529490743
"Bidhannagar, Kolkata - WBPCB",2027-06-16,48.0,18.14,47.59,15.89,7.3,0.62,28.45,25.73,seasonal_forecast,29.7,82,15.7,1000.9,48.0,48.0,48.0,48.0,48.57142857142857,48.0,2,6,0.26556302780405594,-0.9640935007889755
"Bidhannagar, Kolkata - WBPCB",2027-06-17,48.0,18.09,47.45,15.92,7.26,0.63,28.23,25.68,seasonal_forecast,29.7,82,15.7,1000.8,48.0,48.0,48.0,48.0,48.42857142857143,47.0,3,6,0.24893980855376657,-0.9685189578512204
"Bidhannagar, Kolkata - WBPCB",2027-06-18,47.0,18.05,47.31,15.95,7.23,0.63,28.01,25.63,seasonal_forecast,29.7,82,15.7,1000.7,48.0,48.0,48.0,48.0,48.285714285714285,47.0,4,6,0.23224292400907015,-0.9726578145718654
"Bidhannagar, Kolkata - WBPCB",2027-06-19,47.0,18.01,47.16,15.97,7.19,0.63,27.8,25.59,seasonal_forecast,29.7,82,15.7,1000.7,47.0,48.0,48.0,47.666666666666664,48.0,47.0,5,6,0.21547731504673012,-0.976508846196619
"Bidhannagar, Kolkata - WBPCB",2027-06-20,47.0,17.98,47.01,15.99,7.16,0.64,27.59,25.54,seasonal_forecast,29.6,82,15.6,1000.6,47.0,47.0,48.0,47.333333333333336,47.714285714285715,47.0,6,6,0.19864794288017112,-0.9800709131432666
"Bidhannagar, Kolkata - WBPCB",2027-06-21,47.0,17.94,46.86,16.01,7.12,0.64,27.37,25.48,seasonal_forecast,29.6,82,15.6,1000.5,47.0,47.0,47.0,47.0,47.57142857142857,47.0,0,6,0.18175978759137534,-0.9833429613388902
"Bidhannagar, Kolkata - WBPCB",2027-06-22,47.0,17.91,46.71,16.01,7.09,0.64,27.16,25.43,seasonal_forecast,29.6,83,15.6,1000.5,47.0,47.0,47.0,47.0,47.42857142857143,46.0,1,6,0.16481784665719793,-0.9863240225317866
"Bidhannagar, Kolkata - WBPCB",2027-06-23,46.0,17.88,46.55,16.02,7.06,0.65,26.96,25.38,seasonal_forecast,29.5,83,15.5,1000.4,47.0,47.0,47.0,47.0,47.285714285714285,46.0,2,6,0.14782713347053048,-0.9890132145779883
"Bidhannagar, Kolkata - WBPCB",2027-06-24,46.0,17.86,46.39,16.02,7.02,0.65,26.75,25.32,seasonal_forecast,29.5,83,15.5,1000.3,46.0,47.0,47.0,46.666666666666664,47.0,46.0,3,6,0.13079267585675922,-0.9914097417023038
"Bidhannagar, Kolkata - WBPCB",2027-06-25,46.0,17.84,46.23,16.02,6.99,0.65,26.55,25.26,seasonal_forecast,29.5,83,15.5,1000.3,46.0,46.0,47.0,46.333333333333336,46.714285714285715,46.0,4,6,0.11371951458594969,-0.9935128947338007
"Bidhannagar, Kolkata - WBPCB",2027-06-26,46.0,17.82,46.07,16.01,6.96,0.66,26.35,25.2,seasonal_forecast,29.4,83,15.4,1000.2,46.0,46.0,46.0,46.0,46.57142857142857,46.0,5,6,0.0966127018812031,-0.9953220513156602
"Bidhannagar, Kolkata - WBPCB",2027-06-27,46.0,17.8,45.9,16.0,6.93,0.66,26.15,25.14,seasonal_forecast,29.4,83,15.4,1000.2,46.0,46.0,46.0,46.0,46.42857142857143,46.0,6,6,0.07947729992362097,-0.9968366760893436
"Bidhannagar, Kolkata - WBPCB",2027-06-28,46.0,17.78,45.73,15.99,6.9,0.67,25.95,25.08,seasonal_forecast,29.4,83,15.4,1000.1,46.0,46.0,46.0,46.0,46.285714285714285,45.0,0,6,0.062318379354325076,-0.998056320853012
"Bidhannagar, Kolkata - WBPCB",2027-06-29,45.0,17.77,45.55,15.97,6.86,0.67,25.76,25.01,seasonal_forecast,29.3,83,15.3,1000.1,46.0,46.0,46.0,46.0,46.142857142857146,45.0,1,6,0.04514101777397193,-0.9989806246941579
"Bidhannagar, Kolkata - WBPCB",2027-06-30,45.0,17.75,45.38,15.95,6.84,0.67,25.57,24.95,seasonal_forecast,29.3,83,15.3,1000.0,45.0,46.0,46.0,45.666666666666664,45.857142857142854,45.0,2,6,0.02795029824021032,-0.999609314096404
"Bidhannagar, Kolkata - WBPCB",2027-07-01,45.0,17.74,45.2,15.92,6.81,0.68,25.38,24.88,seasonal_forecast,29.3,84,15.3,1000.0,45.0,45.0,46.0,45.333333333333336,45.714285714285715,45.0,3,7,0.01075130776352193,-0.9999422030204416
"Bidhannagar, Kolkata - WBPCB",2027-07-02,45.0,17.73,45.01,15.89,6.78,0.68,25.2,24.81,seasonal_forecast,29.2,84,15.2,1000.0,45.0,45.0,45.0,45.0,45.57142857142857,45.0,4,7,-0.00645086419810515,-0.9999791929590823
"Bidhannagar, Kolkata - WBPCB",2027-07-03,45.0,17.73,44.83,15.86,6.75,0.68,25.02,24.74,seasonal_forecast,29.2,84,15.2,999.9,45.0,45.0,45.0,45.0,45.42857142857143,45.0,5,7,-0.023651127245231586,-0.9997202729664083
"Bidhannagar, Kolkata - WBPCB",2027-07-04,45.0,17.72,44.64,15.83,6.73,0.69,24.85,24.67,seasonal_forecast,29.1,84,15.2,999.9,45.0,45.0,45.0,45.0,45.285714285714285,45.0,6,7,-0.04084439154329611,-0.9991655196610109
"Bidhannagar, Kolkata - WBPCB",2027-07-05,45.0,17.72,44.45,15.79,6.7,0.69,24.67,24.6,seasonal_forecast,29.1,84,15.1,999.9,45.0,45.0,45.0,45.0,45.142857142857146,45.0,0,7,-0.05802556932878035,-0.9983150972033183
"Bidhannagar, Kolkata - WBPCB",2027-07-06,45.0,17.71,44.25,15.75,6.68,0.69,24.51,24.53,seasonal_forecast,29.1,84,15.1,999.9,45.0,45.0,45.0,45.0,45.0,45.0,1,7,-0.07518957641475855,-0.9971692572470178
"Bidhannagar, Kolkata - WBPCB",2027-07-07,45.0,17.71,44.06,15.71,6.66,0.7,24.34,24.46,seasonal_forecast,29.0,84,15.1,999.8,45.0,45.0,45.0,45.0,45.0,45.0,2,7,-0.09233133369539122,-0.9957283388645872
"Bidhannagar, Kolkata - WBPCB",2027-07-08,45.0,17.71,43.86,15.66,6.63,0.7,24.19,24.38,seasonal_forecast,29.0,84,15.0,999.8,45.0,45.0,45.0,45.0,45.0,45.0,3,7,-0.10944576864891556,-0.993992768446958
"Bidhannagar, Kolkata - WBPCB",2027-07-09,45.0,17.71,43.65,15.62,6.62,0.7,24.03,24.31,seasonal_forecast,28.9,84,15.0,999.8,45.0,45.0,45.0,45.0,45.0,44.0,4,7,-0.12652781683868314,-0.9919630595773397
"Bidhannagar, Kolkata - WBPCB",2027-07-10,44.0,17.72,43.45,15.57,6.6,0.71,23.88,24.23,seasonal_forecast,28.9,84,15.0,999.8,45.0,45.0,45.0,45.0,45.0,44.0,5,7,-0.1435724234118113,-0.9896398128792412
"Bidhannagar, Kolkata - WBPCB",2027-07-11,44.0,17.72,43.24,15.52,6.58,0.71,23.74,24.16,seasonal_forecast,28.9,85,14.9,999.8,44.0,45.0,45.0,44.666666666666664,44.857142857142854,44.0,6,7,-0.16057454459499376,-0.9870237158387383
"Bidhannagar, Kolkata - WBPCB",2027-07-12,44.0,17.72,43.03,15.47,6.57,0.71,23.6,24.08,seasonal_forecast,28.8,85,14.9,999.8,44.0,44.0,45.0,44.333333333333336,44.714285714285715,44.0,0,7,-0.17752914918703497,-0.984115542601034
"Bidhannagar, Kolkata - WBPCB",2027-07-13,44.0,17.72,42.82,15.41,6.55,0.71,23.46,24.01,seasonal_forecast,28.8,85,14.8,999.8,44.0,44.0,44.0,44.0,44.57142857142857,44.0,1,7,-0.19443122004766195,-0.9809161537413774
"Bidhannagar, Kolkata - WBPCB",2027-07-14,44.0,17.73,42.61,15.36,6.54,0.71,23.33,23.93,seasonal_forecast,28.7,85,14.8,999.8,44.0,44.0,44.0,44.0,44.42857142857143,44.0,2,7,-0.2112757555821793,-0.9774264960104055
"Bidhannagar, Kolkata - WBPCB",2027-07-15,44.0,17.73,42.39,15.3,6.53,0.72,23.2,23.86,seasonal_forecast,28.7,85,14.8,999.8,44.0,44.0,44.0,44.0,44.285714285714285,44.0,3,7,-0.2280577712215198,-0.9736476020539838
"Bidhannagar, Kolkata - WBPCB",2027-07-16,44.0,17.74,42.18,15.25,6.52,0.72,23.08,23.78,seasonal_forecast,28.7,85,14.8,999.8,44.0,44.0,44.0,44.0,44.142857142857146,44.0,4,7,-0.24477230089725957,-0.9695805901076308
"Bidhannagar, Kolkata - WBPCB",2027-07-17,44.0,17.74,41.96,15.19,6.51,0.72,22.97,23.7,seasonal_forecast,28.6,85,14.7,999.8,44.0,44.0,44.0,44.0,44.0,44.0,5,7,-0.2614143985111562,-0.965226663665613
"Bidhannagar, Kolkata - WBPCB",2027-07-18,44.0,17.75,41.74,15.13,6.51,0.72,22.86,23.63,seasonal_forecast,28.6,85,14.7,999.8,44.0,44.0,44.0,44.0,44.0,44.0,6,7,-0.2779791393987801,-0.9605871111248129
"Bidhannagar, Kolkata - WBPCB",2027-07-19,44.0,17.75,41.53,15.07,6.5,0.72,22.75,23.55,seasonal_forecast,28.5,85,14.7,999.8,44.0,44.0,44.0,44.0,44.0,44.0,0,7,-0.2944616217868012,-0.9556633054034704
"Bidhannagar, Kolkata - WBPCB",2027-07-20,44.0,17.76,41.31,15.02,6.5,0.72,22.65,23.48,seasonal_forecast,28.5,86,14.6,999.8,44.0,44.0,44.0,44.0,44.0,44.0,1,7,-0.3108569682435036,-0.9504567035349151
"Bidhannagar, Kolkata - WBPCB",2027-07-21,44.0,17.76,41.09,14.96,6.5,0.72,22.56,23.4,seasonal_forecast,28.5,86,14.6,999.9,44.0,44.0,44.0,44.0,44.0,44.0,2,7,-0.3271603271220951,-0.9449688462364056
"Bidhannagar, Kolkata - WBPCB",2027-07-22,44.0,17.77,40.88,14.91,6.5,0.72,22.47,23.33,seasonal_forecast,28.4,86,14.6,999.9,44.0,44.0,44.0,44.0,44.0,44.0,3,7,-0.34336687399638804,-0.939201357453208
"Bidhannagar, Kolkata - WBPCB",2027-07-23,44.0,17.77,40.66,14.85,6.5,0.72,22.39,23.26,seasonal_forecast,28.4,86,14.5,999.9,44.0,44.0,44.0,44.0,44.0,44.0,4,7,-0.3594718130884232,-0.9331559438780432
"Bidhannagar, Kolkata - WBPCB",2027-07-24,44.0,17.77,40.45,14.8,6.51,0.72,22.31,23.19,seasonal_forecast,28.4,86,14.5,1000.0,44.0,44.0,44.0,44.0,44.0,44.0,5,7,-0.3754703786876202,-0.9268343944460494
"Bidhannagar, Kolkata - WBPCB",2027-07-25,44.0,17.78,40.23,14.74,6.52,0.72,22.24,23.12,seasonal_forecast,28.3,86,14.5,1000.0,44.0,44.0,44.0,44.0,44.0,44.0,6,7,-0.3913578365610259,-0.9202385798054075
"Bidhannagar, Kolkata - WBPCB",2027-07-26,44.0,17.78,40.02,14.69,6.52,0.72,22.17,23.05,seasonal_forecast,28.3,86,14.5,1000.0,44.0,44.0,44.0,44.0,44.0,44.0,0,7,-0.4071294853542516,-0.9133704517637858
"Bidhannagar, Kolkata - WBPCB",2027-07-27,44.0,17.78,39.82,14.64,6.53,0.71,22.11,22.98,seasonal_forecast,28.3,86,14.4,1000.1,44.0,44.0,44.0,44.0,44.0,44.0,1,7,-0.4227806579826773,-0.9062320427107697
"Bidhannagar, Kolkata - WBPCB",2027-07-28,44.0,17.78,39.61,14.59,6.55,0.71,22.06,22.91,seasonal_forecast,28.2,86,14.4,1000.1,44.0,44.0,44.0,44.0,44.0,44.0,2,7,-0.4383067230125192,-0.898825465016444
"Bidhannagar, Kolkata - WBPCB",2027-07-29,44.0,17.79,39.41,14.55,6.56,0.71,22.01,22.85,seasonal_forecast,28.2,87,14.4,1000.2,44.0,44.0,44.0,44.0,44.0,44.0,3,7,-0.45370308603134424,-0.8911529104063088
"Bidhannagar, Kolkata - WBPCB",2027-07-30,44.0,17.79,39.22,14.5,6.57,0.71,21.96,22.79,seasonal_forecast,28.2,87,14.4,1000.2,44.0,44.0,44.0,44.0,44.0,44.0,4,7,-0.46896519100763184,-0.8832166493127127
"Bidhannagar, Kolkata - WBPCB",2027-07-31,44.0,17.79,39.02,14.46,6.59,0.71,21.92,22.73,seasonal_forecast,28.1,87,14.3,1000.3,44.0,44.0,44.0,44.0,44.0,44.0,5,7,-0.48408852163897587,-0.8750190302029955
"Bidhannagar, Kolkata - WBPCB",2027-08-01,44.0,17.79,38.84,14.42,6.61,0.7,21.89,22.67,seasonal_forecast,28.1,87,14.3,1000.3,44.0,44.0,44.0,44.0,44.0,44.0,6,8,-0.4990686026885319,-0.8665624788845385
"Bidhannagar, Kolkata - WBPCB",2027-08-02,44.0,17.78,38.66,14.39,6.63,0.7,21.86,22.61,seasonal_forecast,28.1,87,14.3,1000.4,44.0,44.0,44.0,44.0,44.0,44.0,0,8,-0.5139010013093103,-0.8578494977869301
"Bidhannagar, Kolkata - WBPCB",2027-08-03,44.0,17.78,38.48,14.35,6.65,0.7,21.84,22.55,seasonal_forecast,28.1,87,14.3,1000.4,44.0,44.0,44.0,44.0,44.0,44.0,1,8,-0.5285813283559292,-0.8488826652214553
"Bidhannagar, Kolkata - WBPCB",2027-08-04,44.0,17.78,38.31,14.32,6.68,0.69,21.82,22.5,seasonal_forecast,28.0,87,14.3,1000.5,44.0,44.0,44.0,44.0,44.0,44.0,2,8,-0.5431052396834317,-0.8396646346181327
"Bidhannagar, Kolkata - WBPCB",2027-08-05,44.0,17.78,38.15,14.29,6.7,0.69,21.81,22.45,seasonal_forecast,28.0,87,14.2,1000.6,44.0,44.0,44.0,44.0,44.0,44.0,3,8,-0.5574684374327892,-0.8301981337405212
"Bidhannagar, Kolkata - WBPCB",2027-08-06,44.0,17.78,38.0,14.27,6.73,0.68,21.8,22.4,seasonal_forecast,28.0,87,14.2,1000.6,44.0,44.0,44.0,44.0,44.0,44.0,4,8,-0.5716666713027052,-0.8204859638785327
"Bidhannagar, Kolkata - WBPCB",2027-08-07,44.0,17.77,37.86,14.25,6.75,0.68,21.8,22.36,seasonal_forecast,28.0,87,14.2,1000.7,44.0,44.0,44.0,44.0,44.0,44.0,5,8,-0.5856957398073508,-0.8105309990194823
"Bidhannagar, Kolkata - WBPCB",2027-08-08,44.0,17.77,37.72,14.23,6.78,0.67,21.8,22.32,seasonal_forecast,28.0,88,14.2,1000.8,44.0,44.0,44.0,44.0,44.0,44.0,6,8,-0.5995514915196489,-0.8003361849976323
"Bidhannagar, Kolkata - WBPCB",2027-08-09,44.0,17.77,37.6,14.22,6.81,0.67,21.81,22.28,seasonal_forecast,28.0,88,14.2,1000.8,44.0,44.0,44.0,44.0,44.0,44.0,0,8,-0.6132298262997502,-0.7899045386224707
"Bidhannagar, Kolkata - WBPCB",2027-08-10,44.0,17.77,37.48,14.2,6.85,0.66,21.82,22.24,seasonal_forecast,27.9,88,14.2,1000.9,44.0,44.0,44.0,44.0,44.0,43.0,1,8,-0.6267266965083301,-0.7792391467859886
"Bidhannagar, Kolkata - WBPCB",2027-08-11,43.0,17.77,37.38,14.2,6.88,0.66,21.84,22.21,seasonal_forecast,27.9,88,14.1,1001.0,44.0,44.0,44.0,44.0,44.0,43.0,2,8,-0.6400381082043503,-0.7683431655492202
"Bidhannagar, Kolkata - WBPCB",2027-08-12,43.0,17.77,37.28,14.19,6.91,0.65,21.86,22.18,seasonal_forecast,27.9,88,14.1,1001.1,43.0,44.0,44.0,43.666666666666664,43.857142857142854,43.0,3,8,-0.65316012232693,-0.7572198192083127
"Bidhannagar, Kolkata - WBPCB",2027-08-13,43.0,17.77,37.2,14.19,6.95,0.65,21.89,22.15,seasonal_forecast,27.9,88,14.1,1001.2,43.0,43.0,44.0,43.333333333333336,43.714285714285715,43.0,4,8,-0.666088855860977,-0.7458723993404063
"Bidhannagar, Kolkata - WBPCB",2027-08-14,43.0,17.77,37.13,14.2,6.98,0.64,21.92,22.13,seasonal_forecast,27.9,88,14.1,1001.3,43.0,43.0,43.0,43.0,43.57142857142857,43.0,5,8,-0.6788204829862355,-0.734304263829602
"Bidhannagar, Kolkata - WBPCB",2027-08-15,43.0,17.77,37.08,14.21,7.02,0.63,21.96,22.11,seasonal_forecast,27.9,88,14.1,1001.3,43.0,43.0,43.0,43.0,43.42857142857143,43.0,6,8,-0.6913512362094071,-0.722518835873311
"Bidhannagar, Kolkata - WBPCB",2027-08-16,43.0,17.77,37.04,14.22,7.06,0.63,22.0,22.09,seasonal_forecast,27.9,88,14.1,1001.4,43.0,43.0,43.0,43.0,43.285714285714285,43.0,0,8,-0.7036774074790128,-0.7105196029692745
"Bidhannagar, Kolkata - WBPCB",2027-08-17,43.0,17.78,37.01,14.24,7.1,0.62,22.04,22.08,seasonal_forecast,27.9,88,14.1,1001.5,43.0,43.0,43.0,43.0,43.142857142857146,43.0,1,8,-0.7157953492826642,-0.6983101158835584
"Bidhannagar, Kolkata - WBPCB",2027-08-18,43.0,17.79,37.0,14.26,7.14,0.61,22.09,22.07,seasonal_forecast,27.9,88,14.0,1001.6,43.0,43.0,43.0,43.0,43.0,43.0,2,8,-0.7277014757264236,-0.6858939875998223
"Bidhannagar, Kolkata - WBPCB",2027-08-19,43.0,17.8,37.01,14.28,7.18,0.61,22.14,22.06,seasonal_forecast,27.9,88,14.0,1001.7,43.0,43.0,43.0,43.0,43.0,43.0,3,8,-0.7393922635959241,-0.673274892250183
"Bidhannagar, Kolkata - WBPCB",2027-08-20,43.0,17.81,37.03,14.31,7.22,0.6,22.2,22.06,seasonal_forecast,27.9,88,14.0,1001.8,43.0,43.0,43.0,43.0,43.0,43.0,4,8,-0.7508642533989489,-0.6604565640279754
"Bidhannagar, Kolkata - WBPCB",2027-08-21,43.0,17.83,37.07,14.34,7.26,0.59,22.26,22.06,seasonal_forecast,27.9,88,14.0,1001.9,43.0,43.0,43.0,43.0,43.0,43.0,5,8,-0.7621140503891487,-0.6474427960827475
"Bidhannagar, Kolkata - WBPCB",2027-08-22,43.0,17.85,37.13,14.37,7.3,0.59,22.32,22.07,seasonal_forecast,27.9,88,14.0,1002.0,43.0,43.0,43.0,43.0,43.0,43.0,6,8,-0.7731383255706026,-0.6342374393978054
"Bidhannagar, Kolkata - WBPCB",2027-08-23,43.0,17.87,37.21,14.41,7.35,0.58,22.39,22.08,seasonal_forecast,27.9,88,14.0,1002.1,43.0,43.0,43.0,43.0,43.0,43.0,0,8,-0.7839338166829201,-0.620844401650647
"Bidhannagar, Kolkata - WBPCB",2027-08-24,43.0,17.9,37.3,14.46,7.39,0.57,22.46,22.09,seasonal_forecast,27.9,89,13.9,1002.2,43.0,43.0,43.0,43.0,43.0,43.0,1,8,-0.7944973291665992,-0.6072676460566135
"Bidhannagar, Kolkata - WBPCB",2027-08-25,43.0,17.93,37.42,14.5,7.43,0.57,22.53,22.11,seasonal_forecast,27.9,89,13.9,1002.3,43.0,43.0,43.0,43.0,43.0,43.0,2,8,-0.8048257371083452,-0.593511190196115
"Bidhannagar, Kolkata - WBPCB",2027-08-26,43.0,17.96,37.55,14.55,7.48,0.56,22.61,22.13,seasonal_forecast,27.9,89,13.9,1002.4,43.0,43.0,43.0,43.0,43.0,43.0,3,8,-0.8149159841660791,-0.5795791048257612
"Bidhannagar, Kolkata - WBPCB",2027-08-27,43.0,18.0,37.71,14.61,7.52,0.55,22.68,22.16,seasonal_forecast,27.9,89,13.9,1002.5,43.0,43.0,43.0,43.0,43.0,43.0,4,8,-0.8247650844733614,-0.5654755126737576
"Bidhannagar, Kolkata - WBPCB",2027-08-28,43.0,18.05,37.89,14.66,7.56,0.55,22.77,22.19,seasonal_forecast,27.9,89,13.9,1002.6,43.0,43.0,43.0,43.0,43.0,43.0,5,8,-0.8343701235229537,-0.5512045872199277
"Bidhannagar, Kolkata - WBPCB",2027-08-29,43.0,18.1,38.09,14.73,7.61,0.54,22.85,22.22,seasonal_forecast,28.0,89,13.9,1002.7,43.0,43.0,43.0,43.0,43.0,43.0,6,8,-0.8437282590292712,-0.5367705514607103
"Bidhannagar, Kolkata - WBPCB",2027-08-30,43.0,18.16,38.31,14.79,7.65,0.53,22.94,22.26,seasonal_forecast,28.0,89,13.8,1002.8,43.0,43.0,43.0,43.0,43.0,43.0,0,8,-0.8528367217694595,-0.522177676659508
"Bidhannagar, Kolkata - WBPCB",2027-08-31,43.0,18.23,38.56,14.86,7.69,0.53,23.02,22.3,seasonal_forecast,28.0,88,13.8,1003.0,43.0,43.0,43.0,43.0,43.0,44.0,1,8,-0.8616928164028521,-0.5074302810827518
"Bidhannagar, Kolkata - WBPCB",2027-09-01,44.0,18.3,38.83,14.93,7.73,0.52,23.11,22.35,seasonal_forecast,28.0,88,13.8,1003.1,43.0,43.0,43.0,43.0,43.0,44.0,2,9,-0.8702939222685674,-0.49253272872205434
"Bidhannagar, Kolkata - WBPCB",2027-09-02,44.0,18.38,39.12,15.0,7.78,0.51,23.21,22.4,seasonal_forecast,28.0,88,13.8,1003.2,44.0,43.0,43.0,43.333333333333336,43.142857142857146,44.0,3,9,-0.8786374941610001,-0.4774894280028391
"Bidhannagar, Kolkata - WBPCB",2027-09-03,44.0,18.47,39.44,15.07,7.82,0.51,23.3,22.45,seasonal_forecast,28.0,88,13.8,1003.3,44.0,44.0,43.0,43.666666666666664,43.285714285714285,44.0,4,9,-0.886721063082993,-0.46230483047981086
"Bidhannagar, Kolkata - WBPCB",2027-09-04,44.0,18.57,39.78,15.15,7.86,0.5,23.39,22.51,seasonal_forecast,28.1,88,13.7,1003.4,44.0,44.0,44.0,44.0,43.42857142857143,44.0,5,9,-0.8945422369764496,-0.4469834295196741
"Bidhannagar, Kolkata - WBPCB",2027-09-05,44.0,18.67,40.15,15.23,7.9,0.5,23.49,22.57,seasonal_forecast,28.1,88,13.7,1003.5,44.0,44.0,44.0,44.0,43.57142857142857,44.0,6,9,-0.9020987014301837,-0.43152975897147144
"Bidhannagar, Kolkata - WBPCB",2027-09-06,44.0,18.79,40.55,15.31,7.94,0.49,23.59,22.64,seasonal_forecast,28.1,88,13.7,1003.6,44.0,44.0,44.0,44.0,43.714285714285715,44.0,0,9,-0.9093882203647925,-0.4159483918249421
"Bidhannagar, Kolkata - WBPCB",2027-09-07,44.0,18.91,40.97,15.4,7.98,0.49,23.69,22.71,seasonal_forecast,28.1,88,13.7,1003.8,44.0,44.0,44.0,44.0,43.857142857142854,45.0,1,9,-0.9164086366943458,-0.4002439388573056
"Bidhannagar, Kolkata - WBPCB",2027-09-08,45.0,19.05,41.42,15.49,8.02,0.48,23.79,22.79,seasonal_forecast,28.1,88,13.6,1003.9,44.0,44.0,44.0,44.0,44.0,45.0,2,9,-0.9231578729647039,-0.38442104726885545
"Bidhannagar, Kolkata - WBPCB",2027-09-09,45.0,19.19,41.89,15.57,8.05,0.48,23.89,22.87,seasonal_forecast,28.2,88,13.6,1004.0,45.0,44.0,44.0,44.333333333333336,44.142857142857146,45.0,3,9,-0.9296339319682695,-0.3684843993077793
"Bidhannagar, Kolkata - WBPCB",2027-09-10,45.0,19.35,42.4,15.66,8.09,0.47,23.99,22.95,seasonal_forecast,28.2,88,13.6,1004.1,45.0,45.0,44.0,44.666666666666664,44.285714285714285,45.0,4,9,-0.9358348973349941,-0.35243871088460327
"Bidhannagar, Kolkata - WBPCB",2027-09-11,45.0,19.52,42.93,15.76,8.13,0.47,24.09,23.04,seasonal_forecast,28.2,88,13.5,1004.2,45.0,45.0,45.0,45.0,44.42857142857143,46.0,5,9,-0.9417589340994617,-0.33628873017668287
"Bidhannagar, Kolkata - WBPCB",2027-09-12,46.0,19.7,43.49,15.85,8.16,0.47,24.19,23.13,seasonal_forecast,28.2,88,13.5,1004.3,45.0,45.0,45.0,45.0,44.57142857142857,46.0,6,9,-0.9474042892438845,-0.32003923622313857
"Bidhannagar, Kolkata - WBPCB",2027-09-13,46.0,19.89,44.08,15.94,8.19,0.46,24.29,23.22,seasonal_forecast,28.2,87,13.5,1004.5,46.0,45.0,45.0,45.333333333333336,44.857142857142854,46.0,0,9,-0.9527692922168511,-0.30369503751065885
"Bidhannagar, Kolkata - WBPCB",2027-09-14,46.0,20.1,44.69,16.04,8.23,0.46,24.39,23.32,seasonal_forecast,28.3,87,13.4,1004.6,46.0,46.0,45.0,45.666666666666664,45.142857142857146,47.0,1,9,-0.9578523554276669,-0.28726097055059635
"Bidhannagar, Kolkata - WBPCB",2027-09-15,47.0,20.32,45.34,16.13,8.26,0.46,24.49,23.42,seasonal_forecast,28.3,87,13.4,1004.7,46.0,46.0,46.0,46.0,45.42857142857143,47.0,2,9,-0.9626519747161487,-0.2707418984477642
"Bidhannagar, Kolkata - WBPCB",2027-09-16,47.0,20.55,46.01,16.23,8.29,0.46,24.59,23.53,seasonal_forecast,28.3,87,13.3,1004.8,47.0,46.0,46.0,46.333333333333336,45.714285714285715,48.0,3,9,-0.9671667297977312,-0.2541427094613622
"Bidhannagar, Kolkata - WBPCB",2027-09-17,48.0,20.8,46.71,16.33,8.32,0.45,24.69,23.64,seasonal_forecast,28.3,87,13.3,1005.0,47.0,47.0,46.0,46.666666666666664,46.0,48.0,4,9,-0.97139528468375,-0.23746831555846842
"Bidhannagar, Kolkata - WBPCB",2027-09-18,48.0,21.07,47.44,16.42,8.34,0.45,24.79,23.75,seasonal_forecast,28.3,87,13.3,1005.1,48.0,47.0,47.0,47.333333333333336,46.42857142857143,49.0,5,9,-0.9753363880767837,-0.2207236509605022
"Bidhannagar, Kolkata - WBPCB",2027-09-19,49.0,21.34,48.2,16.52,8.37,0.45,24.88,23.86,seasonal_forecast,28.4,86,13.2,1005.2,48.0,48.0,47.0,47.666666666666664,46.857142857142854,49.0,6,9,-0.9789888737409319,-0.20391367068311472
"Bidhannagar, Kolkata - WBPCB",2027-09-20,49.0,21.64,48.99,16.62,8.39,0.45,24.98,23.98,seasonal_forecast,28.4,86,13.2,1005.3,49.0,48.0,48.0,48.333333333333336,47.285714285714285,50.0,0,9,-0.9823516608469237,-0.18704334906991657
"Bidhannagar, Kolkata - WBPCB",2027-09-21,50.0,21.94,49.81,16.71,8.42,0.45,25.07,24.1,seasonal_forecast,28.4,86,13.1,1005.5,49.0,49.0,48.0,48.666666666666664,47.714285714285715,51.0,1,9,-0.9854237542919524,-0.17011767832049052
"Bidhannagar, Kolkata - WBPCB",2027-09-22,51.0,22.27,50.66,16.81,8.44,0.45,25.17,24.23,seasonal_forecast,28.4,86,13.1,1005.6,50.0,49.0,49.0,49.333333333333336,48.285714285714285,51.0,2,9,-0.9882042449941422,-0.15314166701312007
"Bidhannagar, Kolkata - WBPCB",2027-09-23,51.0,22.61,51.54,16.91,8.46,0.45,25.26,24.36,seasonal_forecast,28.4,86,13.0,1005.7,51.0,50.0,49.0,50.0,48.857142857142854,52.0,3,9,-0.9906923101615609,-0.13612033862266704
"Bidhannagar, Kolkata - WBPCB",2027-09-24,52.0,22.97,52.44,17.0,8.48,0.46,25.35,24.49,seasonal_forecast,28.4,85,13.0,1005.8,51.0,51.0,50.0,50.666666666666664,49.42857142857143,53.0,4,9,-0.9928872135356962,-0.11905873003404988
"Bidhannagar, Kolkata - WBPCB",2027-09-25,53.0,23.34,53.38,17.1,8.49,0.46,25.44,24.62,seasonal_forecast,28.4,85,12.9,1006.0,52.0,51.0,51.0,51.333333333333336,50.0,53.0,5,9,-0.994788305609327,-0.10196189005174576
"Bidhannagar, Kolkata - WBPCB",2027-09-26,53.0,23.74,54.34,17.19,8.51,0.46,25.53,24.76,seasonal_forecast,28.4,85,12.9,1006.1,53.0,52.0,51.0,52.0,50.714285714285715,54.0,6,9,-0.9963950238187231,-0.08483487790576538
"Bidhannagar, Kolkata - WBPCB",2027-09-27,54.0,24.15,55.33,17.28,8.52,0.47,25.61,24.9,seasonal_forecast,28.5,85,12.8,1006.2,53.0,53.0,52.0,52.666666666666664,51.285714285714285,55.0,0,9,-0.9977068927101168,-0.06768276175455162
"Bidhannagar, Kolkata - WBPCB",2027-09-28,55.0,24.57,56.35,17.37,8.54,0.47,25.69,25.04,seasonal_forecast,28.5,84,12.7,1006.3,54.0,53.0,53.0,53.333333333333336,52.0,56.0,1,9,-0.9987235240803972,-0.050510617185222886
"Bidhannagar, Kolkata - WBPCB",2027-09-29,56.0,25.02,57.4,17.46,8.55,0.47,25.77,25.18,seasonal_forecast,28.5,84,12.7,1006.5,55.0,54.0,53.0,54.0,52.714285714285715,57.0,2,9,-0.9994446170919858,-0.033323525711631344
"Bidhannagar, Kolkata - WBPCB",2027-09-30,57.0,25.48,58.47,17.55,8.56,0.48,25.85,25.33,seasonal_forecast,28.5,84,12.6,1006.6,56.0,55.0,54.0,55.0,53.42857142857143,58.0,3,9,-0.9998699583618592,-0.016126573270657762
"Bidhannagar, Kolkata - WBPCB",2027-10-01,58.0,25.97,59.57,17.64,8.57,0.48,25.92,25.48,seasonal_forecast,28.4,83,12.5,1006.7,57.0,56.0,55.0,56.0,54.285714285714285,59.0,4,10,-0.9999994220246925,0.001075151282798226
"Bidhannagar, Kolkata - WBPCB",2027-10-02,59.0,26.47,60.7,17.72,8.57,0.49,25.99,25.63,seasonal_forecast,28.4,83,12.5,1006.8,58.0,57.0,56.0,57.0,55.142857142857146,60.0,5,10,-0.999832969770105,0.018276557681691223
"Bidhannagar, Kolkata - WBPCB",2027-10-03,60.0,26.99,61.85,17.81,8.58,0.5,26.06,25.78,seasonal_forecast,28.4,83,12.4,1007.0,59.0,58.0,57.0,58.0,56.0,61.0,6,10,-0.9993706508539969,0.03547255575312556
"Bidhannagar, Kolkata - WBPCB",2027-10-04,61.0,27.52,63.03,17.89,8.58,0.51,26.13,25.93,seasonal_forecast,28.4,83,12.3,1007.1,60.0,59.0,58.0,59.0,57.0,63.0,0,10,-0.9986126020839734,0.052658056924614005
"Fort William, Kolkata - WBPCB",2026-10-05,74.0,34.99,73.54,18.78,7.92,0.75,24.93,23.69,seasonal_forecast,28.5,81,11.9,1007.3,74.0,73.0,72.0,73.0,71.85714285714286,75.0,0,10,-0.9975590477788613,0.06982797572987089
"Fort William, Kolkata - WBPCB",2026-10-06,75.0,35.39,74.16,18.92,7.92,0.75,24.91,23.69,seasonal_forecast,28.4,81,11.9,1007.5,74.0,74.0,73.0,73.66666666666667,72.42857142857143,75.0,1,10,-0.9962102997023297,0.0869772313136861
"Fort William, Kolkata - WBPCB",2026-10-07,75.0,35.78,74.79,19.07,7.92,0.75,24.89,23.68,seasonal_forecast,28.4,80,11.8,1007.6,75.0,74.0,74.0,74.33333333333333,73.0,76.0,2,10,-0.9945667569706337,0.1041007489354256
"Fort William, Kolkata - WBPCB",2026-10-08,76.0,36.18,75.41,19.22,7.92,0.75,24.88,23.67,seasonal_forecast,28.4,80,11.7,1007.7,75.0,75.0,74.0,74.66666666666667,73.57142857142857,77.0,3,10,-0.9926289059345095,0.121193461470736
"Fort William, Kolkata - WBPCB",2026-10-09,77.0,36.58,76.04,19.36,7.92,0.75,24.86,23.66,seasonal_forecast,28.4,80,11.6,1007.8,76.0,75.0,75.0,75.33333333333333,74.14285714285714,77.0,4,10,-0.9903973200352558,0.1382503109109819
"Fort William, Kolkata - WBPCB",2026-10-10,77.0,36.98,76.67,19.51,7.92,0.76,24.84,23.65,seasonal_forecast,28.3,79,11.6,1008.0,77.0,76.0,75.0,76.0,74.85714285714286,78.0,5,10,-0.9878726596350429,0.15526624985999563
"Fort William, Kolkata - WBPCB",2026-10-11,78.0,37.38,77.29,19.66,7.92,0.76,24.83,23.65,seasonal_forecast,28.3,79,11.5,1008.1,77.0,77.0,76.0,76.66666666666667,75.42857142857143,78.0,6,10,-0.9850556718215013,0.172236243027682
"Fort William, Kolkata - WBPCB",2026-10-12,78.0,37.77,77.92,19.81,7.92,0.76,24.81,23.64,seasonal_forecast,28.2,79,11.4,1008.2,78.0,77.0,77.0,77.33333333333333,76.0,79.0,0,10,-0.981947190186646,0.18915526872004093
"Fort William, Kolkata - WBPCB",2026-10-13,79.0,38.17,78.55,19.95,7.92,0.76,24.8,23.63,seasonal_forecast,28.2,78,11.3,1008.3,78.0,78.0,77.0,77.66666666666667,76.57142857142857,80.0,1,10,-0.9785481345802031,0.20601832032517084
"Fort William, Kolkata - WBPCB",2026-10-14,80.0,38.57,79.17,20.1,7.93,0.76,24.78,23.63,seasonal_forecast,28.1,78,11.3,1008.5,79.0,78.0,78.0,78.33333333333333,77.14285714285714,80.0,2,10,-0.9748595108374125,0.22282040779479959
"Fort William, Kolkata - WBPCB",2026-10-15,80.0,38.97,79.8,20.25,7.93,0.76,24.77,23.62,seasonal_forecast,28.1,77,11.2,1008.6,80.0,79.0,78.0,79.0,77.85714285714286,81.0,3,10,-0.9708824104813836,0.23955655912092708
"Fort William, Kolkata - WBPCB",2026-10-16,81.0,39.37,80.42,20.4,7.93,0.76,24.75,23.61,seasonal_forecast,28.0,77,11.1,1008.7,80.0,80.0,79.0,79.66666666666667,78.42857142857143,81.0,4,10,-0.9666180104000972,0.2562218218071163
"Fort William, Kolkata - WBPCB",2026-10-17,81.0,39.77,81.04,20.55,7.93,0.76,24.74,23.61,seasonal_forecast,28.0,77,11.0,1008.9,81.0,80.0,80.0,80.33333333333333,79.0,82.0,5,10,-0.9620675724981452,0.27281126433401914
"Fort William, Kolkata - WBPCB",2026-10-18,82.0,40.17,81.66,20.7,7.93,0.76,24.73,23.6,seasonal_forecast,27.9,76,10.9,1009.0,81.0,81.0,80.0,80.66666666666667,79.57142857142857,83.0,6,10,-0.957232443323312,0.28931997761869527
"Fort William, Kolkata - WBPCB",2026-10-19,83.0,40.56,82.28,20.85,7.93,0.76,24.72,23.6,seasonal_forecast,27.8,76,10.9,1009.1,82.0,81.0,81.0,81.33333333333333,80.14285714285714,83.0,0,10,-0.9521140536681102,0.3057430764672831
"Fort William, Kolkata - WBPCB",2026-10-20,83.0,40.96,82.9,21.0,7.93,0.77,24.7,23.6,seasonal_forecast,27.8,76,10.8,1009.2,83.0,82.0,81.0,82.0,80.85714285714286,84.0,1,10,-0.9467139181463862,0.3220757010206104
"Fort William, Kolkata - WBPCB",2026-10-21,84.0,41.36,83.51,21.15,7.93,0.77,24.69,23.59,seasonal_forecast,27.7,75,10.7,1009.4,83.0,83.0,82.0,82.66666666666667,81.42857142857143,84.0,2,10,-0.9410336347451197,0.3383130181923076
"Fort William, Kolkata - WBPCB",2026-10-22,84.0,41.75,84.12,21.3,7.93,0.77,24.68,23.59,seasonal_forecast,27.6,75,10.6,1009.5,84.0,83.0,83.0,83.33333333333333,82.0,85.0,3,10,-0.9350748843515574,0.3544502230989869
"Fort William, Kolkata - WBPCB",2026-10-23,85.0,42.15,84.73,21.45,7.94,0.77,24.67,23.59,seasonal_forecast,27.5,75,10.6,1009.6,84.0,84.0,83.0,83.66666666666667,82.57142857142857,86.0,4,10,-0.9288394302558068,0.3704825404820963
"Fort William, Kolkata - WBPCB",2026-10-24,86.0,42.54,85.34,21.6,7.94,0.77,24.67,23.58,seasonal_forecast,27.5,74,10.5,1009.8,85.0,84.0,84.0,84.33333333333333,83.14285714285714,86.0,5,10,-0.9223291176290545,0.3864052261209853
"Fort William, Kolkata - WBPCB",2026-10-25,86.0,42.93,85.94,21.75,7.94,0.77,24.66,23.58,seasonal_forecast,27.4,74,10.4,1009.9,86.0,85.0,84.0,85.0,83.85714285714286,87.0,6,10,-0.9155458729775467,0.40221356823680365
"Fort William, Kolkata - WBPCB",2026-10-26,87.0,43.32,86.54,21.9,7.94,0.77,24.65,23.58,seasonal_forecast,27.3,74,10.3,1010.0,86.0,86.0,85.0,85.66666666666667,84.42857142857143,87.0,0,10,-0.9084917035725082,0.41790288888678667
"Fort William, Kolkata - WBPCB",2026-10-27,87.0,43.71,87.14,22.05,7.94,0.77,24.64,23.58,seasonal_forecast,27.2,73,10.2,1010.1,87.0,86.0,86.0,86.33333333333333,85.0,88.0,1,10,-0.9011686968561569,0.4334685453485363
"Fort William, Kolkata - WBPCB",2026-10-28,88.0,44.09,87.73,22.2,7.94,0.77,24.64,23.58,seasonal_forecast,27.1,73,10.2,1010.3,87.0,87.0,86.0,86.66666666666667,85.57142857142857,89.0,2,10,-0.8935790198239952,0.4489059314938798
"Fort William, Kolkata - WBPCB",2026-10-29,89.0,44.48,88.32,22.35,7.95,0.77,24.63,23.58,seasonal_forecast,27.0,73,10.1,1010.4,88.0,87.0,87.0,87.33333333333333,86.14285714285714,89.0,3,10,-0.8857249183835637,0.4642104791518923
"Fort William, Kolkata - WBPCB",2026-10-30,89.0,44.86,88.91,22.5,7.95,0.78,24.63,23.58,seasonal_forecast,26.9,72,10.0,1010.5,89.0,88.0,87.0,88.0,86.85714285714286,90.0,4,10,-0.8776087166898392,0.4793776594606945
"Fort William, Kolkata - WBPCB",2026-10-31,90.0,45.24,89.49,22.65,7.95,0.78,24.62,23.58,seasonal_forecast,26.8,72,10.0,1010.7,89.0,89.0,88.0,88.66666666666667,87.42857142857143,90.0,5,10,-0.8692328164574792,0.49440298420761813
"Fort William, Kolkata - WBPCB",2026-11-01,90.0,45.62,90.07,22.8,7.95,0.78,24.62,23.58,seasonal_forecast,26.7,72,9.9,1010.8,90.0,89.0,89.0,89.33333333333333,88.0,91.0,6,11,-0.8605996962501181,0.5092820071573356
"Fort William, Kolkata - WBPCB",2026-11-02,91.0,45.99,90.64,22.95,7.96,0.78,24.62,23.58,seasonal_forecast,26.5,71,9.8,1010.9,90.0,90.0,89.0,89.66666666666667,88.57142857142857,92.0,0,11,-0.8517119107469189,0.5240103253675756
"Fort William, Kolkata - WBPCB",2026-11-03,92.0,46.37,91.2,23.1,7.96,0.78,24.62,23.58,seasonal_forecast,26.4,71,9.7,1011.0,91.0,90.0,90.0,90.33333333333333,89.14285714285714,92.0,1,11,-0.8425720899866032,0.5385835804920232
"Fort William, Kolkata - WBPCB",2026-11-04,92.0,46.74,91.77,23.25,7.96,0.78,24.61,23.58,seasonal_forecast,26.3,71,9.7,1011.2,92.0,91.0,90.0,91.0,89.85714285714286,93.0,2,11,-0.8331829385891785,0.5529974600700271
"Fort William, Kolkata - WBPCB",2026-11-05,93.0,47.11,92.32,23.4,7.96,0.78,24.61,23.59,seasonal_forecast,26.2,70,9.6,1011.3,92.0,92.0,91.0,91.66666666666667,90.42857142857143,93.0,3,11,-0.8235472349556007,0.5672476988027229
"Fort William, Kolkata - WBPCB",2026-11-06,93.0,47.47,92.88,23.55,7.96,0.78,24.62,23.59,seasonal_forecast,26.1,70,9.5,1011.4,93.0,92.0,92.0,92.33333333333333,91.0,94.0,4,11,-0.8136678304455991,0.5813300798152042
"Fort William, Kolkata - WBPCB",2026-11-07,94.0,47.84,93.42,23.7,7.97,0.78,24.62,23.6,seasonal_forecast,25.9,70,9.5,1011.6,93.0,93.0,92.0,92.66666666666667,91.57142857142857,94.0,5,11,-0.8035476485339116,0.5952404359043674
"Fort William, Kolkata - WBPCB",2026-11-08,94.0,48.2,93.96,23.85,7.97,0.78,24.62,23.6,seasonal_forecast,25.8,70,9.4,1011.7,94.0,93.0,93.0,93.33333333333333,92.14285714285714,95.0,6,11,-0.7931896839451843,0.6089746507720486
"Fort William, Kolkata - WBPCB",2026-11-09,95.0,48.55,94.5,24.0,7.97,0.79,24.62,23.6,seasonal_forecast,25.7,69,9.4,1011.8,94.0,94.0,93.0,93.66666666666667,92.71428571428571,96.0,0,11,-0.7825970017677834,0.6225286602431057
"Fort William, Kolkata - WBPCB",2026-11-10,96.0,48.91,95.03,24.15,7.97,0.79,24.63,23.61,seasonal_forecast,25.5,69,9.3,1011.9,95.0,94.0,94.0,94.33333333333333,93.28571428571429,96.0,1,11,-0.7717727365467837,0.6358984534680745
"Fort William, Kolkata - WBPCB",2026-11-11,96.0,49.26,95.55,24.3,7.98,0.79,24.63,23.62,seasonal_forecast,25.4,69,9.2,1012.1,96.0,95.0,94.0,95.0,93.85714285714286,97.0,2,11,-0.7607200913564104,0.6490800741100398
"Fort William, Kolkata - WBPCB",2026-11-12,97.0,49.6,96.07,24.44,7.98,0.79,24.64,23.62,seasonal_forecast,25.3,69,9.2,1012.2,96.0,96.0,95.0,95.66666666666667,94.42857142857143,97.0,3,11,-0.7494423368521953,0.6620696215153815
"Fort William, Kolkata - WBPCB",2026-11-13,97.0,49.95,96.58,24.59,7.98,0.79,24.64,23.63,seasonal_forecast,25.1,68,9.1,1012.3,97.0,96.0,96.0,96.33333333333333,95.0,98.0,4,11,-0.7379428103031386,0.6748632518680403
"Fort William, Kolkata - WBPCB",2026-11-14,98.0,50.29,97.08,24.74,7.99,0.79,24.65,23.64,seasonal_forecast,25.0,68,9.1,1012.4,97.0,97.0,96.0,96.66666666666667,95.57142857142857,98.0,5,11,-0.7262249146041543,0.6874571793269664
"Fort William, Kolkata - WBPCB",2026-11-15,98.0,50.63,97.58,24.88,7.99,0.79,24.66,23.64,seasonal_forecast,24.8,68,9.0,1012.6,98.0,97.0,97.0,97.33333333333333,96.14285714285714,99.0,6,11,-0.7142921172691032,0.699847677146407
"Fort William, Kolkata - WBPCB",2026-11-16,99.0,50.96,98.08,25.03,7.99,0.79,24.66,23.65,seasonal_forecast,24.7,68,9.0,1012.7,98.0,98.0,97.0,97.66666666666667,96.71428571428571,99.0,0,11,-0.7021479494046978,0.7120310787787131
"Fort William, Kolkata - WBPCB",2026-11-17,99.0,51.29,98.56,25.17,7.99,0.79,24.67,23.66,seasonal_forecast,24.5,67,8.9,1012.8,99.0,98.0,98.0,98.33333333333333,97.28571428571429,100.0,1,11,-0.6897960046655887,0.7240037789593305
"Fort William, Kolkata - WBPCB",2026-11-18,100.0,51.61,99.04,25.32,8.0,0.79,24.68,23.67,seasonal_forecast,24.4,67,8.9,1012.9,99.0,99.0,98.0,98.66666666666667,97.71428571428571,100.0,2,11,-0.6772399381909491,0.7357622347736527
"Fort William, Kolkata - WBPCB",2026-11-19,100.0,51.94,99.51,25.46,8.0,0.8,24.69,23.68,seasonal_forecast,24.3,67,8.8,1013.0,100.0,99.0,99.0,99.33333333333333,98.28571428571429,101.0,3,11,-0.6644834655228552,0.7473029667054297
"Fort William, Kolkata - WBPCB",2026-11-20,101.0,52.25,99.98,25.6,8.0,0.8,24.7,23.69,seasonal_forecast,24.1,67,8.8,1013.2,100.0,100.0,99.0,99.66666666666667,98.71428571428571,101.0,4,11,-0.6515303615068021,0.75862255966641
"Fort William, Kolkata - WBPCB",2026-11-21,101.0,52.57,100.44,25.74,8.01,0.8,24.71,23.7,seasonal_forecast,24.0,67,8.8,1013.3,101.0,100.0,100.0,100.33333333333333,99.28571428571429,102.0,5,11,-0.6383844591746642,0.769717664006921
"Fort William, Kolkata - WBPCB",2026-11-22,102.0,52.88,100.89,25.88,8.01,0.8,24.73,23.71,seasonal_forecast,23.8,66,8.7,1013.4,101.0,101.0,100.0,100.66666666666667,99.71428571428571,102.0,6,11,-0.6250496486104377,0.7805849965070866
"Fort William, Kolkata - WBPCB",2026-11-23,102.0,53.18,101.33,26.02,8.01,0.8,24.74,23.72,seasonal_forecast,23.7,66,8.7,1013.5,102.0,101.0,101.0,101.33333333333333,100.28571428571429,103.0,0,11,-0.6115298757991053,0.7912213413483807
"Fort William, Kolkata - WBPCB",2026-11-24,103.0,53.49,101.77,26.16,8.02,0.8,24.75,23.73,seasonal_forecast,23.5,66,8.6,1013.6,102.0,102.0,101.0,101.66666666666667,100.71428571428571,103.0,1,11,-0.5978291414589552,0.801623551065242
"Fort William, Kolkata - WBPCB",2026-11-25,103.0,53.78,102.2,26.3,8.02,0.8,24.76,23.74,seasonal_forecast,23.4,66,8.6,1013.7,103.0,102.0,102.0,102.33333333333333,101.28571428571429,104.0,2,11,-0.5839514998576998,0.8117885474764613
"Fort William, Kolkata - WBPCB",2026-11-26,104.0,54.08,102.62,26.43,8.02,0.8,24.78,23.76,seasonal_forecast,23.2,66,8.6,1013.8,103.0,103.0,102.0,102.66666666666667,101.71428571428571,104.0,3,11,-0.5699010576127624,0.821713322596059
"Fort William, Kolkata - WBPCB",2026-11-27,104.0,54.36,103.04,26.57,8.02,0.8,24.79,23.77,seasonal_forecast,23.1,66,8.6,1013.9,104.0,103.0,103.0,103.33333333333333,102.28571428571429,105.0,4,11,-0.5556819724760489,0.8313949395234058
"Fort William, Kolkata - WBPCB",2026-11-28,105.0,54.65,103.45,26.7,8.03,0.8,24.8,23.78,seasonal_forecast,22.9,65,8.5,1014.1,104.0,104.0,103.0,103.66666666666667,102.71428571428571,105.0,5,11,-0.5412984521036173,0.8408305333122887
"Fort William, Kolkata - WBPCB",2026-11-29,105.0,54.93,103.85,26.83,8.03,0.81,24.82,23.79,seasonal_forecast,22.8,65,8.5,1014.2,105.0,104.0,104.0,104.33333333333333,103.28571428571429,105.0,6,11,-0.5267547528105542,0.8500173118187018
"Fort William, Kolkata - WBPCB",2026-11-30,105.0,55.2,104.24,26.96,8.03,0.81,24.83,23.81,seasonal_forecast,22.6,65,8.5,1014.3,105.0,105.0,104.0,104.66666666666667,103.71428571428571,106.0,0,11,-0.5120551783114646,0.8589525565270845
"Fort William, Kolkata - WBPCB",2026-12-01,106.0,55.47,104.63,27.09,8.04,0.81,24.85,23.82,seasonal_forecast,22.5,65,8.5,1014.4,105.0,105.0,105.0,105.0,104.14285714285714,106.0,1,12,-0.4972040784469378,0.8676336233547726
"Fort William, Kolkata - WBPCB",2026-12-02,106.0,55.74,105.0,27.22,8.04,0.81,24.86,23.83,seasonal_forecast,22.3,65,8.5,1014.5,106.0,105.0,105.0,105.33333333333333,104.57142857142857,107.0,2,12,-0.4822058478963526,0.8760579434344281
"Fort William, Kolkata - WBPCB",2026-12-03,107.0,56.0,105.37,27.35,8.04,0.81,24.88,23.85,seasonal_forecast,22.2,65,8.4,1014.6,106.0,106.0,105.0,105.66666666666667,105.0,107.0,3,12,-0.46706492487743034,0.8842230238742036
"Fort William, Kolkata - WBPCB",2026-12-04,107.0,56.26,105.74,27.47,8.05,0.81,24.89,23.86,seasonal_forecast,22.1,65,8.4,1014.7,107.0,106.0,106.0,106.33333333333333,105.42857142857143,108.0,4,12,-0.451785789832884,0.8921264484954345
"Fort William, Kolkata - WBPCB",2026-12-05,108.0,56.51,106.09,27.59,8.05,0.81,24.91,23.88,seasonal_forecast,21.9,65,8.4,1014.7,107.0,107.0,106.0,106.66666666666667,105.85714285714286,108.0,5,12,-0.4363729641045924,0.8997658785476209
"Fort William, Kolkata - WBPCB",2026-12-06,108.0,56.75,106.44,27.71,8.05,0.81,24.92,23.89,seasonal_forecast,21.8,65,8.4,1014.8,108.0,107.0,107.0,107.33333333333333,106.28571428571429,108.0,6,12,-0.42083100859565564,0.9071390534005044
"Fort William, Kolkata - WBPCB",2026-12-07,108.0,56.99,106.78,27.83,8.05,0.81,24.94,23.91,seasonal_forecast,21.7,65,8.4,1014.9,108.0,108.0,107.0,107.66666666666667,106.71428571428571,109.0,0,12,-0.4051645224207563,0.9142437912130223
"Fort William, Kolkata - WBPCB",2026-12-08,109.0,57.23,107.11,27.95,8.06,0.81,24.95,23.92,seasonal_forecast,21.5,65,8.4,1015.0,108.0,108.0,108.0,108.0,107.14285714285714,109.0,1,12,-0.3893781415452015,0.9210779895789526
"Fort William, Kolkata - WBPCB",2026-12-09,109.0,57.46,107.44,28.06,8.06,0.81,24.97,23.94,seasonal_forecast,21.4,65,8.4,1015.1,109.0,108.0,108.0,108.33333333333333,107.57142857142857,109.0,2,12,-0.37347653741307074,0.9276396261490467
"Fort William, Kolkata - WBPCB",2026-12-10,109.0,57.69,107.75,28.17,8.06,0.81,24.98,23.95,seasonal_forecast,21.3,64,8.4,1015.2,109.0,109.0,108.0,108.66666666666667,108.0,110.0,3,12,-0.3574644155648614,0.9339267592294762
"Fort William, Kolkata - WBPCB",2026-12-11,110.0,57.91,108.06,28.28,8.06,0.82,25.0,23.97,seasonal_forecast,21.2,64,8.4,1015.3,109.0,109.0,109.0,109.0,108.28571428571429,110.0,4,12,-0.34134651424503615,0.9399375283564133
"Fort William, Kolkata - WBPCB",2026-12-12,110.0,58.13,108.36,28.39,8.07,0.82,25.01,23.98,seasonal_forecast,21.1,64,8.4,1015.3,110.0,109.0,109.0,109.33333333333333,108.71428571428571,110.0,5,12,-0.3251276029999093,0.9456701548465688
"Fort William, Kolkata - WBPCB",2026-12-13,110.0,58.34,108.65,28.5,8.07,0.82,25.03,24.0,seasonal_forecast,20.9,64,8.4,1015.4,110.0,110.0,109.0,109.66666666666667,109.0,111.0,6,12,-0.30881248126625377,0.9511229423235357
"Fort William, Kolkata - WBPCB",2026-12-14,111.0,58.54,108.94,28.6,8.07,0.82,25.04,24.01,seasonal_forecast,20.8,64,8.4,1015.5,110.0,110.0,110.0,110.0,109.28571428571429,111.0,0,12,-0.29240597695107734,0.9562942772197719
"Fort William, Kolkata - WBPCB",2026-12-15,111.0,58.74,109.21,28.7,8.07,0.82,25.06,24.03,seasonal_forecast,20.7,64,8.4,1015.5,111.0,110.0,110.0,110.33333333333333,109.71428571428571,111.0,1,12,-0.27591294500296043,0.9611826292540837
"Fort William, Kolkata - WBPCB",2026-12-16,111.0,58.94,109.48,28.8,8.08,0.82,25.07,24.04,seasonal_forecast,20.6,64,8.4,1015.6,111.0,111.0,110.0,110.66666666666667,110.0,112.0,2,12,-0.2593382659754056,0.9657865518844574
"Fort William, Kolkata - WBPCB",2026-12-17,112.0,59.13,109.74,28.9,8.08,0.82,25.09,24.05,seasonal_forecast,20.5,64,8.5,1015.7,111.0,111.0,111.0,111.0,110.28571428571429,112.0,3,12,-0.2426868445825954,0.9701046827361175
"Fort William, Kolkata - WBPCB",2026-12-18,112.0,59.31,110.0,28.99,8.08,0.82,25.1,24.07,seasonal_forecast,20.4,64,8.5,1015.7,112.0,111.0,111.0,111.33333333333333,110.71428571428571,112.0,4,12,-0.22596360824801906,0.974135744004672
"Fort William, Kolkata - WBPCB",2026-12-19,112.0,59.49,110.24,29.08,8.08,0.82,25.11,24.08,seasonal_forecast,20.3,64,8.5,1015.8,112.0,112.0,111.0,111.66666666666667,111.0,112.0,5,12,-0.20917350564635637,0.9778785428342386
"Fort William, Kolkata - WBPCB",2026-12-20,112.0,59.66,110.48,29.17,8.09,0.82,25.13,24.1,seasonal_forecast,20.3,64,8.5,1015.8,112.0,112.0,112.0,112.0,111.28571428571429,113.0,6,12,-0.19232150523909483,0.9813319716704275
"Fort William, Kolkata - WBPCB",2026-12-21,113.0,59.83,110.7,29.25,8.09,0.82,25.14,24.11,seasonal_forecast,20.2,64,8.5,1015.9,112.0,112.0,112.0,112.0,111.57142857142857,113.0,0,12,-0.17541259380427843,0.9844950085880858
"Fort William, Kolkata - WBPCB",2026-12-22,113.0,59.99,110.92,29.34,8.09,0.82,25.15,24.13,seasonal_forecast,20.1,64,8.6,1015.9,113.0,112.0,112.0,112.33333333333333,111.85714285714286,113.0,1,12,-0.15845177496083632,0.9873667175937016
"Fort William, Kolkata - WBPCB",2026-12-23,113.0,60.15,111.14,29.42,8.09,0.82,25.16,24.14,seasonal_forecast,20.0,64,8.6,1016.0,113.0,113.0,112.0,112.66666666666667,112.14285714285714,113.0,2,12,-0.14144406768794202,0.9899462489023779
"Fort William, Kolkata - WBPCB",2026-12-24,113.0,60.3,111.34,29.49,8.09,0.82,25.17,24.15,seasonal_forecast,20.0,64,8.6,1016.0,113.0,113.0,113.0,113.0,112.42857142857143,114.0,3,12,-0.12439450483979998,0.9922328391893008
"Fort William, Kolkata - WBPCB",2026-12-25,114.0,60.44,111.53,29.56,8.09,0.82,25.18,24.17,seasonal_forecast,19.9,65,8.6,1016.1,113.0,113.0,113.0,113.0,112.57142857142857,114.0,4,12,-0.10730813165636247,0.9942258118156161
"Fort William, Kolkata - WBPCB",2026-12-26,114.0,60.58,111.72,29.64,8.1,0.82,25.19,24.18,seasonal_forecast,19.8,65,8.7,1016.1,114.0,113.0,113.0,113.33333333333333,112.85714285714286,114.0,5,12,-0.09019000427034513,0.9959245770286599
"Fort William, Kolkata - WBPCB",2026-12-27,114.0,60.72,111.9,29.7,8.1,0.83,25.2,24.19,seasonal_forecast,19.8,65,8.7,1016.1,114.0,114.0,113.0,113.66666666666667,113.14285714285714,114.0,6,12,-0.07304518821104743,0.9973286321364752
"Fort William, Kolkata - WBPCB",2026-12-28,114.0,60.84,112.07,29.77,8.1,0.83,25.21,24.21,seasonal_forecast,19.7,65,8.7,1016.1,114.0,114.0,114.0,114.0,113.42857142857143,114.0,0,12,-0.05587875690537313,0.9984375616565666
"Fort William, Kolkata - WBPCB",2026-12-29,114.0,60.97,112.23,29.83,8.1,0.83,25.22,24.22,seasonal_forecast,19.7,65,8.7,1016.2,114.0,114.0,114.0,114.0,113.57142857142857,115.0,1,12,-0.03869579017652689,0.9992510374388481
"Fort William, Kolkata - WBPCB",2026-12-30,115.0,61.08,112.39,29.89,8.1,0.83,25.23,24.23,seasonal_forecast,19.7,65,8.8,1016.2,114.0,114.0,114.0,114.0,113.71428571428571,115.0,2,12,-0.021501372740813793,0.999768818762748
"Fort William, Kolkata - WBPCB",2026-12-31,115.0,61.19,112.53,29.94,8.1,0.83,25.23,24.24,seasonal_forecast,19.6,65,8.8,1016.2,115.0,114.0,114.0,114.33333333333333,114.0,115.0,3,12,-0.004300592702981974,0.9999907524084426
"Fort William, Kolkata - WBPCB",2027-01-01,115.0,61.32,112.7,30.0,8.1,0.83,25.24,24.25,seasonal_forecast,19.6,65,8.9,1016.2,115.0,115.0,114.0,114.66666666666667,114.28571428571429,115.0,4,1,0.017201575418260506,0.9998520419557735
"Fort William, Kolkata - WBPCB",2027-01-02,115.0,61.42,112.83,30.05,8.11,0.83,25.25,24.26,seasonal_forecast,19.6,65,8.9,1016.2,115.0,115.0,115.0,115.0,114.42857142857143,115.0,5,1,0.03439806061360801,0.9994082116062598
"Fort William, Kolkata - WBPCB",2027-01-03,115.0,61.51,112.94,30.09,8.11,0.83,25.25,24.27,seasonal_forecast,19.6,65,8.9,1016.3,115.0,115.0,115.0,115.0,114.57142857142857,115.0,6,1,0.051584366869408364,0.9986686402879997
"Fort William, Kolkata - WBPCB",2027-01-04,115.0,61.6,113.05,30.13,8.11,0.83,25.26,24.28,seasonal_forecast,19.5,65,9.0,1016.3,115.0,115.0,115.0,115.0,114.71428571428571,115.0,0,1,0.06875540848113941,0.9976335468520451
"Fort William, Kolkata - WBPCB",2027-01-05,115.0,61.68,113.15,30.17,8.11,0.83,25.26,24.29,seasonal_forecast,19.5,65,9.0,1016.3,115.0,115.0,115.0,115.0,114.85714285714286,115.0,1,1,0.08590610426133272,0.9963032375991965
"Fort William, Kolkata - WBPCB",2027-01-06,115.0,61.75,113.24,30.2,8.11,0.83,25.26,24.3,seasonal_forecast,19.5,65,9.0,1016.3,115.0,115.0,115.0,115.0,115.0,116.0,2,1,0.10303137904317879,0.9946781061893646
"Fort William, Kolkata - WBPCB",2027-01-07,116.0,61.82,113.33,30.23,8.11,0.83,25.27,24.31,seasonal_forecast,19.6,65,9.1,1016.3,115.0,115.0,115.0,115.0,115.0,116.0,3,1,0.1201261651823505,0.9927586335250793
"Fort William, Kolkata - WBPCB",2027-01-08,116.0,61.88,113.4,30.26,8.11,0.83,25.27,24.32,seasonal_forecast,19.6,65,9.1,1016.2,116.0,115.0,115.0,115.33333333333333,115.14285714285714,116.0,4,1,0.13718540405660057,0.9905453876091833
"Fort William, Kolkata - WBPCB",2027-01-09,116.0,61.93,113.46,30.28,8.11,0.83,25.27,24.32,seasonal_forecast,19.6,65,9.2,1016.2,116.0,116.0,115.0,115.66666666666667,115.28571428571429,116.0,5,1,0.1542040475626894,0.988039023376751
"Fort William, Kolkata - WBPCB",2027-01-10,116.0,61.98,113.52,30.3,8.11,0.83,25.27,24.33,seasonal_forecast,19.6,65,9.2,1016.2,116.0,116.0,116.0,116.0,115.42857142857143,116.0,6,1,0.17117705961019986,0.985240282501282
"Fort William, Kolkata - WBPCB",2027-01-11,116.0,62.02,113.57,30.32,8.11,0.83,25.27,24.33,seasonal_forecast,19.6,65,9.3,1016.2,116.0,116.0,116.0,116.0,115.57142857142857,116.0,0,1,0.18809941761179758,0.9821499931752291
"Fort William, Kolkata - WBPCB",2027-01-12,116.0,62.06,113.61,30.33,8.11,0.83,25.27,24.34,seasonal_forecast,19.7,66,9.3,1016.2,116.0,116.0,116.0,116.0,115.71428571428571,116.0,1,1,0.20496611396949532,0.9787690698649216
"Fort William, Kolkata - WBPCB",2027-01-13,116.0,62.09,113.64,30.34,8.11,0.83,25.27,24.34,seasonal_forecast,19.7,66,9.3,1016.2,116.0,116.0,116.0,116.0,115.85714285714286,116.0,2,1,0.22177215755648186,0.975098513039961
"Fort William, Kolkata - WBPCB",2027-01-14,116.0,62.11,113.66,30.34,8.11,0.83,25.27,24.35,seasonal_forecast,19.7,66,9.4,1016.1,116.0,116.0,116.0,116.0,116.0,116.0,3,1,0.23851257519407648,0.9711394088771653
"Fort William, Kolkata - WBPCB",2027-01-15,116.0,62.13,113.67,30.35,8.11,0.83,25.26,24.35,seasonal_forecast,19.8,66,9.4,1016.1,116.0,116.0,116.0,116.0,116.0,116.0,4,1,0.2551824131233728,0.9668929289391521
"Fort William, Kolkata - WBPCB",2027-01-16,116.0,62.14,113.67,30.34,8.11,0.83,25.26,24.35,seasonal_forecast,19.8,66,9.5,1016.1,116.0,116.0,116.0,116.0,116.0,116.0,5,1,0.2717767384711357,0.9623603298276545
"Fort William, Kolkata - WBPCB",2027-01-17,116.0,62.14,113.66,30.34,8.11,0.83,25.26,24.36,seasonal_forecast,19.9,66,9.5,1016.0,116.0,116.0,116.0,116.0,116.0,116.0,6,1,0.2882906407095177,0.9575429528116719
"Fort William, Kolkata - WBPCB",2027-01-18,116.0,62.14,113.64,30.33,8.11,0.83,25.25,24.36,seasonal_forecast,20.0,66,9.6,1016.0,116.0,116.0,116.0,116.0,116.0,116.0,0,1,0.3047192331091634,0.9524422234305676
"Fort William, Kolkata - WBPCB",2027-01-19,116.0,62.13,113.62,30.32,8.11,0.83,25.25,24.36,seasonal_forecast,20.0,66,9.6,1015.9,116.0,116.0,116.0,116.0,116.0,116.0,1,1,0.321057654185271,0.9470596510722283
"Fort William, Kolkata - WBPCB",2027-01-20,116.0,62.12,113.58,30.3,8.11,0.83,25.24,24.36,seasonal_forecast,20.1,66,9.7,1015.9,116.0,116.0,116.0,116.0,116.0,116.0,2,1,0.3373010691361842,0.9413968285264122
"Fort William, Kolkata - WBPCB",2027-01-21,116.0,62.1,113.54,30.28,8.11,0.83,25.24,24.36,seasonal_forecast,20.2,66,9.7,1015.9,116.0,116.0,116.0,116.0,116.0,116.0,3,1,0.3534446712740877,0.9354554315134164
"Fort William, Kolkata - WBPCB",2027-01-22,116.0,62.07,113.49,30.26,8.11,0.83,25.23,24.36,seasonal_forecast,20.3,66,9.8,1015.8,116.0,116.0,116.0,116.0,116.0,115.0,4,1,0.3694836834473831,0.9292372181882051
"Fort William, Kolkata - WBPCB",2027-01-23,115.0,62.03,113.42,30.23,8.11,0.83,25.23,24.36,seasonal_forecast,20.3,66,9.8,1015.7,116.0,116.0,116.0,116.0,116.0,115.0,5,1,0.38541335945432564,0.9227440286201427
"Fort William, Kolkata - WBPCB",2027-01-24,115.0,61.99,113.35,30.21,8.11,0.83,25.22,24.36,seasonal_forecast,20.4,66,9.9,1015.7,115.0,116.0,116.0,115.66666666666667,115.85714285714286,115.0,6,1,0.4012289854475009,0.9159777842484877
"Fort William, Kolkata - WBPCB",2027-01-25,115.0,61.94,113.27,30.17,8.11,0.83,25.21,24.35,seasonal_forecast,20.5,66,9.9,1015.6,115.0,115.0,116.0,115.33333333333333,115.71428571428571,115.0,0,1,0.4169258813287287,0.908940487313808
"Fort William, Kolkata - WBPCB",2027-01-26,115.0,61.89,113.17,30.14,8.11,0.83,25.2,24.35,seasonal_forecast,20.6,66,9.9,1015.6,115.0,115.0,115.0,115.0,115.57142857142857,115.0,1,1,0.4324994021339788,0.901634220265486
"Fort William, Kolkata - WBPCB",2027-01-27,115.0,61.83,113.07,30.1,8.11,0.83,25.2,24.35,seasonal_forecast,20.7,66,10.0,1015.5,115.0,115.0,115.0,115.0,115.42857142857143,115.0,2,1,0.44794493940789115,0.8940611451454876
"Fort William, Kolkata - WBPCB",2027-01-28,115.0,61.76,112.96,30.05,8.11,0.83,25.19,24.34,seasonal_forecast,20.8,66,10.0,1015.4,115.0,115.0,115.0,115.0,115.28571428571429,115.0,3,1,0.4632579225674917,0.88622350294858
"Fort William, Kolkata - WBPCB",2027-01-29,115.0,61.69,112.84,30.01,8.11,0.83,25.18,24.34,seasonal_forecast,20.9,66,10.1,1015.4,115.0,115.0,115.0,115.0,115.14285714285714,114.0,4,1,0.4784338202547012,0.8781236129591848
"Fort William, Kolkata - WBPCB",2027-01-30,114.0,61.61,112.71,29.96,8.11,0.83,25.17,24.33,seasonal_forecast,21.0,66,10.1,1015.3,115.0,115.0,115.0,115.0,115.0,114.0,5,1,0.49346814167723735,0.8697638720650646
"Fort William, Kolkata - WBPCB",2027-01-31,114.0,61.52,112.57,29.91,8.11,0.83,25.16,24.33,seasonal_forecast,21.2,66,10.2,1015.2,114.0,115.0,115.0,114.66666666666667,114.85714285714286,114.0,6,1,0.5083564379375122,0.8611467540480452
"Fort William, Kolkata - WBPCB",2027-02-01,114.0,61.43,112.42,29.85,8.11,0.83,25.15,24.32,seasonal_forecast,21.3,66,10.3,1015.2,114.0,114.0,115.0,114.33333333333333,114.71428571428571,114.0,0,2,0.5230943033491326,0.8522748088519838
"Fort William, Kolkata - WBPCB",2027-02-02,114.0,61.33,112.26,29.79,8.11,0.83,25.14,24.31,seasonal_forecast,21.4,66,10.3,1015.1,114.0,114.0,114.0,114.0,114.57142857142857,114.0,1,2,0.5376773767406141,0.8431506618282
"Fort William, Kolkata - WBPCB",2027-02-03,114.0,61.22,112.09,29.73,8.11,0.83,25.13,24.3,seasonal_forecast,21.5,66,10.4,1015.0,114.0,114.0,114.0,114.0,114.42857142857143,114.0,2,2,0.5521013427459208,0.8337770129585915
"Fort William, Kolkata - WBPCB",2027-02-04,114.0,61.11,111.91,29.67,8.11,0.83,25.12,24.3,seasonal_forecast,21.6,67,10.4,1014.9,114.0,114.0,114.0,114.0,114.28571428571429,113.0,3,2,0.5663619330814524,0.8241566360566663
"Fort William, Kolkata - WBPCB",2027-02-05,113.0,60.99,111.72,29.6,8.11,0.83,25.11,24.29,seasonal_forecast,21.8,67,10.5,1014.8,114.0,114.0,114.0,114.0,114.14285714285714,113.0,4,2,0.580454927809098,0.8142923779467267
"Fort William, Kolkata - WBPCB",2027-02-06,113.0,60.86,111.52,29.53,8.11,0.83,25.1,24.28,seasonal_forecast,21.9,67,10.5,1014.7,113.0,114.0,114.0,113.66666666666667,113.85714285714286,113.0,5,2,0.5943761565849831,0.804187157621448
"Fort William, Kolkata - WBPCB",2027-02-07,113.0,60.73,111.31,29.46,8.11,0.83,25.09,24.27,seasonal_forecast,22.0,67,10.6,1014.7,113.0,113.0,114.0,113.33333333333333,113.71428571428571,113.0,6,2,0.6081214998935418,0.7938439653781019
"Fort William, Kolkata - WBPCB",2027-02-08,113.0,60.59,111.09,29.38,8.11,0.83,25.08,24.26,seasonal_forecast,22.2,67,10.6,1014.6,113.0,113.0,113.0,113.0,113.57142857142857,112.0,0,2,0.6216868902665479,0.7832658619336791
"Fort William, Kolkata - WBPCB",2027-02-09,112.0,60.44,110.87,29.3,8.11,0.83,25.07,24.25,seasonal_forecast,22.3,67,10.7,1014.5,113.0,113.0,113.0,113.0,113.42857142857143,112.0,1,2,0.6350683134867438,0.7724559775191742
"Fort William, Kolkata - WBPCB",2027-02-10,112.0,60.29,110.63,29.22,8.1,0.83,25.06,24.24,seasonal_forecast,22.4,67,10.7,1014.4,112.0,113.0,113.0,112.66666666666667,113.14285714285714,112.0,2,2,0.6482618097757122,0.7614175109532997
"Fort William, Kolkata - WBPCB",2027-02-11,112.0,60.13,110.38,29.14,8.1,0.83,25.05,24.23,seasonal_forecast,22.6,67,10.8,1014.3,112.0,112.0,113.0,112.33333333333333,112.85714285714286,111.0,3,2,0.6612634749656386,0.7501537286959042
"Fort William, Kolkata - WBPCB",2027-02-12,111.0,59.96,110.12,29.05,8.1,0.83,25.04,24.22,seasonal_forecast,22.7,67,10.8,1014.2,112.0,112.0,112.0,112.0,112.57142857142857,111.0,4,2,0.6740694616546161,0.7386679638813748
"Fort William, Kolkata - WBPCB",2027-02-13,111.0,59.79,109.85,28.96,8.1,0.82,25.03,24.2,seasonal_forecast,22.9,67,10.9,1014.1,111.0,112.0,112.0,111.66666666666667,112.28571428571429,111.0,5,2,0.6866759803451553,0.726963615332308
"Fort William, Kolkata - WBPCB",2027-02-14,111.0,59.61,109.57,28.87,8.1,0.82,25.02,24.19,seasonal_forecast,23.0,67,10.9,1014.0,111.0,111.0,112.0,111.33333333333333,112.0,111.0,6,2,0.6990793005655562,0.7150441465537444
"Fort William, Kolkata - WBPCB",2027-02-15,111.0,59.42,109.29,28.78,8.1,0.82,25.01,24.18,seasonal_forecast,23.2,67,11.0,1013.9,111.0,111.0,111.0,111.0,111.71428571428571,110.0,0,2,0.7112757519738152,0.7029130847082615
"Fort William, Kolkata - WBPCB",2027-02-16,110.0,59.23,108.99,28.68,8.1,0.82,25.0,24.17,seasonal_forecast,23.3,67,11.1,1013.8,111.0,111.0,111.0,111.0,111.42857142857143,110.0,1,2,0.7232617254437388,0.6905740195722294
"Fort William, Kolkata - WBPCB",2027-02-17,110.0,59.03,108.68,28.58,8.1,0.82,24.99,24.15,seasonal_forecast,23.5,67,11.1,1013.7,110.0,111.0,111.0,110.66666666666667,111.14285714285714,110.0,2,2,0.7350336741329412,0.6780306024735382
"Fort William, Kolkata - WBPCB",2027-02-18,110.0,58.83,108.36,28.48,8.1,0.82,24.98,24.14,seasonal_forecast,23.6,67,11.2,1013.6,110.0,110.0,111.0,110.33333333333333,110.85714285714286,109.0,3,2,0.746588114532413,0.6652865452111116
"Fort William, Kolkata - WBPCB",2027-02-19,109.0,58.61,108.04,28.38,8.1,0.82,24.98,24.13,seasonal_forecast,23.8,67,11.2,1013.5,110.0,110.0,110.0,110.0,110.57142857142857,109.0,4,2,0.7579216274973472,0.6523456189565257
"Fort William, Kolkata - WBPCB",2027-02-20,109.0,58.4,107.7,28.27,8.1,0.82,24.97,24.11,seasonal_forecast,23.9,67,11.3,1013.4,109.0,110.0,110.0,109.66666666666667,110.28571428571429,108.0,5,2,0.7690308592589181,0.6392116531380588
"Fort William, Kolkata - WBPCB",2027-02-21,108.0,58.17,107.36,28.17,8.1,0.82,24.96,24.1,seasonal_forecast,24.1,67,11.3,1013.3,109.0,109.0,110.0,109.33333333333333,110.0,108.0,6,2,0.7799125224167177,0.6258885343075018
"Fort William, Kolkata - WBPCB",2027-02-22,108.0,57.94,107.0,28.06,8.1,0.82,24.95,24.09,seasonal_forecast,24.2,67,11.4,1013.2,108.0,109.0,109.0,108.66666666666667,109.57142857142857,108.0,0,2,0.7905633969115482,0.612380204990065
"Fort William, Kolkata - WBPCB",2027-02-23,108.0,57.71,106.64,27.95,8.1,0.82,24.94,24.07,seasonal_forecast,24.4,67,11.5,1013.1,108.0,108.0,109.0,108.33333333333333,109.14285714285714,107.0,1,2,0.8009803309782905,0.5986906625177214
"Fort William, Kolkata - WBPCB",2027-02-24,107.0,57.46,106.26,27.84,8.1,0.82,24.94,24.06,seasonal_forecast,24.5,67,11.5,1013.0,108.0,108.0,108.0,108.0,108.85714285714286,107.0,2,2,0.8111602420785621,0.5848239578463322
"Fort William, Kolkata - WBPCB",2027-02-25,107.0,57.22,105.88,27.72,8.11,0.82,24.93,24.05,seasonal_forecast,24.6,67,11.6,1012.9,107.0,108.0,108.0,107.66666666666667,108.42857142857143,106.0,3,2,0.8211001178128892,0.5707841943569036
"Fort William, Kolkata - WBPCB",2027-02-26,106.0,56.96,105.49,27.61,8.11,0.82,24.92,24.03,seasonal_forecast,24.8,67,11.6,1012.8,107.0,107.0,108.0,107.33333333333333,108.0,106.0,4,2,0.8307970168121247,0.5565755266413303
"Fort William, Kolkata - WBPCB",2027-02-27,106.0,56.7,105.09,27.49,8.11,0.82,24.92,24.02,seasonal_forecast,24.9,67,11.7,1012.6,106.0,107.0,107.0,106.66666666666667,107.57142857142857,106.0,5,2,0.8402480696078469,0.5422021592729844
"Fort William, Kolkata - WBPCB",2027-02-28,106.0,56.43,104.68,27.37,8.11,0.82,24.91,24.0,seasonal_forecast,25.1,67,11.8,1012.5,106.0,106.0,107.0,106.33333333333333,107.14285714285714,105.0,6,2,0.8494504794814806,0.527668345562516
"Fort William, Kolkata - WBPCB",2027-03-01,105.0,56.16,104.26,27.25,8.11,0.82,24.91,23.99,seasonal_forecast,25.2,67,11.8,1012.4,106.0,106.0,106.0,106.0,106.85714285714286,105.0,0,3,0.8584015232918917,0.512978386299228
"Fort William, Kolkata - WBPCB",2027-03-02,105.0,55.89,103.83,27.13,8.11,0.81,24.9,23.98,seasonal_forecast,25.4,67,11.9,1012.3,105.0,106.0,106.0,105.66666666666667,106.42857142857143,104.0,1,3,0.8670985522812081,0.4981366284784055
"Fort William, Kolkata - WBPCB",2027-03-03,104.0,55.6,103.4,27.0,8.11,0.81,24.9,23.96,seasonal_forecast,25.5,67,12.0,1012.2,105.0,105.0,106.0,105.33333333333333,106.0,104.0,2,3,0.8755389928586302,0.4831474640149687
"Fort William, Kolkata - WBPCB",2027-03-04,104.0,55.31,102.95,26.88,8.11,0.81,24.89,23.95,seasonal_forecast,25.7,67,12.0,1012.1,104.0,105.0,105.0,104.66666666666667,105.57142857142857,103.0,3,3,0.8837203473619977,0.4680153284438345
"Fort William, Kolkata - WBPCB",2027-03-05,103.0,55.02,102.5,26.75,8.11,0.81,24.89,23.94,seasonal_forecast,25.8,67,12.1,1012.0,104.0,104.0,105.0,104.33333333333333,105.14285714285714,103.0,4,3,0.8916401947968874,0.45274469960737107
"Fort William, Kolkata - WBPCB",2027-03-06,103.0,54.72,102.04,26.63,8.11,0.81,24.89,23.92,seasonal_forecast,25.9,67,12.2,1011.9,103.0,104.0,104.0,103.66666666666667,104.71428571428571,102.0,5,3,0.8992961915530253,0.4373400963303323
"Fort William, Kolkata - WBPCB",2027-03-07,102.0,54.41,101.57,26.5,8.11,0.81,24.89,23.91,seasonal_forecast,26.1,67,12.2,1011.8,103.0,103.0,104.0,103.33333333333333,104.28571428571429,102.0,6,3,0.9066860720977985,0.4218060770826634
"Fort William, Kolkata - WBPCB",2027-03-08,102.0,54.1,101.1,26.37,8.11,0.81,24.88,23.9,seasonal_forecast,26.2,67,12.3,1011.6,102.0,103.0,103.0,102.66666666666667,103.71428571428571,101.0,0,3,0.9138076496466615,0.40614723863057883
"Fort William, Kolkata - WBPCB",2027-03-09,101.0,53.79,100.61,26.24,8.11,0.81,24.88,23.89,seasonal_forecast,26.4,67,12.4,1011.5,102.0,102.0,103.0,102.33333333333333,103.28571428571429,101.0,1,3,0.9206588168102428,0.3903682146763026
"Fort William, Kolkata - WBPCB",2027-03-10,101.0,53.47,100.12,26.11,8.11,0.81,24.88,23.87,seasonal_forecast,26.5,67,12.4,1011.4,101.0,102.0,102.0,101.66666666666667,102.71428571428571,100.0,2,3,0.9272375462179537,0.374473674486883
"Fort William, Kolkata - WBPCB",2027-03-11,100.0,53.14,99.62,25.97,8.12,0.81,24.88,23.86,seasonal_forecast,26.6,67,12.5,1011.3,101.0,101.0,102.0,101.33333333333333,102.28571428571429,100.0,3,3,0.9335418911179212,0.35846832151248087
"Fort William, Kolkata - WBPCB",2027-03-12,100.0,52.81,99.12,25.84,8.12,0.81,24.88,23.85,seasonal_forecast,26.7,67,12.6,1011.2,100.0,101.0,101.0,100.66666666666667,101.71428571428571,99.0,4,3,0.9395699859530622,0.342356891994542
"Fort William, Kolkata - WBPCB",2027-03-13,99.0,52.48,98.6,25.71,8.12,0.8,24.88,23.84,seasonal_forecast,26.9,67,12.6,1011.1,100.0,100.0,101.0,100.33333333333333,101.28571428571429,99.0,5,3,0.945320046913132,0.3261441535642696
"Fort William, Kolkata - WBPCB",2027-03-14,99.0,52.14,98.08,25.57,8.12,0.8,24.88,23.83,seasonal_forecast,27.0,67,12.7,1011.0,99.0,100.0,100.0,99.66666666666667,100.71428571428571,98.0,6,3,0.9507903724625832,0.3098349038318025
"Fort William, Kolkata - WBPCB",2027-03-15,98.0,51.8,97.56,25.43,8.12,0.8,24.88,23.82,seasonal_forecast,27.1,67,12.8,1010.8,99.0,99.0,100.0,99.33333333333333,100.28571428571429,98.0,0,3,0.9559793438440766,0.2934339689665273
"Fort William, Kolkata - WBPCB",2027-03-16,98.0,51.45,97.02,25.3,8.12,0.8,24.89,23.81,seasonal_forecast,27.2,67,12.9,1010.7,98.0,99.0,99.0,98.66666666666667,99.71428571428571,97.0,1,3,0.9608854255574977,0.27694620226893646
"Fort William, Kolkata - WBPCB",2027-03-17,97.0,51.1,96.48,25.16,8.12,0.8,24.89,23.8,seasonal_forecast,27.4,67,12.9,1010.6,98.0,98.0,99.0,98.33333333333333,99.28571428571429,97.0,2,3,0.9655071658143364,0.2603764827344581
"Fort William, Kolkata - WBPCB",2027-03-18,97.0,50.74,95.94,25.02,8.12,0.8,24.89,23.79,seasonal_forecast,27.5,68,13.0,1010.5,97.0,98.0,98.0,97.66666666666667,98.71428571428571,96.0,3,3,0.969843196967294,0.24372971360968387
"Fort William, Kolkata - WBPCB",2027-03-19,96.0,50.38,95.39,24.88,8.13,0.8,24.89,23.79,seasonal_forecast,27.6,68,13.1,1010.4,97.0,97.0,98.0,97.33333333333333,98.28571428571429,96.0,4,3,0.9738922359149924,0.22701082094141847
"Fort William, Kolkata - WBPCB",2027-03-20,96.0,50.01,94.83,24.74,8.13,0.8,24.9,23.78,seasonal_forecast,27.7,68,13.2,1010.3,96.0,97.0,97.0,96.66666666666667,97.71428571428571,95.0,5,3,0.9776530844816641,0.2102247521189836
"Fort William, Kolkata - WBPCB",2027-03-21,95.0,49.65,94.27,24.6,8.13,0.8,24.9,23.77,seasonal_forecast,27.8,68,13.2,1010.2,96.0,96.0,97.0,96.33333333333333,97.28571428571429,95.0,6,3,0.981124629771712,0.19337647441020586
"Fort William, Kolkata - WBPCB",2027-03-22,95.0,49.28,93.7,24.46,8.13,0.8,24.91,23.76,seasonal_forecast,27.9,68,13.3,1010.0,95.0,96.0,96.0,95.66666666666667,96.71428571428571,94.0,0,3,0.984305844499033,0.17647097349152166
"Fort William, Kolkata - WBPCB",2027-03-23,94.0,48.9,93.13,24.32,8.13,0.79,24.91,23.76,seasonal_forecast,28.0,68,13.4,1009.9,95.0,95.0,96.0,95.33333333333333,96.28571428571429,93.0,1,3,0.9871957872910085,0.15951325197263655
"Fort William, Kolkata - WBPCB",2027-03-24,93.0,48.52,92.55,24.18,8.13,0.79,24.92,23.75,seasonal_forecast,28.1,68,13.5,1009.8,94.0,95.0,95.0,94.66666666666667,95.71428571428571,93.0,2,3,0.9897936029670716,0.14250832791617088
"Fort William, Kolkata - WBPCB",2027-03-25,93.0,48.14,91.97,24.03,8.13,0.79,24.92,23.75,seasonal_forecast,28.2,68,13.5,1009.7,93.0,94.0,95.0,94.0,95.14285714285714,92.0,3,3,0.992098522791769,0.12546123335273648
"Fort William, Kolkata - WBPCB",2027-03-26,92.0,47.76,91.38,23.89,8.14,0.79,24.93,23.74,seasonal_forecast,28.3,68,13.6,1009.6,93.0,93.0,94.0,93.33333333333333,94.57142857142857,92.0,4,3,0.9941098647022418,0.10837701279187609
"Fort William, Kolkata - WBPCB",2027-03-27,92.0,47.37,90.79,23.75,8.14,0.79,24.93,23.74,seasonal_forecast,28.4,68,13.7,1009.5,92.0,93.0,93.0,92.66666666666667,94.0,91.0,5,3,0.9958270335100595,0.09126072172931188
"Fort William, Kolkata - WBPCB",2027-03-28,91.0,46.98,90.2,23.6,8.14,0.79,24.94,23.73,seasonal_forecast,28.5,68,13.8,1009.4,92.0,92.0,93.0,92.33333333333333,93.42857142857143,91.0,6,3,0.9972495210773451,0.07411742515094437
"Fort William, Kolkata - WBPCB",2027-03-29,91.0,46.58,89.6,23.46,8.14,0.79,24.94,23.73,seasonal_forecast,28.6,68,13.8,1009.2,91.0,92.0,92.0,91.66666666666667,92.85714285714286,90.0,0,3,0.998376906467142,0.056952196034039754
"Fort William, Kolkata - WBPCB",2027-03-30,90.0,46.19,89.0,23.31,8.14,0.79,24.95,23.73,seasonal_forecast,28.7,69,13.9,1009.1,91.0,91.0,92.0,91.33333333333333,92.28571428571429,89.0,1,3,0.9992088560679753,0.03977011384605572
"Fort William, Kolkata - WBPCB",2027-03-31,89.0,45.79,88.39,23.17,8.14,0.79,24.96,23.73,seasonal_forecast,28.8,69,14.0,1009.0,90.0,91.0,91.0,90.66666666666667,91.71428571428571,89.0,2,3,0.9997451236925734,0.022576263041545485
"Fort William, Kolkata - WBPCB",2027-04-01,89.0,45.39,87.79,23.02,8.14,0.78,24.96,23.73,seasonal_forecast,28.9,69,14.1,1008.9,89.0,90.0,91.0,90.0,91.14285714285714,88.0,3,4,0.9999855506507186,0.005375731557583884
"Fort William, Kolkata - WBPCB",2027-04-02,88.0,44.99,87.18,22.88,8.15,0.78,24.97,23.73,seasonal_forecast,28.9,69,14.1,1008.8,89.0,89.0,90.0,89.33333333333333,90.57142857142857,88.0,4,4,0.9999300657962057,-0.011826390691832589
"Fort William, Kolkata - WBPCB",2027-04-03,88.0,44.59,86.57,22.73,8.15,0.78,24.98,23.73,seasonal_forecast,29.0,69,14.2,1008.7,88.0,89.0,89.0,88.66666666666667,90.0,87.0,5,4,0.9995786855478958,-0.029025013321975237
"Fort William, Kolkata - WBPCB",2027-04-04,87.0,44.18,85.95,22.59,8.15,0.78,24.99,23.73,seasonal_forecast,29.1,69,14.3,1008.6,88.0,88.0,89.0,88.33333333333333,89.42857142857143,86.0,6,4,0.9989315138848577,-0.046215046983708354
"Fort William, Kolkata - WBPCB",2027-04-05,86.0,43.77,85.33,22.44,8.15,0.78,24.99,23.73,seasonal_forecast,29.2,69,14.4,1008.4,87.0,88.0,88.0,87.66666666666667,88.85714285714286,86.0,0,4,0.9979887423155984,-0.06339140486951038
"Fort William, Kolkata - WBPCB",2027-04-06,86.0,43.36,84.72,22.29,8.15,0.78,25.0,23.73,seasonal_forecast,29.2,69,14.4,1008.3,86.0,87.0,88.0,87.0,88.14285714285714,85.0,1,4,0.9967506498213929,-0.08054900421874167
"Fort William, Kolkata - WBPCB",2027-04-07,85.0,42.95,84.1,22.15,8.15,0.78,25.01,23.73,seasonal_forecast,29.3,70,14.5,1008.2,86.0,86.0,87.0,86.33333333333333,87.57142857142857,85.0,2,4,0.9952176027737294,-0.09768276782171598
"Fort William, Kolkata - WBPCB",2027-04-08,85.0,42.54,83.48,22.0,8.15,0.78,25.02,23.74,seasonal_forecast,29.4,70,14.6,1008.1,85.0,86.0,86.0,85.66666666666667,87.0,84.0,3,4,0.9933900548258936,-0.11478762552212701
"Fort William, Kolkata - WBPCB",2027-04-09,84.0,42.13,82.86,21.85,8.15,0.77,25.02,23.74,seasonal_forecast,29.4,70,14.7,1008.0,85.0,85.0,86.0,85.33333333333333,86.42857142857143,83.0,4,4,0.9912685467787256,-0.13185851571739118
"Fort William, Kolkata - WBPCB",2027-04-10,83.0,41.72,82.23,21.71,8.16,0.77,25.03,23.75,seasonal_forecast,29.5,70,14.7,1007.9,84.0,85.0,85.0,84.66666666666667,85.85714285714286,83.0,5,4,0.9888537064205885,-0.1488903868564548
"Fort William, Kolkata - WBPCB",2027-04-11,83.0,41.3,81.61,21.56,8.16,0.77,25.04,23.75,seasonal_forecast,29.6,70,14.8,1007.7,83.0,84.0,85.0,84.0,85.14285714285714,82.0,6,4,0.986146248341595,-0.16587819893463143
"Fort William, Kolkata - WBPCB",2027-04-12,82.0,40.89,80.99,21.41,8.16,0.77,25.05,23.76,seasonal_forecast,29.6,70,14.9,1007.6,83.0,83.0,84.0,83.33333333333333,84.57142857142857,82.0,0,4,0.9831469737221499,-0.1828169249850199
"Fort William, Kolkata - WBPCB",2027-04-13,82.0,40.47,80.37,21.26,8.16,0.77,25.05,23.76,seasonal_forecast,29.7,70,15.0,1007.5,82.0,83.0,83.0,82.66666666666667,84.0,81.0,1,4,0.9798567700958665,-0.1997015525660636
"Fort William, Kolkata - WBPCB",2027-04-14,81.0,40.06,79.74,21.11,8.16,0.77,25.06,23.77,seasonal_forecast,29.7,71,15.0,1007.4,82.0,82.0,83.0,82.33333333333333,83.42857142857143,80.0,2,4,0.9762766110869321,-0.21652708524481437
"Fort William, Kolkata - WBPCB",2027-04-15,80.0,39.64,79.12,20.97,8.16,0.77,25.07,23.78,seasonal_forecast,29.8,71,15.1,1007.3,81.0,82.0,82.0,81.66666666666667,82.85714285714286,80.0,3,4,0.9724075561219968,-0.23328854407545518
"Fort William, Kolkata - WBPCB",2027-04-16,80.0,39.23,78.5,20.82,8.16,0.76,25.08,23.78,seasonal_forecast,29.8,71,15.2,1007.2,80.0,81.0,82.0,81.0,82.14285714285714,79.0,4,4,0.9682507501166718,-0.2499809690726521
"Fort William, Kolkata - WBPCB",2027-04-17,79.0,38.82,77.88,20.67,8.16,0.76,25.08,23.79,seasonal_forecast,29.9,71,15.2,1007.0,80.0,80.0,81.0,80.33333333333333,81.57142857142857,78.0,5,4,0.9638074231367307,-0.26659942067929354
"Fort William, Kolkata - WBPCB",2027-04-18,78.0,38.4,77.26,20.52,8.16,0.76,25.09,23.8,seasonal_forecast,29.9,71,15.3,1006.9,79.0,80.0,80.0,79.66666666666667,81.0,78.0,6,4,0.9590788900341131,-0.28313898122818354
"Fort William, Kolkata - WBPCB",2027-04-19,78.0,37.99,76.64,20.37,8.16,0.76,25.1,23.81,seasonal_forecast,30.0,71,15.4,1006.8,78.0,79.0,80.0,79.0,80.28571428571429,77.0,0,4,0.9540665500578387,-0.2995947563972602
"Fort William, Kolkata - WBPCB",2027-04-20,77.0,37.57,76.03,20.22,8.16,0.76,25.1,23.82,seasonal_forecast,30.0,72,15.4,1006.7,78.0,78.0,79.0,78.33333333333333,79.71428571428571,77.0,1,4,0.9487718864399473,-0.31596187665790293
"Fort William, Kolkata - WBPCB",2027-04-21,77.0,37.16,75.41,20.08,8.16,0.76,25.11,23.83,seasonal_forecast,30.0,72,15.5,1006.6,77.0,78.0,78.0,77.66666666666667,79.0,76.0,2,4,0.9431964659565866,-0.33223549871590435
"Fort William, Kolkata - WBPCB",2027-04-22,76.0,36.75,74.8,19.93,8.16,0.76,25.11,23.84,seasonal_forecast,30.1,72,15.5,1006.5,77.0,77.0,78.0,77.33333333333333,78.42857142857143,75.0,3,4,0.9373419384643772,-0.3484108069446808
"Fort William, Kolkata - WBPCB",2027-04-23,75.0,36.34,74.19,19.78,8.16,0.76,25.12,23.85,seasonal_forecast,30.1,72,15.6,1006.3,76.0,77.0,77.0,76.66666666666667,77.85714285714286,75.0,4,4,0.9312100364121947,-0.3644830148102912
"Fort William, Kolkata - WBPCB",2027-04-24,75.0,35.93,73.59,19.63,8.16,0.75,25.12,23.87,seasonal_forecast,30.1,72,15.7,1006.2,75.0,76.0,77.0,76.0,77.14285714285714,74.0,5,4,0.9248025743285089,-0.38044736628785164
"Fort William, Kolkata - WBPCB",2027-04-25,74.0,35.53,72.98,19.48,8.16,0.75,25.13,23.88,seasonal_forecast,30.2,72,15.7,1006.1,75.0,75.0,76.0,75.33333333333333,76.57142857142857,74.0,6,4,0.9181214482844365,-0.39629913726891813
"Fort William, Kolkata - WBPCB",2027-04-26,74.0,35.12,72.38,19.33,8.16,0.75,25.13,23.89,seasonal_forecast,30.2,73,15.8,1006.0,74.0,75.0,75.0,74.66666666666667,76.0,73.0,0,4,0.9111686353326631,-0.41203363695942635
"Fort William, Kolkata - WBPCB",2027-04-27,73.0,34.72,71.78,19.19,8.16,0.75,25.14,23.9,seasonal_forecast,30.2,73,15.8,1005.9,74.0,74.0,75.0,74.33333333333333,75.42857142857143,72.0,1,4,0.9039461929224011,-0.42764620926777464
"Fort William, Kolkata - WBPCB",2027-04-28,72.0,34.31,71.19,19.04,8.16,0.75,25.14,23.92,seasonal_forecast,30.2,73,15.9,1005.8,73.0,74.0,74.0,73.66666666666667,74.85714285714286,72.0,2,4,0.8964562582905575,-0.44313223418263453
"Fort William, Kolkata - WBPCB",2027-04-29,72.0,33.91,70.6,18.89,8.16,0.75,25.14,23.93,seasonal_forecast,30.3,73,15.9,1005.6,72.0,73.0,74.0,73.0,74.14285714285714,71.0,3,4,0.8887010478292915,-0.45848712914008766
"Fort William, Kolkata - WBPCB",2027-04-30,71.0,33.52,70.01,18.74,8.16,0.75,25.15,23.94,seasonal_forecast,30.3,73,16.0,1005.5,72.0,72.0,73.0,72.33333333333333,73.57142857142857,71.0,4,4,0.8806828564301475,-0.47370635037968
"Fort William, Kolkata - WBPCB",2027-05-01,71.0,33.12,69.43,18.59,8.16,0.75,25.15,23.96,seasonal_forecast,30.3,74,16.0,1005.4,71.0,72.0,72.0,71.66666666666667,73.0,70.0,5,5,0.8724040568049612,-0.48878539428899265
"Fort William, Kolkata - WBPCB",2027-05-02,70.0,32.73,68.85,18.44,8.16,0.74,25.15,23.97,seasonal_forecast,30.3,74,16.1,1005.3,71.0,71.0,72.0,71.33333333333333,72.42857142857143,70.0,6,5,0.8638670987837349,-0.503719798736334
"Fort William, Kolkata - WBPCB",2027-05-03,70.0,32.34,68.27,18.3,8.16,0.74,25.15,23.99,seasonal_forecast,30.3,74,16.1,1005.2,70.0,71.0,71.0,70.66666666666667,71.85714285714286,69.0,0,5,0.8550745085896932,-0.518505144391157
"Fort William, Kolkata - WBPCB",2027-05-04,69.0,31.95,67.7,18.15,8.16,0.74,25.16,24.0,seasonal_forecast,30.4,74,16.1,1005.0,70.0,70.0,71.0,70.33333333333333,71.28571428571429,68.0,1,5,0.8460288880917339,-0.533137056031809
"Fort William, Kolkata - WBPCB",2027-05-05,68.0,31.56,67.14,18.0,8.16,0.74,25.16,24.02,seasonal_forecast,30.4,74,16.2,1004.9,69.0,70.0,70.0,69.66666666666667,70.71428571428571,68.0,2,5,0.8367329140344921,-0.5476112038402312
"Fort William, Kolkata - WBPCB",2027-05-06,68.0,31.18,66.58,17.86,8.16,0.74,25.16,24.03,seasonal_forecast,30.4,74,16.2,1004.8,68.0,69.0,70.0,69.0,70.14285714285714,67.0,3,5,0.8271893372462497,-0.5619233046832195
"Fort William, Kolkata - WBPCB",2027-05-07,67.0,30.8,66.02,17.71,8.16,0.74,25.16,24.05,seasonal_forecast,30.4,75,16.3,1004.7,68.0,68.0,69.0,68.33333333333333,69.57142857142857,67.0,4,5,0.8174009818249189,-0.5760691233798758
"Fort William, Kolkata - WBPCB",2027-05-08,67.0,30.42,65.47,17.56,8.15,0.74,25.16,24.06,seasonal_forecast,30.4,75,16.3,1004.6,67.0,68.0,68.0,67.66666666666667,69.0,66.0,5,5,0.8073707443023492,-0.5900444739548627
"Fort William, Kolkata - WBPCB",2027-05-09,66.0,30.05,64.92,17.42,8.15,0.74,25.16,24.08,seasonal_forecast,30.4,75,16.3,1004.5,67.0,67.0,68.0,67.33333333333333,68.42857142857143,66.0,6,5,0.7971015927871943,-0.6038452208771035
"Fort William, Kolkata - WBPCB",2027-05-10,66.0,29.68,64.38,17.27,8.15,0.73,25.16,24.09,seasonal_forecast,30.4,75,16.3,1004.3,66.0,67.0,67.0,66.66666666666667,67.85714285714286,65.0,0,5,0.7865965660866021,-0.6174672802835514
"Fort William, Kolkata - WBPCB",2027-05-11,65.0,29.31,63.85,17.13,8.15,0.73,25.16,24.11,seasonal_forecast,30.4,75,16.4,1004.2,66.0,66.0,67.0,66.33333333333333,67.28571428571429,65.0,1,5,0.7758587728069828,-0.6309066211876704
"Fort William, Kolkata - WBPCB",2027-05-12,65.0,28.95,63.32,16.98,8.15,0.73,25.15,24.12,seasonal_forecast,30.4,76,16.4,1004.1,65.0,66.0,66.0,65.66666666666667,66.71428571428571,64.0,2,5,0.7648913904341226,-0.6441592666722685
"Fort William, Kolkata - WBPCB",2027-05-13,64.0,28.59,62.8,16.84,8.15,0.73,25.15,24.14,seasonal_forecast,30.4,76,16.4,1004.0,65.0,65.0,66.0,65.33333333333333,66.28571428571429,63.0,3,5,0.753697664392914,-0.6572212950663319
"Fort William, Kolkata - WBPCB",2027-05-14,63.0,28.23,62.28,16.69,8.14,0.73,25.15,24.16,seasonal_forecast,30.4,76,16.4,1003.9,64.0,65.0,65.0,64.66666666666667,65.71428571428571,63.0,4,5,0.742280907086982,-0.6700888411055113
"Fort William, Kolkata - WBPCB",2027-05-15,63.0,27.88,61.77,16.55,8.14,0.73,25.15,24.17,seasonal_forecast,30.4,76,16.4,1003.8,63.0,64.0,65.0,64.0,65.14285714285714,62.0,5,5,0.7306444969184916,-0.6827580970759147
"Fort William, Kolkata - WBPCB",2027-05-16,62.0,27.53,61.26,16.41,8.14,0.73,25.15,24.19,seasonal_forecast,30.4,76,16.5,1003.7,63.0,63.0,64.0,63.333333333333336,64.57142857142857,62.0,6,5,0.7187918772884232,-0.6952253139408722
"Fort William, Kolkata - WBPCB",2027-05-17,62.0,27.19,60.76,16.27,8.14,0.73,25.14,24.2,seasonal_forecast,30.4,77,16.5,1003.5,62.0,63.0,63.0,62.666666666666664,64.0,61.0,0,5,0.7067265555776158,-0.7074868024503348
"Fort William, Kolkata - WBPCB",2027-05-18,61.0,26.85,60.27,16.13,8.14,0.72,25.14,24.22,seasonal_forecast,30.4,77,16.5,1003.4,62.0,62.0,63.0,62.333333333333336,63.42857142857143,61.0,1,5,0.6944521021088763,-0.719538934232584
"Fort William, Kolkata - WBPCB",2027-05-19,61.0,26.51,59.78,15.99,8.13,0.72,25.14,24.23,seasonal_forecast,30.4,77,16.5,1003.3,61.0,62.0,62.0,61.666666666666664,62.857142857142854,60.0,2,5,0.6819721490904629,-0.7313781428679254
"Fort William, Kolkata - WBPCB",2027-05-20,60.0,26.18,59.3,15.85,8.13,0.72,25.13,24.25,seasonal_forecast,30.4,77,16.5,1003.2,61.0,61.0,62.0,61.333333333333336,62.285714285714285,60.0,3,5,0.6692903895412567,-0.7430009249440493
"Fort William, Kolkata - WBPCB",2027-05-21,60.0,25.85,58.83,15.71,8.13,0.72,25.13,24.26,seasonal_forecast,30.4,77,16.5,1003.1,60.0,61.0,61.0,60.666666666666664,61.714285714285715,59.0,4,5,0.6564105761979381,-0.7544038410927472
"Fort William, Kolkata - WBPCB",2027-05-22,59.0,25.53,58.36,15.57,8.13,0.72,25.13,24.28,seasonal_forecast,30.4,77,16.5,1003.0,60.0,60.0,61.0,60.333333333333336,61.285714285714285,59.0,5,5,0.6433365204044917,-0.765583517007675
"Fort William, Kolkata - WBPCB",2027-05-23,59.0,25.21,57.9,15.43,8.12,0.72,25.12,24.29,seasonal_forecast,30.4,78,16.5,1002.9,59.0,60.0,60.0,59.666666666666664,60.714285714285715,58.0,6,5,0.6300720909843687,-0.7765366444428655
"Fort William, Kolkata - WBPCB",2027-05-24,58.0,24.9,57.45,15.3,8.12,0.72,25.12,24.31,seasonal_forecast,30.4,78,16.5,1002.8,59.0,59.0,60.0,59.333333333333336,60.285714285714285,58.0,0,5,0.6166212130956382,-0.7872599821916922
"Fort William, Kolkata - WBPCB",2027-05-25,58.0,24.59,57.01,15.16,8.12,0.72,25.11,24.32,seasonal_forecast,30.4,78,16.5,1002.7,58.0,59.0,59.0,58.666666666666664,59.714285714285715,57.0,1,5,0.6029878670694714,-0.7977503570459932
"Fort William, Kolkata - WBPCB",2027-05-26,57.0,24.29,56.57,15.03,8.12,0.72,25.11,24.34,seasonal_forecast,30.3,78,16.5,1002.6,58.0,58.0,59.0,58.333333333333336,59.285714285714285,57.0,2,5,0.5891760872322963,-0.8080046647350754
"Fort William, Kolkata - WBPCB",2027-05-27,57.0,23.99,56.14,14.9,8.11,0.72,25.1,24.35,seasonal_forecast,30.3,78,16.5,1002.4,57.0,58.0,58.0,57.666666666666664,58.714285714285715,57.0,3,5,0.5751899607119775,-0.8180198708443175
"Fort William, Kolkata - WBPCB",2027-05-28,57.0,23.69,55.71,14.77,8.11,0.72,25.1,24.36,seasonal_forecast,30.3,78,16.4,1002.3,57.0,57.0,58.0,57.333333333333336,58.285714285714285,56.0,4,5,0.5610336262283677,-0.8277930117131022
"Fort William, Kolkata - WBPCB",2027-05-29,56.0,23.41,55.29,14.64,8.11,0.71,25.09,24.38,seasonal_forecast,30.3,79,16.4,1002.2,57.0,57.0,57.0,57.0,57.857142857142854,56.0,5,5,0.5467112728685939,-0.8373211953118121
"Fort William, Kolkata - WBPCB",2027-05-30,56.0,23.12,54.88,14.51,8.1,0.71,25.09,24.39,seasonal_forecast,30.3,79,16.4,1002.1,56.0,57.0,57.0,56.666666666666664,57.42857142857143,55.0,6,5,0.5322271388474397,-0.8466016020976267
"Fort William, Kolkata - WBPCB",2027-05-31,55.0,22.84,54.48,14.38,8.1,0.71,25.08,24.4,seasonal_forecast,30.3,79,16.4,1002.0,56.0,56.0,57.0,56.333333333333336,57.0,55.0,0,5,0.5175855102531889,-0.8556314858488706
"Fort William, Kolkata - WBPCB",2027-06-01,55.0,22.57,54.09,14.26,8.1,0.71,25.08,24.42,seasonal_forecast,30.2,79,16.4,1001.9,55.0,56.0,56.0,55.666666666666664,56.57142857142857,54.0,1,6,0.5027907197793043,-0.8644081744776648
"Fort William, Kolkata - WBPCB",2027-06-02,54.0,22.3,53.7,14.13,8.09,0.71,25.07,24.43,seasonal_forecast,30.2,79,16.4,1001.8,55.0,55.0,56.0,55.333333333333336,56.142857142857146,54.0,2,6,0.4878471454423119,-0.8729290708206411
"Fort William, Kolkata - WBPCB",2027-06-03,54.0,22.04,53.32,14.01,8.09,0.71,25.07,24.44,seasonal_forecast,30.2,79,16.3,1001.8,54.0,55.0,55.0,54.666666666666664,55.714285714285715,54.0,3,6,0.47275920928627757,-0.881191653407483
"Fort William, Kolkata - WBPCB",2027-06-04,54.0,21.78,52.94,13.89,8.09,0.71,25.06,24.45,seasonal_forecast,30.2,80,16.3,1001.7,54.0,54.0,55.0,54.333333333333336,55.285714285714285,53.0,4,6,0.4575313760742512,-0.8891934772070711
"Fort William, Kolkata - WBPCB",2027-06-05,53.0,21.53,52.58,13.77,8.08,0.71,25.06,24.46,seasonal_forecast,30.1,80,16.3,1001.6,54.0,54.0,54.0,54.0,54.857142857142854,53.0,5,6,0.44216815196707204,-0.8969321743510065
"Fort William, Kolkata - WBPCB",2027-06-06,53.0,21.28,52.22,13.65,8.08,0.71,25.06,24.47,seasonal_forecast,30.1,80,16.3,1001.5,53.0,54.0,54.0,53.666666666666664,54.42857142857143,53.0,6,6,0.42667408318992467,-0.9044054548343001
"Fort William, Kolkata - WBPCB",2027-06-07,53.0,21.04,51.87,13.54,8.08,0.71,25.05,24.48,seasonal_forecast,30.1,80,16.2,1001.4,53.0,53.0,54.0,53.333333333333336,54.0,52.0,0,6,0.4110537546870351,-0.9116111071930239
"Fort William, Kolkata - WBPCB",2027-06-08,52.0,20.8,51.53,13.43,8.07,0.71,25.05,24.49,seasonal_forecast,30.1,80,16.2,1001.3,53.0,53.0,53.0,53.0,53.714285714285715,52.0,1,6,0.3953117887649151,-0.9185469991587165
"Fort William, Kolkata - WBPCB",2027-06-09,52.0,20.57,51.19,13.31,8.07,0.71,25.04,24.5,seasonal_forecast,30.0,80,16.2,1001.2,52.0,53.0,53.0,52.666666666666664,53.285714285714285,51.0,2,6,0.37945284372454435,-0.925211078289358
"Fort William, Kolkata - WBPCB",2027-06-10,51.0,20.34,50.87,13.2,8.07,0.71,25.04,24.51,seasonal_forecast,30.0,80,16.1,1001.1,52.0,52.0,53.0,52.333333333333336,53.0,51.0,3,6,0.36348161248290634,-0.9316013725767187
"Fort William, Kolkata - WBPCB",2027-06-11,51.0,20.12,50.55,13.1,8.06,0.71,25.03,24.52,seasonal_forecast,30.0,81,16.1,1001.1,51.0,52.0,52.0,51.666666666666664,52.57142857142857,51.0,4,6,0.3474028211842774,-0.9377159910299093
"Fort William, Kolkata - WBPCB",2027-06-12,51.0,19.91,50.24,12.99,8.06,0.7,25.03,24.53,seasonal_forecast,29.9,81,16.1,1001.0,51.0,51.0,52.0,51.333333333333336,52.142857142857146,50.0,5,6,0.3312212278016865,-0.9435531242349544
"Fort William, Kolkata - WBPCB",2027-06-13,50.0,19.7,49.94,12.89,8.06,0.7,25.03,24.53,seasonal_forecast,29.9,81,16.0,1000.9,51.0,51.0,51.0,51.0,51.857142857142854,50.0,6,6,0.31494162072895193,-0.9491110448902284
"Fort William, Kolkata - WBPCB",2027-06-14,50.0,19.5,49.64,12.79,8.05,0.7,25.03,24.54,seasonal_forecast,29.9,81,16.0,1000.8,50.0,51.0,51.0,50.666666666666664,51.42857142857143,50.0,0,6,0.2985688173637202,-0.9543881083175908
"Fort William, Kolkata - WBPCB",2027-06-15,50.0,19.3,49.35,12.69,8.05,0.7,25.02,24.55,seasonal_forecast,29.8,81,15.9,1000.8,50.0,50.0,51.0,50.333333333333336,51.0,50.0,1,6,0.2821076626819194,-0.9593827529490743
"Fort William, Kolkata - WBPCB",2027-06-16,50.0,19.11,49.08,12.59,8.05,0.7,25.02,24.55,seasonal_forecast,29.8,81,15.9,1000.7,50.0,50.0,50.0,50.0,50.714285714285715,49.0,2,6,0.26556302780405594,-0.9640935007889755
"Fort William, Kolkata - WBPCB",2027-06-17,49.0,18.93,48.8,12.5,8.04,0.7,25.02,24.56,seasonal_forecast,29.8,81,15.9,1000.6,50.0,50.0,50.0,50.0,50.42857142857143,49.0,3,6,0.24893980855376657,-0.9685189578512204
"Fort William, Kolkata - WBPCB",2027-06-18,49.0,18.75,48.54,12.41,8.04,0.7,25.02,24.57,seasonal_forecast,29.7,82,15.8,1000.6,49.0,50.0,50.0,49.666666666666664,50.142857142857146,49.0,4,6,0.23224292400907015,-0.9726578145718654
"Fort William, Kolkata - WBPCB",2027-06-19,49.0,18.58,48.29,12.32,8.04,0.7,25.02,24.57,seasonal_forecast,29.7,82,15.8,1000.5,49.0,49.0,50.0,49.333333333333336,49.857142857142854,48.0,5,6,0.21547731504673012,-0.976508846196619
"Fort William, Kolkata - WBPCB",2027-06-20,48.0,18.41,48.04,12.23,8.04,0.7,25.01,24.57,seasonal_forecast,29.7,82,15.7,1000.4,49.0,49.0,49.0,49.0,49.57142857142857,48.0,6,6,0.19864794288017112,-0.9800709131432666
"Fort William, Kolkata - WBPCB",2027-06-21,48.0,18.25,47.8,12.15,8.03,0.7,25.01,24.58,seasonal_forecast,29.6,82,15.7,1000.4,48.0,49.0,49.0,48.666666666666664,49.285714285714285,48.0,0,6,0.18175978759137534,-0.9833429613388902
"Fort William, Kolkata - WBPCB",2027-06-22,48.0,18.09,47.57,12.07,8.03,0.7,25.01,24.58,seasonal_forecast,29.6,82,15.6,1000.3,48.0,48.0,49.0,48.333333333333336,49.0,48.0,1,6,0.16481784665719793,-0.9863240225317866
"Fort William, Kolkata - WBPCB",2027-06-23,48.0,17.94,47.35,11.99,8.03,0.7,25.01,24.59,seasonal_forecast,29.5,82,15.6,1000.3,48.0,48.0,48.0,48.0,48.714285714285715,48.0,2,6,0.14782713347053048,-0.9890132145779883
"Fort William, Kolkata - WBPCB",2027-06-24,48.0,17.8,47.14,11.92,8.02,0.7,25.01,24.59,seasonal_forecast,29.5,82,15.6,1000.2,48.0,48.0,48.0,48.0,48.42857142857143,47.0,3,6,0.13079267585675922,-0.9914097417023038
"Fort William, Kolkata - WBPCB",2027-06-25,47.0,17.66,46.93,11.85,8.02,0.7,25.02,24.59,seasonal_forecast,29.5,83,15.5,1000.2,48.0,48.0,48.0,48.0,48.285714285714285,47.0,4,6,0.11371951458594969,-0.9935128947338007
"Fort William, Kolkata - WBPCB",2027-06-26,47.0,17.53,46.74,11.78,8.02,0.7,25.02,24.59,seasonal_forecast,29.4,83,15.5,1000.2,47.0,48.0,48.0,47.666666666666664,48.0,47.0,5,6,0.0966127018812031,-0.9953220513156602
"Fort William, Kolkata - WBPCB",2027-06-27,47.0,17.41,46.55,11.71,8.01,0.7,25.02,24.59,seasonal_forecast,29.4,83,15.4,1000.1,47.0,47.0,48.0,47.333333333333336,47.714285714285715,47.0,6,6,0.07947729992362097,-0.9968366760893436
"Fort William, Kolkata - WBPCB",2027-06-28,47.0,17.29,46.37,11.65,8.01,0.7,25.02,24.6,seasonal_forecast,29.3,83,15.4,1000.1,47.0,47.0,47.0,47.0,47.57142857142857,47.0,0,6,0.062318379354325076,-0.998056320853012
"Fort William, Kolkata - WBPCB",2027-06-29,47.0,17.18,46.2,11.59,8.01,0.7,25.02,24.6,seasonal_forecast,29.3,83,15.3,1000.0,47.0,47.0,47.0,47.0,47.42857142857143,46.0,1,6,0.04514101777397193,-0.9989806246941579
"Fort William, Kolkata - WBPCB",2027-06-30,46.0,17.07,46.03,11.53,8.01,0.7,25.03,24.6,seasonal_forecast,29.3,83,15.3,1000.0,47.0,47.0,47.0,47.0,47.285714285714285,46.0,2,6,0.02795029824021032,-0.999609314096404
"Fort William, Kolkata - WBPCB",2027-07-01,46.0,16.97,45.88,11.48,8.0,0.7,25.03,24.6,seasonal_forecast,29.2,83,15.2,1000.0,46.0,47.0,47.0,46.666666666666664,47.0,46.0,3,7,0.01075130776352193,-0.9999422030204416
"Fort William, Kolkata - WBPCB",2027-07-02,46.0,16.88,45.73,11.42,8.0,0.7,25.03,24.6,seasonal_forecast,29.2,83,15.2,1000.0,46.0,46.0,47.0,46.333333333333336,46.714285714285715,46.0,4,7,-0.00645086419810515,-0.9999791929590823
"Fort William, Kolkata - WBPCB",2027-07-03,46.0,16.79,45.6,11.38,8.0,0.7,25.04,24.59,seasonal_forecast,29.1,84,15.2,999.9,46.0,46.0,46.0,46.0,46.57142857142857,46.0,5,7,-0.023651127245231586,-0.9997202729664083
"Fort William, Kolkata - WBPCB",2027-07-04,46.0,16.71,45.47,11.33,7.99,0.7,25.04,24.59,seasonal_forecast,29.1,84,15.1,999.9,46.0,46.0,46.0,46.0,46.42857142857143,46.0,6,7,-0.04084439154329611,-0.9991655196610109
"Fort William, Kolkata - WBPCB",2027-07-05,46.0,16.63,45.35,11.29,7.99,0.7,25.05,24.59,seasonal_forecast,29.0,84,15.1,999.9,46.0,46.0,46.0,46.0,46.285714285714285,46.0,0,7,-0.05802556932878035,-0.9983150972033183
"Fort William, Kolkata - WBPCB",2027-07-06,46.0,16.57,45.24,11.25,7.99,0.7,25.05,24.59,seasonal_forecast,29.0,84,15.0,999.9,46.0,46.0,46.0,46.0,46.142857142857146,46.0,1,7,-0.07518957641475855,-0.9971692572470178
"Fort William, Kolkata - WBPCB",2027-07-07,46.0,16.5,45.14,11.22,7.99,0.7,25.06,24.59,seasonal_forecast,29.0,84,15.0,999.9,46.0,46.0,46.0,46.0,46.0,45.0,2,7,-0.09233133369539122,-0.9957283388645872
"Fort William, Kolkata - WBPCB",2027-07-08,45.0,16.45,45.05,11.19,7.99,0.7,25.07,24.58,seasonal_forecast,28.9,84,14.9,999.9,46.0,46.0,46.0,46.0,46.0,45.0,3,7,-0.10944576864891556,-0.993992768446958
"Fort William, Kolkata - WBPCB",2027-07-09,45.0,16.4,44.96,11.16,7.98,0.7,25.07,24.58,seasonal_forecast,28.9,84,14.9,999.9,45.0,46.0,46.0,45.666666666666664,45.857142857142854,45.0,4,7,-0.12652781683868314,-0.9919630595773397
"Fort William, Kolkata - WBPCB",2027-07-10,45.0,16.35,44.89,11.13,7.98,0.7,25.08,24.58,seasonal_forecast,28.8,85,14.9,999.9,45.0,45.0,46.0,45.333333333333336,45.714285714285715,45.0,5,7,-0.1435724234118113,-0.9896398128792412
"Fort William, Kolkata - WBPCB",2027-07-11,45.0,16.32,44.82,11.11,7.98,0.7,25.09,24.57,seasonal_forecast,28.8,85,14.8,999.9,45.0,45.0,45.0,45.0,45.57142857142857,45.0,6,7,-0.16057454459499376,-0.9870237158387383
"Fort William, Kolkata - WBPCB",2027-07-12,45.0,16.29,44.76,11.09,7.98,0.7,25.1,24.57,seasonal_forecast,28.7,85,14.8,999.9,45.0,45.0,45.0,45.0,45.42857142857143,45.0,0,7,-0.17752914918703497,-0.984115542601034
"Fort William, Kolkata - WBPCB",2027-07-13,45.0,16.26,44.72,11.08,7.97,0.7,25.11,24.56,seasonal_forecast,28.7,85,14.7,999.9,45.0,45.0,45.0,45.0,45.285714285714285,45.0,1,7,-0.19443122004766195,-0.9809161537413774
"Fort William, Kolkata - WBPCB",2027-07-14,45.0,16.24,44.68,11.07,7.97,0.7,25.11,24.56,seasonal_forecast,28.7,85,14.7,999.9,45.0,45.0,45.0,45.0,45.142857142857146,45.0,2,7,-0.2112757555821793,-0.9774264960104055
"Fort William, Kolkata - WBPCB",2027-07-15,45.0,16.23,44.65,11.06,7.97,0.7,25.12,24.55,seasonal_forecast,28.6,85,14.7,999.9,45.0,45.0,45.0,45.0,45.0,45.0,3,7,-0.2280577712215198,-0.9736476020539838
"Fort William, Kolkata - WBPCB",2027-07-16,45.0,16.23,44.63,11.06,7.97,0.7,25.13,24.55,seasonal_forecast,28.6,85,14.6,999.9,45.0,45.0,45.0,45.0,45.0,45.0,4,7,-0.24477230089725957,-0.9695805901076308
"Fort William, Kolkata - WBPCB",2027-07-17,45.0,16.23,44.62,11.06,7.97,0.7,25.14,24.54,seasonal_forecast,28.5,85,14.6,1000.0,45.0,45.0,45.0,45.0,45.0,45.0,5,7,-0.2614143985111562,-0.965226663665613
"Fort William, Kolkata - WBPCB",2027-07-18,45.0,16.23,44.62,11.06,7.97,0.7,25.15,24.54,seasonal_forecast,28.5,86,14.6,1000.0,45.0,45.0,45.0,45.0,45.0,45.0,6,7,-0.2779791393987801,-0.9605871111248129
"Fort William, Kolkata - WBPCB",2027-07-19,45.0,16.25,44.63,11.06,7.96,0.7,25.16,24.53,seasonal_forecast,28.5,86,14.5,1000.0,45.0,45.0,45.0,45.0,45.0,45.0,0,7,-0.2944616217868012,-0.9556633054034704
"Fort William, Kolkata - WBPCB",2027-07-20,45.0,16.27,44.65,11.07,7.96,0.7,25.17,24.52,seasonal_forecast,28.4,86,14.5,1000.0,45.0,45.0,45.0,45.0,45.0,45.0,1,7,-0.3108569682435036,-0.9504567035349151
"Fort William, Kolkata - WBPCB",2027-07-21,45.0,16.3,44.67,11.08,7.96,0.7,25.18,24.52,seasonal_forecast,28.4,86,14.5,1000.1,45.0,45.0,45.0,45.0,45.0,45.0,2,7,-0.3271603271220951,-0.9449688462364056
"Fort William, Kolkata - WBPCB",2027-07-22,45.0,16.33,44.71,11.1,7.96,0.7,25.19,24.51,seasonal_forecast,28.4,86,14.4,1000.1,45.0,45.0,45.0,45.0,45.0,45.0,3,7,-0.34336687399638804,-0.939201357453208
"Fort William, Kolkata - WBPCB",2027-07-23,45.0,16.37,44.76,11.12,7.96,0.7,25.2,24.5,seasonal_forecast,28.3,86,14.4,1000.1,45.0,45.0,45.0,45.0,45.0,46.0,4,7,-0.3594718130884232,-0.9331559438780432
"Fort William, Kolkata - WBPCB",2027-07-24,46.0,16.42,44.81,11.14,7.96,0.7,25.21,24.49,seasonal_forecast,28.3,86,14.4,1000.2,45.0,45.0,45.0,45.0,45.0,46.0,5,7,-0.3754703786876202,-0.9268343944460494
"Fort William, Kolkata - WBPCB",2027-07-25,46.0,16.47,44.88,11.17,7.96,0.7,25.22,24.48,seasonal_forecast,28.3,86,14.4,1000.2,46.0,45.0,45.0,45.333333333333336,45.142857142857146,46.0,6,7,-0.3913578365610259,-0.9202385798054075
"Fort William, Kolkata - WBPCB",2027-07-26,46.0,16.53,44.96,11.2,7.95,0.7,25.23,24.48,seasonal_forecast,28.2,87,14.3,1000.3,46.0,46.0,45.0,45.666666666666664,45.285714285714285,46.0,0,7,-0.4071294853542516,-0.9133704517637858
"Fort William, Kolkata - WBPCB",2027-07-27,46.0,16.59,45.04,11.23,7.95,0.71,25.24,24.47,seasonal_forecast,28.2,87,14.3,1000.3,46.0,46.0,46.0,46.0,45.42857142857143,46.0,1,7,-0.4227806579826773,-0.9062320427107697
"Fort William, Kolkata - WBPCB",2027-07-28,46.0,16.66,45.14,11.26,7.95,0.71,25.26,24.46,seasonal_forecast,28.2,87,14.3,1000.4,46.0,46.0,46.0,46.0,45.57142857142857,46.0,2,7,-0.4383067230125192,-0.898825465016444
"Fort William, Kolkata - WBPCB",2027-07-29,46.0,16.74,45.24,11.3,7.95,0.71,25.27,24.45,seasonal_forecast,28.2,87,14.2,1000.4,46.0,46.0,46.0,46.0,45.714285714285715,46.0,3,7,-0.45370308603134424,-0.8911529104063088
"Fort William, Kolkata - WBPCB",2027-07-30,46.0,16.83,45.36,11.34,7.95,0.71,25.28,24.44,seasonal_forecast,28.1,87,14.2,1000.5,46.0,46.0,46.0,46.0,45.857142857142854,46.0,4,7,-0.46896519100763184,-0.8832166493127127
"Fort William, Kolkata - WBPCB",2027-07-31,46.0,16.92,45.48,11.39,7.95,0.71,25.29,24.43,seasonal_forecast,28.1,87,14.2,1000.5,46.0,46.0,46.0,46.0,46.0,47.0,5,7,-0.48408852163897587,-0.8750190302029955
"Fort William, Kolkata - WBPCB",2027-08-01,47.0,17.02,45.62,11.44,7.95,0.71,25.3,24.42,seasonal_forecast,28.1,87,14.2,1000.6,46.0,46.0,46.0,46.0,46.0,47.0,6,8,-0.4990686026885319,-0.8665624788845385
"Fort William, Kolkata - WBPCB",2027-08-02,47.0,17.12,45.76,11.49,7.95,0.71,25.31,24.41,seasonal_forecast,28.1,87,14.2,1000.7,47.0,46.0,46.0,46.333333333333336,46.142857142857146,47.0,0,8,-0.5139010013093103,-0.8578494977869301
"Fort William, Kolkata - WBPCB",2027-08-03,47.0,17.23,45.92,11.54,7.95,0.71,25.32,24.4,seasonal_forecast,28.0,87,14.1,1000.7,47.0,47.0,46.0,46.666666666666664,46.285714285714285,47.0,1,8,-0.5285813283559292,-0.8488826652214553
"Fort William, Kolkata - WBPCB",2027-08-04,47.0,17.35,46.08,11.6,7.94,0.71,25.33,24.39,seasonal_forecast,28.0,87,14.1,1000.8,47.0,47.0,47.0,47.0,46.42857142857143,47.0,2,8,-0.5431052396834317,-0.8396646346181327
"Fort William, Kolkata - WBPCB",2027-08-05,47.0,17.47,46.26,11.66,7.94,0.71,25.34,24.38,seasonal_forecast,28.0,88,14.1,1000.9,47.0,47.0,47.0,47.0,46.57142857142857,47.0,3,8,-0.5574684374327892,-0.8301981337405212
"Fort William, Kolkata - WBPCB",2027-08-06,47.0,17.6,46.44,11.72,7.94,0.71,25.35,24.37,seasonal_forecast,28.0,88,14.1,1000.9,47.0,47.0,47.0,47.0,46.714285714285715,48.0,4,8,-0.5716666713027052,-0.8204859638785327
"Fort William, Kolkata - WBPCB",2027-08-07,48.0,17.73,46.64,11.78,7.94,0.71,25.35,24.36,seasonal_forecast,28.0,88,14.1,1001.0,47.0,47.0,47.0,47.0,46.857142857142854,48.0,5,8,-0.5856957398073508,-0.8105309990194823
"Fort William, Kolkata - WBPCB",2027-08-08,48.0,17.88,46.85,11.85,7.94,0.71,25.36,24.35,seasonal_forecast,28.0,88,14.0,1001.1,48.0,47.0,47.0,47.333333333333336,47.142857142857146,48.0,6,8,-0.5995514915196489,-0.8003361849976323
"Fort William, Kolkata - WBPCB",2027-08-09,48.0,18.02,47.06,11.92,7.94,0.71,25.37,24.34,seasonal_forecast,28.0,88,14.0,1001.1,48.0,48.0,47.0,47.666666666666664,47.285714285714285,48.0,0,8,-0.6132298262997502,-0.7899045386224707
"Fort William, Kolkata - WBPCB",2027-08-10,48.0,18.18,47.29,12.0,7.94,0.71,25.38,24.33,seasonal_forecast,27.9,88,14.0,1001.2,48.0,48.0,48.0,48.0,47.42857142857143,49.0,1,8,-0.6267266965083301,-0.7792391467859886
"Fort William, Kolkata - WBPCB",2027-08-11,49.0,18.34,47.52,12.07,7.94,0.71,25.39,24.32,seasonal_forecast,27.9,88,14.0,1001.3,48.0,48.0,48.0,48.0,47.57142857142857,49.0,2,8,-0.6400381082043503,-0.7683431655492202
"Fort William, Kolkata - WBPCB",2027-08-12,49.0,18.51,47.77,12.15,7.94,0.71,25.39,24.31,seasonal_forecast,27.9,88,14.0,1001.4,49.0,48.0,48.0,48.333333333333336,47.857142857142854,49.0,3,8,-0.65316012232693,-0.7572198192083127
"Fort William, Kolkata - WBPCB",2027-08-13,49.0,18.68,48.03,12.23,7.94,0.71,25.4,24.3,seasonal_forecast,27.9,88,14.0,1001.5,49.0,49.0,48.0,48.666666666666664,48.142857142857146,50.0,4,8,-0.666088855860977,-0.7458723993404063
"Fort William, Kolkata - WBPCB",2027-08-14,50.0,18.86,48.29,12.32,7.94,0.71,25.4,24.29,seasonal_forecast,27.9,88,13.9,1001.6,49.0,49.0,49.0,49.0,48.42857142857143,50.0,5,8,-0.6788204829862355,-0.734304263829602
"Fort William, Kolkata - WBPCB",2027-08-15,50.0,19.04,48.57,12.4,7.94,0.71,25.41,24.28,seasonal_forecast,27.9,88,13.9,1001.6,50.0,49.0,49.0,49.333333333333336,48.714285714285715,50.0,6,8,-0.6913512362094071,-0.722518835873311
"Fort William, Kolkata - WBPCB",2027-08-16,50.0,19.24,48.85,12.49,7.94,0.72,25.41,24.27,seasonal_forecast,27.9,88,13.9,1001.7,50.0,50.0,49.0,49.666666666666664,49.0,50.0,0,8,-0.7036774074790128,-0.7105196029692745
"Fort William, Kolkata - WBPCB",2027-08-17,50.0,19.43,49.15,12.58,7.94,0.72,25.42,24.25,seasonal_forecast,27.9,88,13.9,1001.8,50.0,50.0,50.0,50.0,49.285714285714285,51.0,1,8,-0.7157953492826642,-0.6983101158835584
"Fort William, Kolkata - WBPCB",2027-08-18,51.0,19.64,49.46,12.67,7.94,0.72,25.42,24.24,seasonal_forecast,27.9,88,13.9,1001.9,50.0,50.0,50.0,50.0,49.57142857142857,51.0,2,8,-0.7277014757264236,-0.6858939875998223
"Fort William, Kolkata - WBPCB",2027-08-19,51.0,19.85,49.77,12.77,7.93,0.72,25.43,24.23,seasonal_forecast,27.9,88,13.8,1002.0,51.0,50.0,50.0,50.333333333333336,49.857142857142854,51.0,3,8,-0.7393922635959241,-0.673274892250183
"Fort William, Kolkata - WBPCB",2027-08-20,51.0,20.06,50.1,12.87,7.93,0.72,25.43,24.22,seasonal_forecast,27.9,88,13.8,1002.1,51.0,51.0,50.0,50.666666666666664,50.142857142857146,52.0,4,8,-0.7508642533989489,-0.6604565640279754
"Fort William, Kolkata - WBPCB",2027-08-21,52.0,20.28,50.43,12.97,7.93,0.72,25.43,24.21,seasonal_forecast,28.0,88,13.8,1002.2,51.0,51.0,51.0,51.0,50.42857142857143,52.0,5,8,-0.7621140503891487,-0.6474427960827475
"Fort William, Kolkata - WBPCB",2027-08-22,52.0,20.51,50.78,13.07,7.93,0.72,25.43,24.2,seasonal_forecast,28.0,88,13.8,1002.3,52.0,51.0,51.0,51.333333333333336,50.714285714285715,52.0,6,8,-0.7731383255706026,-0.6342374393978054
"Fort William, Kolkata - WBPCB",2027-08-23,52.0,20.74,51.13,13.17,7.93,0.72,25.43,24.19,seasonal_forecast,28.0,88,13.8,1002.4,52.0,52.0,51.0,51.666666666666664,51.0,53.0,0,8,-0.7839338166829201,-0.620844401650647
"Fort William, Kolkata - WBPCB",2027-08-24,53.0,20.98,51.5,13.28,7.93,0.72,25.43,24.17,seasonal_forecast,28.0,88,13.8,1002.5,52.0,52.0,52.0,52.0,51.285714285714285,53.0,1,8,-0.7944973291665992,-0.6072676460566135
"Fort William, Kolkata - WBPCB",2027-08-25,53.0,21.22,51.87,13.38,7.93,0.72,25.43,24.16,seasonal_forecast,28.0,88,13.7,1002.6,53.0,52.0,52.0,52.333333333333336,51.714285714285715,54.0,2,8,-0.8048257371083452,-0.593511190196115
"Fort William, Kolkata - WBPCB",2027-08-26,54.0,21.47,52.25,13.49,7.93,0.72,25.43,24.15,seasonal_forecast,28.0,88,13.7,1002.7,53.0,53.0,52.0,52.666666666666664,52.0,54.0,3,8,-0.8149159841660791,-0.5795791048257612
"Fort William, Kolkata - WBPCB",2027-08-27,54.0,21.73,52.65,13.6,7.93,0.72,25.43,24.14,seasonal_forecast,28.0,88,13.7,1002.8,54.0,53.0,53.0,53.333333333333336,52.42857142857143,54.0,4,8,-0.8247650844733614,-0.5654755126737576
"Fort William, Kolkata - WBPCB",2027-08-28,54.0,21.99,53.05,13.71,7.93,0.72,25.43,24.13,seasonal_forecast,28.0,88,13.7,1002.9,54.0,54.0,53.0,53.666666666666664,52.857142857142854,55.0,5,8,-0.8343701235229537,-0.5512045872199277
"Fort William, Kolkata - WBPCB",2027-08-29,55.0,22.25,53.46,13.83,7.93,0.72,25.42,24.11,seasonal_forecast,28.1,88,13.7,1003.0,54.0,54.0,54.0,54.0,53.142857142857146,55.0,6,8,-0.8437282590292712,-0.5367705514607103
"Fort William, Kolkata - WBPCB",2027-08-30,55.0,22.52,53.88,13.94,7.93,0.72,25.42,24.1,seasonal_forecast,28.1,88,13.6,1003.1,55.0,54.0,54.0,54.333333333333336,53.57142857142857,56.0,0,8,-0.8528367217694595,-0.522177676659508
"Fort William, Kolkata - WBPCB",2027-08-31,56.0,22.8,54.31,14.06,7.93,0.72,25.41,24.09,seasonal_forecast,28.1,88,13.6,1003.2,55.0,55.0,54.0,54.666666666666664,54.0,56.0,1,8,-0.8616928164028521,-0.5074302810827518
"Fort William, Kolkata - WBPCB",2027-09-01,56.0,23.08,54.74,14.18,7.93,0.73,25.41,24.08,seasonal_forecast,28.1,88,13.6,1003.3,56.0,55.0,55.0,55.333333333333336,54.42857142857143,57.0,2,9,-0.8702939222685674,-0.49253272872205434
"Fort William, Kolkata - WBPCB",2027-09-02,57.0,23.37,55.19,14.3,7.93,0.73,25.4,24.07,seasonal_forecast,28.1,88,13.5,1003.4,56.0,56.0,55.0,55.666666666666664,54.857142857142854,57.0,3,9,-0.8786374941610001,-0.4774894280028391
"Fort William, Kolkata - WBPCB",2027-09-03,57.0,23.66,55.64,14.42,7.93,0.73,25.4,24.05,seasonal_forecast,28.2,88,13.5,1003.6,57.0,56.0,56.0,56.333333333333336,55.285714285714285,57.0,4,9,-0.886721063082993,-0.46230483047981086
"Fort William, Kolkata - WBPCB",2027-09-04,57.0,23.95,56.11,14.54,7.93,0.73,25.39,24.04,seasonal_forecast,28.2,88,13.5,1003.7,57.0,57.0,56.0,56.666666666666664,55.714285714285715,58.0,5,9,-0.8945422369764496,-0.4469834295196741
"Fort William, Kolkata - WBPCB",2027-09-05,58.0,24.26,56.58,14.67,7.93,0.73,25.38,24.03,seasonal_forecast,28.2,88,13.5,1003.8,57.0,57.0,57.0,57.0,56.142857142857146,58.0,6,9,-0.9020987014301837,-0.43152975897147144
"Fort William, Kolkata - WBPCB",2027-09-06,58.0,24.56,57.06,14.79,7.93,0.73,25.37,24.02,seasonal_forecast,28.2,88,13.4,1003.9,58.0,57.0,57.0,57.333333333333336,56.57142857142857,59.0,0,9,-0.9093882203647925,-0.4159483918249421
"Fort William, Kolkata - WBPCB",2027-09-07,59.0,24.87,57.54,14.92,7.93,0.73,25.36,24.0,seasonal_forecast,28.2,87,13.4,1004.0,58.0,58.0,57.0,57.666666666666664,57.0,59.0,1,9,-0.9164086366943458,-0.4002439388573056
"Fort William, Kolkata - WBPCB",2027-09-08,59.0,25.19,58.04,15.04,7.92,0.73,25.35,23.99,seasonal_forecast,28.3,87,13.4,1004.1,59.0,58.0,58.0,58.333333333333336,57.42857142857143,60.0,2,9,-0.9231578729647039,-0.38442104726885545
"Fort William, Kolkata - WBPCB",2027-09-09,60.0,25.51,58.54,15.17,7.92,0.73,25.34,23.98,seasonal_forecast,28.3,87,13.3,1004.2,59.0,59.0,58.0,58.666666666666664,57.857142857142854,60.0,3,9,-0.9296339319682695,-0.3684843993077793
"Fort William, Kolkata - WBPCB",2027-09-10,60.0,25.83,59.05,15.3,7.92,0.73,25.33,23.97,seasonal_forecast,28.3,87,13.3,1004.3,60.0,59.0,59.0,59.333333333333336,58.285714285714285,61.0,4,9,-0.9358348973349941,-0.35243871088460327
"Fort William, Kolkata - WBPCB",2027-09-11,61.0,26.16,59.56,15.43,7.92,0.73,25.32,23.96,seasonal_forecast,28.3,87,13.3,1004.5,60.0,60.0,59.0,59.666666666666664,58.714285714285715,61.0,5,9,-0.9417589340994617,-0.33628873017668287
"Fort William, Kolkata - WBPCB",2027-09-12,61.0,26.49,60.09,15.56,7.92,0.73,25.31,23.94,seasonal_forecast,28.4,87,13.2,1004.6,61.0,60.0,60.0,60.333333333333336,59.285714285714285,62.0,6,9,-0.9474042892438845,-0.32003923622313857
"Fort William, Kolkata - WBPCB",2027-09-13,62.0,26.82,60.62,15.7,7.92,0.73,25.29,23.93,seasonal_forecast,28.4,87,13.2,1004.7,61.0,61.0,60.0,60.666666666666664,59.714285714285715,62.0,0,9,-0.9527692922168511,-0.30369503751065885
"Fort William, Kolkata - WBPCB",2027-09-14,62.0,27.16,61.15,15.83,7.92,0.73,25.28,23.92,seasonal_forecast,28.4,86,13.1,1004.8,62.0,61.0,61.0,61.333333333333336,60.285714285714285,63.0,1,9,-0.9578523554276669,-0.28726097055059635
"Fort William, Kolkata - WBPCB",2027-09-15,63.0,27.51,61.69,15.96,7.92,0.74,25.27,23.91,seasonal_forecast,28.4,86,13.1,1004.9,62.0,62.0,61.0,61.666666666666664,60.714285714285715,63.0,2,9,-0.9626519747161487,-0.2707418984477642
"Fort William, Kolkata - WBPCB",2027-09-16,63.0,27.86,62.24,16.1,7.92,0.74,25.25,23.9,seasonal_forecast,28.4,86,13.0,1005.0,63.0,62.0,62.0,62.333333333333336,61.285714285714285,64.0,3,9,-0.9671667297977312,-0.2541427094613622
"Fort William, Kolkata - WBPCB",2027-09-17,64.0,28.21,62.8,16.23,7.92,0.74,25.24,23.88,seasonal_forecast,28.4,86,13.0,1005.2,63.0,63.0,62.0,62.666666666666664,61.714285714285715,64.0,4,9,-0.97139528468375,-0.23746831555846842
"Fort William, Kolkata - WBPCB",2027-09-18,64.0,28.56,63.36,16.37,7.92,0.74,25.22,23.87,seasonal_forecast,28.5,86,13.0,1005.3,64.0,63.0,63.0,63.333333333333336,62.285714285714285,65.0,5,9,-0.9753363880767837,-0.2207236509605022
"Fort William, Kolkata - WBPCB",2027-09-19,65.0,28.92,63.93,16.51,7.92,0.74,25.21,23.86,seasonal_forecast,28.5,85,12.9,1005.4,64.0,64.0,63.0,63.666666666666664,62.714285714285715,66.0,6,9,-0.9789888737409319,-0.20391367068311472
"Fort William, Kolkata - WBPCB",2027-09-20,66.0,29.28,64.5,16.64,7.92,0.74,25.19,23.85,seasonal_forecast,28.5,85,12.9,1005.5,65.0,64.0,64.0,64.33333333333333,63.285714285714285,66.0,0,9,-0.9823516608469237,-0.18704334906991657
"Fort William, Kolkata - WBPCB",2027-09-21,66.0,29.64,65.07,16.78,7.92,0.74,25.17,23.84,seasonal_forecast,28.5,85,12.8,1005.6,66.0,65.0,64.0,65.0,63.857142857142854,67.0,1,9,-0.9854237542919524,-0.17011767832049052
"Fort William, Kolkata - WBPCB",2027-09-22,67.0,30.01,65.65,16.92,7.92,0.74,25.16,23.83,seasonal_forecast,28.5,85,12.7,1005.7,66.0,66.0,65.0,65.66666666666667,64.42857142857143,67.0,2,9,-0.9882042449941422,-0.15314166701312007
"Fort William, Kolkata - WBPCB",2027-09-23,67.0,30.38,66.24,17.06,7.92,0.74,25.14,23.82,seasonal_forecast,28.5,84,12.7,1005.9,67.0,66.0,66.0,66.33333333333333,65.0,68.0,3,9,-0.9906923101615609,-0.13612033862266704
"Fort William, Kolkata - WBPCB",2027-09-24,68.0,30.75,66.83,17.2,7.92,0.74,25.12,23.8,seasonal_forecast,28.5,84,12.6,1006.0,67.0,67.0,66.0,66.66666666666667,65.57142857142857,68.0,4,9,-0.9928872135356962,-0.11905873003404988
"Fort William, Kolkata - WBPCB",2027-09-25,68.0,31.13,67.43,17.34,7.92,0.74,25.11,23.79,seasonal_forecast,28.5,84,12.6,1006.1,68.0,67.0,67.0,67.33333333333333,66.14285714285714,69.0,5,9,-0.994788305609327,-0.10196189005174576
"Fort William, Kolkata - WBPCB",2027-09-26,69.0,31.51,68.02,17.48,7.92,0.74,25.09,23.78,seasonal_forecast,28.5,84,12.5,1006.2,68.0,68.0,67.0,67.66666666666667,66.71428571428571,69.0,6,9,-0.9963950238187231,-0.08483487790576538
"Fort William, Kolkata - WBPCB",2027-09-27,69.0,31.89,68.63,17.63,7.92,0.74,25.07,23.77,seasonal_forecast,28.5,83,12.5,1006.4,69.0,68.0,68.0,68.33333333333333,67.28571428571429,70.0,0,9,-0.9977068927101168,-0.06768276175455162
"Fort William, Kolkata - WBPCB",2027-09-28,70.0,32.27,69.23,17.77,7.92,0.75,25.05,23.76,seasonal_forecast,28.5,83,12.4,1006.5,69.0,69.0,68.0,68.66666666666667,67.71428571428571,71.0,1,9,-0.9987235240803972,-0.050510617185222886
"Fort William, Kolkata - WBPCB",2027-09-29,71.0,32.65,69.84,17.91,7.92,0.75,25.04,23.75,seasonal_forecast,28.5,83,12.3,1006.6,70.0,69.0,69.0,69.33333333333333,68.28571428571429,71.0,2,9,-0.9994446170919858,-0.033323525711631344
"Fort William, Kolkata - WBPCB",2027-09-30,71.0,33.04,70.45,18.06,7.92,0.75,25.02,23.74,seasonal_forecast,28.5,82,12.3,1006.7,71.0,70.0,69.0,70.0,68.85714285714286,72.0,3,9,-0.9998699583618592,-0.016126573270657762
"Fort William, Kolkata - WBPCB",2027-10-01,72.0,33.43,71.06,18.2,7.92,0.75,25.0,23.73,seasonal_forecast,28.5,82,12.2,1006.8,71.0,71.0,70.0,70.66666666666667,69.42857142857143,72.0,4,10,-0.9999994220246925,0.001075151282798226
"Fort William, Kolkata - WBPCB",2027-10-02,72.0,33.82,71.68,18.34,7.92,0.75,24.98,23.72,seasonal_forecast,28.5,82,12.1,1007.0,72.0,71.0,71.0,71.33333333333333,70.0,73.0,5,10,-0.999832969770105,0.018276557681691223
"Fort William, Kolkata - WBPCB",2027-10-03,73.0,34.21,72.3,18.49,7.92,0.75,24.96,23.71,seasonal_forecast,28.5,82,12.1,1007.1,72.0,72.0,71.0,71.66666666666667,70.57142857142857,74.0,6,10,-0.9993706508539969,0.03547255575312556
"Fort William, Kolkata - WBPCB",2027-10-04,74.0,34.6,72.92,18.63,7.92,0.75,24.95,23.7,seasonal_forecast,28.5,81,12.0,1007.2,73.0,72.0,72.0,72.33333333333333,71.14285714285714,74.0,0,10,-0.9986126020839734,0.052658056924614005
"Rabindra Bharati University, Kolkata - WBPCB",2026-10-05,85.0,40.43,85.43,22.0,8.17,0.89,24.96,27.75,seasonal_forecast,28.4,83,12.3,1007.2,85.0,84.0,84.0,84.33333333333333,83.0,86.0,0,10,-0.9975590477788613,0.06982797572987089
"Rabindra Bharati University, Kolkata - WBPCB",2026-10-06,86.0,40.88,86.15,22.17,8.18,0.89,24.97,27.76,seasonal_forecast,28.4,83,12.2,1007.3,85.0,85.0,84.0,84.66666666666667,83.57142857142857,87.0,1,10,-0.9962102997023297,0.0869772313136861
"Rabindra Bharati University, Kolkata - WBPCB",2026-10-07,87.0,41.34,86.87,22.34,8.18,0.89,24.97,27.77,seasonal_forecast,28.4,82,12.1,1007.4,86.0,85.0,85.0,85.33333333333333,84.14285714285714,87.0,2,10,-0.9945667569706337,0.1041007489354256
"Rabindra Bharati University, Kolkata - WBPCB",2026-10-08,87.0,41.8,87.59,22.5,8.19,0.89,24.98,27.78,seasonal_forecast,28.3,82,12.1,1007.6,87.0,86.0,85.0,86.0,84.85714285714286,88.0,3,10,-0.9926289059345095,0.121193461470736
"Rabindra Bharati University, Kolkata - WBPCB",2026-10-09,88.0,42.26,88.31,22.67,8.19,0.89,24.99,27.79,seasonal_forecast,28.3,82,12.0,1007.7,87.0,87.0,86.0,86.66666666666667,85.42857142857143,89.0,4,10,-0.9903973200352558,0.1382503109109819
"Rabindra Bharati University, Kolkata - WBPCB",2026-10-10,89.0,42.72,89.03,22.84,8.2,0.89,24.99,27.81,seasonal_forecast,28.3,81,11.9,1007.8,88.0,87.0,87.0,87.33333333333333,86.0,89.0,5,10,-0.9878726596350429,0.15526624985999563
"Rabindra Bharati University, Kolkata - WBPCB",2026-10-11,89.0,43.18,89.75,23.01,8.2,0.9,25.0,27.82,seasonal_forecast,28.2,81,11.8,1007.9,89.0,88.0,87.0,88.0,86.71428571428571,90.0,6,10,-0.9850556718215013,0.172236243027682
"Rabindra Bharati University, Kolkata - WBPCB",2026-10-12,90.0,43.64,90.47,23.17,8.21,0.9,25.01,27.83,seasonal_forecast,28.2,81,11.8,1008.1,89.0,89.0,88.0,88.66666666666667,87.28571428571429,91.0,0,10,-0.981947190186646,0.18915526872004093
"Rabindra Bharati University, Kolkata - WBPCB",2026-10-13,91.0,44.11,91.18,23.34,8.21,0.9,25.01,27.84,seasonal_forecast,28.2,81,11.7,1008.2,90.0,89.0,89.0,89.33333333333333,88.0,91.0,1,10,-0.9785481345802031,0.20601832032517084
"Rabindra Bharati University, Kolkata - WBPCB",2026-10-14,91.0,44.57,91.9,23.51,8.22,0.9,25.02,27.86,seasonal_forecast,28.1,80,11.6,1008.3,91.0,90.0,89.0,90.0,88.71428571428571,92.0,2,10,-0.9748595108374125,0.22282040779479959
"Rabindra Bharati University, Kolkata - WBPCB",2026-10-15,92.0,45.03,92.61,23.67,8.22,0.9,25.02,27.87,seasonal_forecast,28.1,80,11.5,1008.5,91.0,91.0,90.0,90.66666666666667,89.28571428571429,93.0,3,10,-0.9708824104813836,0.23955655912092708
"Rabindra Bharati University, Kolkata - WBPCB",2026-10-16,93.0,45.49,93.32,23.84,8.22,0.9,25.03,27.89,seasonal_forecast,28.0,80,11.4,1008.6,92.0,91.0,91.0,91.33333333333333,90.0,93.0,4,10,-0.9666180104000972,0.2562218218071163
"Rabindra Bharati University, Kolkata - WBPCB",2026-10-17,93.0,45.96,94.02,24.01,8.23,0.9,25.03,27.9,seasonal_forecast,28.0,79,11.3,1008.7,93.0,92.0,91.0,92.0,90.71428571428571,94.0,5,10,-0.9620675724981452,0.27281126433401914
"Rabindra Bharati University, Kolkata - WBPCB",2026-10-18,94.0,46.42,94.73,24.17,8.23,0.91,25.03,27.91,seasonal_forecast,27.9,79,11.3,1008.9,93.0,93.0,92.0,92.66666666666667,91.28571428571429,94.0,6,10,-0.957232443323312,0.28931997761869527
"Rabindra Bharati University, Kolkata - WBPCB",2026-10-19,94.0,46.88,95.43,24.34,8.23,0.91,25.04,27.93,seasonal_forecast,27.8,79,11.2,1009.0,94.0,93.0,93.0,93.33333333333333,92.0,95.0,0,10,-0.9521140536681102,0.3057430764672831
"Rabindra Bharati University, Kolkata - WBPCB",2026-10-20,95.0,47.34,96.12,24.51,8.23,0.91,25.04,27.94,seasonal_forecast,27.8,78,11.1,1009.1,94.0,94.0,93.0,93.66666666666667,92.57142857142857,96.0,1,10,-0.9467139181463862,0.3220757010206104
"Rabindra Bharati University, Kolkata - WBPCB",2026-10-21,96.0,47.8,96.82,24.67,8.23,0.91,25.04,27.96,seasonal_forecast,27.7,78,11.0,1009.3,95.0,94.0,94.0,94.33333333333333,93.14285714285714,96.0,2,10,-0.9410336347451197,0.3383130181923076
"Rabindra Bharati University, Kolkata - WBPCB",2026-10-22,96.0,48.26,97.5,24.84,8.23,0.91,25.05,27.97,seasonal_forecast,27.6,78,10.9,1009.4,96.0,95.0,94.0,95.0,93.85714285714286,97.0,3,10,-0.9350748843515574,0.3544502230989869
"Rabindra Bharati University, Kolkata - WBPCB",2026-10-23,97.0,48.72,98.19,25.0,8.23,0.91,25.05,27.98,seasonal_forecast,27.5,77,10.8,1009.5,96.0,96.0,95.0,95.66666666666667,94.42857142857143,98.0,4,10,-0.9288394302558068,0.3704825404820963
"Rabindra Bharati University, Kolkata - WBPCB",2026-10-24,98.0,49.18,98.87,25.17,8.23,0.92,25.05,28.0,seasonal_forecast,27.5,77,10.7,1009.7,97.0,96.0,96.0,96.33333333333333,95.0,98.0,5,10,-0.9223291176290545,0.3864052261209853
"Rabindra Bharati University, Kolkata - WBPCB",2026-10-25,98.0,49.64,99.55,25.34,8.23,0.92,25.05,28.01,seasonal_forecast,27.4,77,10.7,1009.8,98.0,97.0,96.0,97.0,95.71428571428571,99.0,6,10,-0.9155458729775467,0.40221356823680365
"Rabindra Bharati University, Kolkata - WBPCB",2026-10-26,99.0,50.09,100.22,25.5,8.23,0.92,25.05,28.03,seasonal_forecast,27.3,76,10.6,1009.9,98.0,98.0,97.0,97.66666666666667,96.28571428571429,100.0,0,10,-0.9084917035725082,0.41790288888678667
"Rabindra Bharati University, Kolkata - WBPCB",2026-10-27,100.0,50.55,100.89,25.66,8.23,0.92,25.05,28.04,seasonal_forecast,27.2,76,10.5,1010.0,99.0,98.0,98.0,98.33333333333333,97.0,100.0,1,10,-0.9011686968561569,0.4334685453485363
"Rabindra Bharati University, Kolkata - WBPCB",2026-10-28,100.0,51.0,101.55,25.83,8.23,0.92,25.05,28.05,seasonal_forecast,27.1,76,10.4,1010.2,100.0,99.0,98.0,99.0,97.71428571428571,101.0,2,10,-0.8935790198239952,0.4489059314938798
"Rabindra Bharati University, Kolkata - WBPCB",2026-10-29,101.0,51.45,102.21,25.99,8.23,0.92,25.05,28.07,seasonal_forecast,27.0,75,10.3,1010.3,100.0,100.0,99.0,99.66666666666667,98.28571428571429,102.0,3,10,-0.8857249183835637,0.4642104791518923
"Rabindra Bharati University, Kolkata - WBPCB",2026-10-30,102.0,51.9,102.86,26.16,8.23,0.92,25.05,28.08,seasonal_forecast,26.9,75,10.3,1010.4,101.0,100.0,100.0,100.33333333333333,99.0,102.0,4,10,-0.8776087166898392,0.4793776594606945
"Rabindra Bharati University, Kolkata - WBPCB",2026-10-31,102.0,52.34,103.51,26.32,8.23,0.93,25.05,28.09,seasonal_forecast,26.8,74,10.2,1010.6,102.0,101.0,100.0,101.0,99.71428571428571,103.0,5,10,-0.8692328164574792,0.49440298420761813
"Rabindra Bharati University, Kolkata - WBPCB",2026-11-01,103.0,52.79,104.16,26.48,8.23,0.93,25.05,28.11,seasonal_forecast,26.7,74,10.1,1010.7,102.0,102.0,101.0,101.66666666666667,100.28571428571429,104.0,6,11,-0.8605996962501181,0.5092820071573356
"Rabindra Bharati University, Kolkata - WBPCB",2026-11-02,104.0,53.23,104.79,26.65,8.22,0.93,25.04,28.12,seasonal_forecast,26.6,74,10.0,1010.8,103.0,102.0,102.0,102.33333333333333,101.0,104.0,0,11,-0.8517119107469189,0.5240103253675756
"Rabindra Bharati University, Kolkata - WBPCB",2026-11-03,104.0,53.67,105.43,26.81,8.22,0.93,25.04,28.13,seasonal_forecast,26.5,73,9.9,1011.0,104.0,103.0,102.0,103.0,101.71428571428571,105.0,1,11,-0.8425720899866032,0.5385835804920232
"Rabindra Bharati University, Kolkata - WBPCB",2026-11-04,105.0,54.1,106.05,26.97,8.22,0.93,25.04,28.14,seasonal_forecast,26.3,73,9.9,1011.1,104.0,104.0,103.0,103.66666666666667,102.28571428571429,106.0,2,11,-0.8331829385891785,0.5529974600700271
"Rabindra Bharati University, Kolkata - WBPCB",2026-11-05,106.0,54.54,106.67,27.13,8.22,0.93,25.04,28.15,seasonal_forecast,26.2,73,9.8,1011.2,105.0,104.0,104.0,104.33333333333333,103.0,107.0,3,11,-0.8235472349556007,0.5672476988027229
"Rabindra Bharati University, Kolkata - WBPCB",2026-11-06,107.0,54.97,107.29,27.29,8.21,0.93,25.03,28.16,seasonal_forecast,26.1,72,9.7,1011.3,106.0,105.0,104.0,105.0,103.71428571428571,107.0,4,11,-0.8136678304455991,0.5813300798152042
"Rabindra Bharati University, Kolkata - WBPCB",2026-11-07,107.0,55.4,107.9,27.46,8.21,0.94,25.03,28.17,seasonal_forecast,26.0,72,9.6,1011.5,107.0,106.0,105.0,106.0,104.42857142857143,108.0,5,11,-0.8035476485339116,0.5952404359043674
"Rabindra Bharati University, Kolkata - WBPCB",2026-11-08,108.0,55.82,108.5,27.62,8.21,0.94,25.03,28.18,seasonal_forecast,25.8,72,9.6,1011.6,107.0,107.0,106.0,106.66666666666667,105.14285714285714,109.0,6,11,-0.7931896839451843,0.6089746507720486
"Rabindra Bharati University, Kolkata - WBPCB",2026-11-09,109.0,56.24,109.1,27.78,8.2,0.94,25.02,28.19,seasonal_forecast,25.7,71,9.5,1011.7,108.0,107.0,107.0,107.33333333333333,105.85714285714286,109.0,0,11,-0.7825970017677834,0.6225286602431057
"Rabindra Bharati University, Kolkata - WBPCB",2026-11-10,109.0,56.66,109.69,27.94,8.2,0.94,25.02,28.2,seasonal_forecast,25.6,71,9.4,1011.8,109.0,108.0,107.0,108.0,106.57142857142857,110.0,1,11,-0.7717727365467837,0.6358984534680745
"Rabindra Bharati University, Kolkata - WBPCB",2026-11-11,110.0,57.08,110.28,28.1,8.2,0.94,25.01,28.21,seasonal_forecast,25.4,71,9.4,1012.0,109.0,109.0,108.0,108.66666666666667,107.28571428571429,111.0,2,11,-0.7607200913564104,0.6490800741100398
"Rabindra Bharati University, Kolkata - WBPCB",2026-11-12,111.0,57.49,110.86,28.26,8.19,0.94,25.01,28.22,seasonal_forecast,25.3,70,9.3,1012.1,110.0,109.0,109.0,109.33333333333333,108.0,111.0,3,11,-0.7494423368521953,0.6620696215153815
"Rabindra Bharati University, Kolkata - WBPCB",2026-11-13,111.0,57.89,111.43,28.41,8.19,0.95,25.0,28.23,seasonal_forecast,25.2,70,9.2,1012.2,111.0,110.0,109.0,110.0,108.71428571428571,112.0,4,11,-0.7379428103031386,0.6748632518680403
"Rabindra Bharati University, Kolkata - WBPCB",2026-11-14,112.0,58.3,112.0,28.57,8.18,0.95,25.0,28.23,seasonal_forecast,25.0,70,9.2,1012.3,111.0,111.0,110.0,110.66666666666667,109.28571428571429,113.0,5,11,-0.7262249146041543,0.6874571793269664
"Rabindra Bharati University, Kolkata - WBPCB",2026-11-15,113.0,58.7,112.56,28.73,8.18,0.95,24.99,28.24,seasonal_forecast,24.9,69,9.1,1012.5,112.0,111.0,111.0,111.33333333333333,110.0,113.0,6,11,-0.7142921172691032,0.699847677146407
"Rabindra Bharati University, Kolkata - WBPCB",2026-11-16,113.0,59.09,113.11,28.89,8.18,0.95,24.98,28.25,seasonal_forecast,24.7,69,9.0,1012.6,113.0,112.0,111.0,112.0,110.71428571428571,114.0,0,11,-0.7021479494046978,0.7120310787787131
"Rabindra Bharati University, Kolkata - WBPCB",2026-11-17,114.0,59.48,113.66,29.04,8.17,0.95,24.98,28.25,seasonal_forecast,24.6,69,9.0,1012.7,113.0,113.0,112.0,112.66666666666667,111.28571428571429,115.0,1,11,-0.6897960046655887,0.7240037789593305
"Rabindra Bharati University, Kolkata - WBPCB",2026-11-18,115.0,59.87,114.2,29.2,8.17,0.95,24.97,28.26,seasonal_forecast,24.4,69,8.9,1012.8,114.0,113.0,113.0,113.33333333333333,112.0,115.0,2,11,-0.6772399381909491,0.7357622347736527
"Rabindra Bharati University, Kolkata - WBPCB",2026-11-19,115.0,60.25,114.74,29.35,8.16,0.95,24.97,28.26,seasonal_forecast,24.3,68,8.9,1012.9,115.0,114.0,113.0,114.0,112.71428571428571,116.0,3,11,-0.6644834655228552,0.7473029667054297
"Rabindra Bharati University, Kolkata - WBPCB",2026-11-20,116.0,60.63,115.27,29.51,8.16,0.95,24.96,28.26,seasonal_forecast,24.1,68,8.8,1013.1,115.0,115.0,114.0,114.66666666666667,113.28571428571429,117.0,4,11,-0.6515303615068021,0.75862255966641
"Rabindra Bharati University, Kolkata - WBPCB",2026-11-21,117.0,61.0,115.79,29.66,8.16,0.96,24.95,28.27,seasonal_forecast,24.0,68,8.8,1013.2,116.0,115.0,115.0,115.33333333333333,114.0,117.0,5,11,-0.6383844591746642,0.769717664006921
"Rabindra Bharati University, Kolkata - WBPCB",2026-11-22,117.0,61.37,116.3,29.81,8.15,0.96,24.95,28.27,seasonal_forecast,23.8,67,8.7,1013.3,117.0,116.0,115.0,116.0,114.71428571428571,118.0,6,11,-0.6250496486104377,0.7805849965070866
"Rabindra Bharati University, Kolkata - WBPCB",2026-11-23,118.0,61.73,116.81,29.96,8.15,0.96,24.94,28.27,seasonal_forecast,23.7,67,8.7,1013.4,117.0,117.0,116.0,116.66666666666667,115.28571428571429,119.0,0,11,-0.6115298757991053,0.7912213413483807
"Rabindra Bharati University, Kolkata - WBPCB",2026-11-24,119.0,62.09,117.31,30.11,8.14,0.96,24.94,28.27,seasonal_forecast,23.5,67,8.7,1013.5,118.0,117.0,117.0,117.33333333333333,116.0,120.0,1,11,-0.5978291414589552,0.801623551065242
"Rabindra Bharati University, Kolkata - WBPCB",2026-11-25,120.0,62.45,117.81,30.26,8.14,0.96,24.93,28.27,seasonal_forecast,23.4,67,8.6,1013.6,119.0,118.0,117.0,118.0,116.71428571428571,120.0,2,11,-0.5839514998576998,0.8117885474764613
"Rabindra Bharati University, Kolkata - WBPCB",2026-11-26,120.0,62.8,118.3,30.41,8.14,0.96,24.92,28.27,seasonal_forecast,23.2,67,8.6,1013.7,120.0,119.0,118.0,119.0,117.42857142857143,121.0,3,11,-0.5699010576127624,0.821713322596059
"Rabindra Bharati University, Kolkata - WBPCB",2026-11-27,121.0,63.14,118.78,30.56,8.13,0.96,24.92,28.27,seasonal_forecast,23.1,66,8.5,1013.8,120.0,120.0,119.0,119.66666666666667,118.14285714285714,122.0,4,11,-0.5556819724760489,0.8313949395234058
"Rabindra Bharati University, Kolkata - WBPCB",2026-11-28,122.0,63.48,119.25,30.7,8.13,0.97,24.91,28.27,seasonal_forecast,22.9,66,8.5,1014.0,121.0,120.0,120.0,120.33333333333333,118.85714285714286,122.0,5,11,-0.5412984521036173,0.8408305333122887
"Rabindra Bharati University, Kolkata - WBPCB",2026-11-29,122.0,63.81,119.72,30.85,8.13,0.97,24.91,28.26,seasonal_forecast,22.8,66,8.5,1014.1,122.0,121.0,120.0,121.0,119.57142857142857,123.0,6,11,-0.5267547528105542,0.8500173118187018
"Rabindra Bharati University, Kolkata - WBPCB",2026-11-30,123.0,64.14,120.18,30.99,8.12,0.97,24.9,28.26,seasonal_forecast,22.6,66,8.5,1014.2,122.0,122.0,121.0,121.66666666666667,120.28571428571429,123.0,0,11,-0.5120551783114646,0.8589525565270845
"Rabindra Bharati University, Kolkata - WBPCB",2026-12-01,123.0,64.46,120.63,31.14,8.12,0.97,24.89,28.26,seasonal_forecast,22.5,65,8.4,1014.3,123.0,122.0,122.0,122.33333333333333,121.0,124.0,1,12,-0.4972040784469378,0.8676336233547726
"Rabindra Bharati University, Kolkata - WBPCB",2026-12-02,124.0,64.78,121.08,31.28,8.12,0.97,24.89,28.25,seasonal_forecast,22.4,65,8.4,1014.4,123.0,123.0,122.0,122.66666666666667,121.57142857142857,125.0,2,12,-0.4822058478963526,0.8760579434344281
"Rabindra Bharati University, Kolkata - WBPCB",2026-12-03,125.0,65.09,121.52,31.42,8.11,0.97,24.88,28.25,seasonal_forecast,22.2,65,8.4,1014.5,124.0,123.0,123.0,123.33333333333333,122.14285714285714,125.0,3,12,-0.46706492487743034,0.8842230238742036
"Rabindra Bharati University, Kolkata - WBPCB",2026-12-04,125.0,65.39,121.95,31.56,8.11,0.97,24.88,28.24,seasonal_forecast,22.1,65,8.4,1014.6,125.0,124.0,123.0,124.0,122.85714285714286,126.0,4,12,-0.451785789832884,0.8921264484954345
"Rabindra Bharati University, Kolkata - WBPCB",2026-12-05,126.0,65.69,122.37,31.69,8.11,0.97,24.87,28.24,seasonal_forecast,21.9,65,8.4,1014.7,125.0,125.0,124.0,124.66666666666667,123.42857142857143,127.0,5,12,-0.4363729641045924,0.8997658785476209
"Rabindra Bharati University, Kolkata - WBPCB",2026-12-06,127.0,65.99,122.79,31.83,8.11,0.97,24.87,28.23,seasonal_forecast,21.8,65,8.3,1014.7,126.0,125.0,125.0,125.33333333333333,124.0,127.0,6,12,-0.42083100859565564,0.9071390534005044
"Rabindra Bharati University, Kolkata - WBPCB",2026-12-07,127.0,66.27,123.2,31.96,8.11,0.98,24.86,28.22,seasonal_forecast,21.7,64,8.3,1014.8,127.0,126.0,125.0,126.0,124.71428571428571,128.0,0,12,-0.4051645224207563,0.9142437912130223
"Rabindra Bharati University, Kolkata - WBPCB",2026-12-08,128.0,66.55,123.6,32.09,8.1,0.98,24.86,28.22,seasonal_forecast,21.5,64,8.3,1014.9,127.0,127.0,126.0,126.66666666666667,125.28571428571429,129.0,1,12,-0.3893781415452015,0.9210779895789526
"Rabindra Bharati University, Kolkata - WBPCB",2026-12-09,129.0,66.83,124.0,32.22,8.1,0.98,24.86,28.21,seasonal_forecast,21.4,64,8.3,1015.0,128.0,127.0,127.0,127.33333333333333,126.0,129.0,2,12,-0.37347653741307074,0.9276396261490467
"Rabindra Bharati University, Kolkata - WBPCB",2026-12-10,129.0,67.1,124.39,32.35,8.1,0.98,24.85,28.2,seasonal_forecast,21.3,64,8.3,1015.1,129.0,128.0,127.0,128.0,126.71428571428571,130.0,3,12,-0.3574644155648614,0.9339267592294762
"Rabindra Bharati University, Kolkata - WBPCB",2026-12-11,130.0,67.36,124.77,32.48,8.1,0.98,24.85,28.19,seasonal_forecast,21.2,64,8.3,1015.2,129.0,129.0,128.0,128.66666666666666,127.28571428571429,130.0,4,12,-0.34134651424503615,0.9399375283564133
"Rabindra Bharati University, Kolkata - WBPCB",2026-12-12,130.0,67.62,125.14,32.6,8.1,0.98,24.85,28.18,seasonal_forecast,21.0,64,8.3,1015.2,130.0,129.0,129.0,129.33333333333334,128.0,131.0,5,12,-0.3251276029999093,0.9456701548465688
"Rabindra Bharati University, Kolkata - WBPCB",2026-12-13,131.0,67.87,125.5,32.72,8.1,0.98,24.84,28.17,seasonal_forecast,20.9,64,8.3,1015.3,130.0,130.0,129.0,129.66666666666666,128.57142857142858,131.0,6,12,-0.30881248126625377,0.9511229423235357
"Rabindra Bharati University, Kolkata - WBPCB",2026-12-14,131.0,68.11,125.86,32.84,8.1,0.98,24.84,28.16,seasonal_forecast,20.8,64,8.3,1015.4,131.0,130.0,130.0,130.33333333333334,129.14285714285714,132.0,0,12,-0.29240597695107734,0.9562942772197719
"Rabindra Bharati University, Kolkata - WBPCB",2026-12-15,132.0,68.35,126.21,32.96,8.1,0.98,24.84,28.15,seasonal_forecast,20.7,64,8.3,1015.5,131.0,131.0,130.0,130.66666666666666,129.71428571428572,132.0,1,12,-0.27591294500296043,0.9611826292540837
"Rabindra Bharati University, Kolkata - WBPCB",2026-12-16,132.0,68.58,126.55,33.08,8.1,0.98,24.84,28.14,seasonal_forecast,20.6,64,8.3,1015.5,132.0,131.0,131.0,131.33333333333334,130.28571428571428,133.0,2,12,-0.2593382659754056,0.9657865518844574
"Rabindra Bharati University, Kolkata - WBPCB",2026-12-17,133.0,68.8,126.88,33.19,8.1,0.99,24.84,28.12,seasonal_forecast,20.5,64,8.3,1015.6,132.0,132.0,131.0,131.66666666666666,130.71428571428572,134.0,3,12,-0.2426868445825954,0.9701046827361175
"Rabindra Bharati University, Kolkata - WBPCB",2026-12-18,134.0,69.02,127.21,33.3,8.1,0.99,24.84,28.11,seasonal_forecast,20.4,63,8.4,1015.7,133.0,132.0,132.0,132.33333333333334,131.28571428571428,134.0,4,12,-0.22596360824801906,0.974135744004672
"Rabindra Bharati University, Kolkata - WBPCB",2026-12-19,134.0,69.23,127.52,33.41,8.1,0.99,24.84,28.1,seasonal_forecast,20.3,63,8.4,1015.7,134.0,133.0,132.0,133.0,131.85714285714286,135.0,5,12,-0.20917350564635637,0.9778785428342386
"Rabindra Bharati University, Kolkata - WBPCB",2026-12-20,135.0,69.43,127.83,33.51,8.1,0.99,24.84,28.09,seasonal_forecast,20.2,63,8.4,1015.8,134.0,134.0,133.0,133.66666666666666,132.42857142857142,135.0,6,12,-0.19232150523909483,0.9813319716704275
"Rabindra Bharati University, Kolkata - WBPCB",2026-12-21,135.0,69.63,128.13,33.62,8.1,0.99,24.84,28.07,seasonal_forecast,20.1,63,8.4,1015.8,135.0,134.0,134.0,134.33333333333334,133.0,135.0,0,12,-0.17541259380427843,0.9844950085880858
"Rabindra Bharati University, Kolkata - WBPCB",2026-12-22,135.0,69.82,128.42,33.72,8.1,0.99,24.84,28.06,seasonal_forecast,20.0,63,8.4,1015.9,135.0,135.0,134.0,134.66666666666666,133.57142857142858,136.0,1,12,-0.15845177496083632,0.9873667175937016
"Rabindra Bharati University, Kolkata - WBPCB",2026-12-23,136.0,70.0,128.71,33.81,8.1,0.99,24.84,28.05,seasonal_forecast,20.0,63,8.5,1015.9,135.0,135.0,135.0,135.0,134.0,136.0,2,12,-0.14144406768794202,0.9899462489023779
"Rabindra Bharati University, Kolkata - WBPCB",2026-12-24,136.0,70.17,128.98,33.91,8.11,0.99,24.84,28.03,seasonal_forecast,19.9,63,8.5,1016.0,136.0,135.0,135.0,135.33333333333334,134.57142857142858,137.0,3,12,-0.12439450483979998,0.9922328391893008
"Rabindra Bharati University, Kolkata - WBPCB",2026-12-25,137.0,70.34,129.24,34.0,8.11,0.99,24.84,28.02,seasonal_forecast,19.8,63,8.5,1016.0,136.0,136.0,135.0,135.66666666666666,135.0,137.0,4,12,-0.10730813165636247,0.9942258118156161
"Rabindra Bharati University, Kolkata - WBPCB",2026-12-26,137.0,70.5,129.5,34.09,8.11,0.99,24.85,28.01,seasonal_forecast,19.8,63,8.5,1016.0,137.0,136.0,136.0,136.33333333333334,135.42857142857142,138.0,5,12,-0.09019000427034513,0.9959245770286599
"Rabindra Bharati University, Kolkata - WBPCB",2026-12-27,138.0,70.66,129.75,34.17,8.11,0.99,24.85,27.99,seasonal_forecast,19.7,63,8.6,1016.1,137.0,137.0,136.0,136.66666666666666,135.85714285714286,138.0,6,12,-0.07304518821104743,0.9973286321364752
"Rabindra Bharati University, Kolkata - WBPCB",2026-12-28,138.0,70.81,129.99,34.25,8.11,0.99,24.85,27.98,seasonal_forecast,19.7,63,8.6,1016.1,138.0,137.0,137.0,137.33333333333334,136.28571428571428,138.0,0,12,-0.05587875690537313,0.9984375616565666
"Rabindra Bharati University, Kolkata - WBPCB",2026-12-29,138.0,70.95,130.21,34.33,8.11,0.99,24.86,27.96,seasonal_forecast,19.6,63,8.6,1016.1,138.0,138.0,137.0,137.66666666666666,136.71428571428572,139.0,1,12,-0.03869579017652689,0.9992510374388481
"Rabindra Bharati University, Kolkata - WBPCB",2026-12-30,139.0,71.08,130.43,34.41,8.12,0.99,24.86,27.95,seasonal_forecast,19.6,63,8.7,1016.2,138.0,138.0,138.0,138.0,137.14285714285714,139.0,2,12,-0.021501372740813793,0.999768818762748
"Rabindra Bharati University, Kolkata - WBPCB",2026-12-31,139.0,71.2,130.64,34.48,8.12,0.99,24.87,27.94,seasonal_forecast,19.5,63,8.7,1016.2,139.0,138.0,138.0,138.33333333333334,137.57142857142858,139.0,3,12,-0.004300592702981974,0.9999907524084426
"Rabindra Bharati University, Kolkata - WBPCB",2027-01-01,139.0,71.35,130.89,34.56,8.12,0.99,24.87,27.92,seasonal_forecast,19.5,63,8.7,1016.2,139.0,139.0,138.0,138.66666666666666,138.0,140.0,4,1,0.017201575418260506,0.9998520419557735
"Rabindra Bharati University, Kolkata - WBPCB",2027-01-02,140.0,71.46,131.08,34.63,8.12,0.99,24.88,27.9,seasonal_forecast,19.5,64,8.8,1016.2,139.0,139.0,139.0,139.0,138.28571428571428,140.0,5,1,0.03439806061360801,0.9994082116062598
"Rabindra Bharati University, Kolkata - WBPCB",2027-01-03,140.0,71.56,131.26,34.69,8.13,1.0,24.88,27.89,seasonal_forecast,19.5,64,8.8,1016.2,140.0,139.0,139.0,139.33333333333334,138.71428571428572,140.0,6,1,0.051584366869408364,0.9986686402879997
"Rabindra Bharati University, Kolkata - WBPCB",2027-01-04,140.0,71.65,131.43,34.74,8.13,1.0,24.89,27.88,seasonal_forecast,19.5,64,8.9,1016.3,140.0,140.0,139.0,139.66666666666666,139.0,140.0,0,1,0.06875540848113941,0.9976335468520451
"Rabindra Bharati University, Kolkata - WBPCB",2027-01-05,140.0,71.74,131.58,34.79,8.13,1.0,24.9,27.86,seasonal_forecast,19.5,64,8.9,1016.3,140.0,140.0,140.0,140.0,139.28571428571428,141.0,1,1,0.08590610426133272,0.9963032375991965
"Rabindra Bharati University, Kolkata - WBPCB",2027-01-06,141.0,71.82,131.73,34.84,8.13,1.0,24.9,27.85,seasonal_forecast,19.5,64,8.9,1016.3,140.0,140.0,140.0,140.0,139.57142857142858,141.0,2,1,0.10303137904317879,0.9946781061893646
"Rabindra Bharati University, Kolkata - WBPCB",2027-01-07,141.0,71.89,131.87,34.89,8.14,1.0,24.91,27.84,seasonal_forecast,19.5,64,9.0,1016.3,141.0,140.0,140.0,140.33333333333334,139.85714285714286,141.0,3,1,0.1201261651823505,0.9927586335250793
"Rabindra Bharati University, Kolkata - WBPCB",2027-01-08,141.0,71.95,131.99,34.93,8.14,1.0,24.92,27.82,seasonal_forecast,19.5,64,9.0,1016.3,141.0,141.0,140.0,140.66666666666666,140.14285714285714,141.0,4,1,0.13718540405660057,0.9905453876091833
"Rabindra Bharati University, Kolkata - WBPCB",2027-01-09,141.0,72.01,132.11,34.97,8.14,1.0,24.93,27.81,seasonal_forecast,19.5,64,9.1,1016.2,141.0,141.0,141.0,141.0,140.42857142857142,141.0,5,1,0.1542040475626894,0.988039023376751
"Rabindra Bharati University, Kolkata - WBPCB",2027-01-10,141.0,72.06,132.21,35.0,8.14,1.0,24.93,27.8,seasonal_forecast,19.5,64,9.1,1016.2,141.0,141.0,141.0,141.0,140.57142857142858,142.0,6,1,0.17117705961019986,0.985240282501282
"Rabindra Bharati University, Kolkata - WBPCB",2027-01-11,142.0,72.1,132.31,35.03,8.15,1.0,24.94,27.79,seasonal_forecast,19.5,64,9.2,1016.2,141.0,141.0,141.0,141.0,140.71428571428572,142.0,0,1,0.18809941761179758,0.9821499931752291
"Rabindra Bharati University, Kolkata - WBPCB",2027-01-12,142.0,72.13,132.39,35.05,8.15,1.0,24.95,27.77,seasonal_forecast,19.6,64,9.2,1016.2,142.0,141.0,141.0,141.33333333333334,141.0,142.0,1,1,0.20496611396949532,0.9787690698649216
"Rabindra Bharati University, Kolkata - WBPCB",2027-01-13,142.0,72.16,132.46,35.07,8.15,1.0,24.96,27.76,seasonal_forecast,19.6,64,9.3,1016.2,142.0,142.0,141.0,141.66666666666666,141.28571428571428,142.0,2,1,0.22177215755648186,0.975098513039961
"Rabindra Bharati University, Kolkata - WBPCB",2027-01-14,142.0,72.18,132.52,35.09,8.15,1.0,24.97,27.75,seasonal_forecast,19.7,64,9.3,1016.2,142.0,142.0,142.0,142.0,141.42857142857142,142.0,3,1,0.23851257519407648,0.9711394088771653
"Rabindra Bharati University, Kolkata - WBPCB",2027-01-15,142.0,72.19,132.57,35.1,8.15,1.0,24.98,27.74,seasonal_forecast,19.7,65,9.4,1016.1,142.0,142.0,142.0,142.0,141.57142857142858,142.0,4,1,0.2551824131233728,0.9668929289391521
"Rabindra Bharati University, Kolkata - WBPCB",2027-01-16,142.0,72.19,132.61,35.11,8.16,1.0,24.98,27.73,seasonal_forecast,19.8,65,9.4,1016.1,142.0,142.0,142.0,142.0,141.71428571428572,142.0,5,1,0.2717767384711357,0.9623603298276545
"Rabindra Bharati University, Kolkata - WBPCB",2027-01-17,142.0,72.18,132.63,35.11,8.16,1.0,24.99,27.72,seasonal_forecast,19.8,65,9.5,1016.1,142.0,142.0,142.0,142.0,141.85714285714286,142.0,6,1,0.2882906407095177,0.9575429528116719
"Rabindra Bharati University, Kolkata - WBPCB",2027-01-18,142.0,72.17,132.65,35.11,8.16,1.0,25.0,27.71,seasonal_forecast,19.9,65,9.5,1016.0,142.0,142.0,142.0,142.0,142.0,142.0,0,1,0.3047192331091634,0.9524422234305676
"Rabindra Bharati University, Kolkata - WBPCB",2027-01-19,142.0,72.15,132.65,35.11,8.16,1.0,25.01,27.7,seasonal_forecast,20.0,65,9.6,1016.0,142.0,142.0,142.0,142.0,142.0,142.0,1,1,0.321057654185271,0.9470596510722283
"Rabindra Bharati University, Kolkata - WBPCB",2027-01-20,142.0,72.12,132.64,35.1,8.16,1.0,25.02,27.69,seasonal_forecast,20.0,65,9.6,1015.9,142.0,142.0,142.0,142.0,142.0,142.0,2,1,0.3373010691361842,0.9413968285264122
"Rabindra Bharati University, Kolkata - WBPCB",2027-01-21,142.0,72.09,132.62,35.08,8.16,1.0,25.03,27.69,seasonal_forecast,20.1,65,9.7,1015.9,142.0,142.0,142.0,142.0,142.0,142.0,3,1,0.3534446712740877,0.9354554315134164
"Rabindra Bharati University, Kolkata - WBPCB",2027-01-22,142.0,72.04,132.58,35.07,8.16,1.0,25.04,27.68,seasonal_forecast,20.2,65,9.7,1015.8,142.0,142.0,142.0,142.0,142.0,141.0,4,1,0.3694836834473831,0.9292372181882051
"Rabindra Bharati University, Kolkata - WBPCB",2027-01-23,141.0,71.99,132.54,35.05,8.17,1.0,25.05,27.67,seasonal_forecast,20.3,65,9.8,1015.8,142.0,142.0,142.0,142.0,142.0,141.0,5,1,0.38541335945432564,0.9227440286201427
"Rabindra Bharati University, Kolkata - WBPCB",2027-01-24,141.0,71.93,132.48,35.02,8.17,1.0,25.06,27.67,seasonal_forecast,20.4,65,9.8,1015.7,141.0,142.0,142.0,141.66666666666666,141.85714285714286,141.0,6,1,0.4012289854475009,0.9159777842484877
"Rabindra Bharati University, Kolkata - WBPCB",2027-01-25,141.0,71.86,132.41,34.99,8.17,1.0,25.07,27.66,seasonal_forecast,20.5,65,9.9,1015.7,141.0,141.0,142.0,141.33333333333334,141.71428571428572,141.0,0,1,0.4169258813287287,0.908940487313808
"Rabindra Bharati University, Kolkata - WBPCB",2027-01-26,141.0,71.79,132.32,34.95,8.17,1.0,25.07,27.65,seasonal_forecast,20.6,66,9.9,1015.6,141.0,141.0,141.0,141.0,141.57142857142858,141.0,1,1,0.4324994021339788,0.901634220265486
"Rabindra Bharati University, Kolkata - WBPCB",2027-01-27,141.0,71.71,132.23,34.91,8.17,1.0,25.08,27.65,seasonal_forecast,20.7,66,10.0,1015.6,141.0,141.0,141.0,141.0,141.42857142857142,141.0,2,1,0.44794493940789115,0.8940611451454876
"Rabindra Bharati University, Kolkata - WBPCB",2027-01-28,141.0,71.62,132.12,34.87,8.17,0.99,25.09,27.64,seasonal_forecast,20.8,66,10.1,1015.5,141.0,141.0,141.0,141.0,141.28571428571428,140.0,3,1,0.4632579225674917,0.88622350294858
"Rabindra Bharati University, Kolkata - WBPCB",2027-01-29,140.0,71.52,131.99,34.82,8.16,0.99,25.1,27.64,seasonal_forecast,20.9,66,10.1,1015.4,141.0,141.0,141.0,141.0,141.14285714285714,140.0,4,1,0.4784338202547012,0.8781236129591848
"Rabindra Bharati University, Kolkata - WBPCB",2027-01-30,140.0,71.41,131.86,34.77,8.16,0.99,25.11,27.64,seasonal_forecast,21.1,66,10.2,1015.3,140.0,141.0,141.0,140.66666666666666,140.85714285714286,140.0,5,1,0.49346814167723735,0.8697638720650646
"Rabindra Bharati University, Kolkata - WBPCB",2027-01-31,140.0,71.3,131.71,34.71,8.16,0.99,25.11,27.64,seasonal_forecast,21.2,66,10.2,1015.3,140.0,140.0,141.0,140.33333333333334,140.71428571428572,139.0,6,1,0.5083564379375122,0.8611467540480452
"Rabindra Bharati University, Kolkata - WBPCB",2027-02-01,139.0,71.18,131.55,34.65,8.16,0.99,25.12,27.63,seasonal_forecast,21.3,66,10.3,1015.2,140.0,140.0,140.0,140.0,140.57142857142858,139.0,0,2,0.5230943033491326,0.8522748088519838
"Rabindra Bharati University, Kolkata - WBPCB",2027-02-02,139.0,71.05,131.38,34.59,8.16,0.99,25.13,27.63,seasonal_forecast,21.4,66,10.3,1015.1,139.0,140.0,140.0,139.66666666666666,140.28571428571428,139.0,1,2,0.5376773767406141,0.8431506618282
"Rabindra Bharati University, Kolkata - WBPCB",2027-02-03,139.0,70.91,131.2,34.52,8.16,0.99,25.14,27.63,seasonal_forecast,21.6,66,10.4,1015.0,139.0,139.0,140.0,139.33333333333334,140.0,138.0,2,2,0.5521013427459208,0.8337770129585915
"Rabindra Bharati University, Kolkata - WBPCB",2027-02-04,138.0,70.77,131.0,34.45,8.16,0.99,25.14,27.63,seasonal_forecast,21.7,66,10.4,1015.0,139.0,139.0,139.0,139.0,139.71428571428572,138.0,3,2,0.5663619330814524,0.8241566360566663
"Rabindra Bharati University, Kolkata - WBPCB",2027-02-05,138.0,70.62,130.79,34.37,8.15,0.99,25.15,27.63,seasonal_forecast,21.8,66,10.5,1014.9,138.0,139.0,139.0,138.66666666666666,139.28571428571428,138.0,4,2,0.580454927809098,0.8142923779467267
"Rabindra Bharati University, Kolkata - WBPCB",2027-02-06,138.0,70.46,130.56,34.29,8.15,0.99,25.16,27.63,seasonal_forecast,22.0,66,10.6,1014.8,138.0,138.0,139.0,138.33333333333334,139.0,137.0,5,2,0.5943761565849831,0.804187157621448
"Rabindra Bharati University, Kolkata - WBPCB",2027-02-07,137.0,70.29,130.33,34.2,8.15,0.99,25.16,27.63,seasonal_forecast,22.1,66,10.6,1014.7,138.0,138.0,138.0,138.0,138.71428571428572,137.0,6,2,0.6081214998935418,0.7938439653781019
"Rabindra Bharati University, Kolkata - WBPCB",2027-02-08,137.0,70.12,130.08,34.12,8.14,0.99,25.17,27.63,seasonal_forecast,22.3,66,10.7,1014.6,137.0,138.0,138.0,137.66666666666666,138.28571428571428,136.0,0,2,0.6216868902665479,0.7832658619336791
"Rabindra Bharati University, Kolkata - WBPCB",2027-02-09,136.0,69.94,129.81,34.02,8.14,0.99,25.17,27.64,seasonal_forecast,22.4,67,10.7,1014.5,137.0,137.0,138.0,137.33333333333334,138.0,136.0,1,2,0.6350683134867438,0.7724559775191742
"Rabindra Bharati University, Kolkata - WBPCB",2027-02-10,136.0,69.75,129.54,33.93,8.14,0.99,25.17,27.64,seasonal_forecast,22.6,67,10.8,1014.4,136.0,137.0,137.0,136.66666666666666,137.57142857142858,135.0,2,2,0.6482618097757122,0.7614175109532997
"Rabindra Bharati University, Kolkata - WBPCB",2027-02-11,135.0,69.56,129.25,33.83,8.13,0.99,25.18,27.64,seasonal_forecast,22.7,67,10.8,1014.3,136.0,136.0,137.0,136.33333333333334,137.14285714285714,135.0,3,2,0.6612634749656386,0.7501537286959042
"Rabindra Bharati University, Kolkata - WBPCB",2027-02-12,135.0,69.35,128.95,33.72,8.13,0.99,25.18,27.65,seasonal_forecast,22.9,67,10.9,1014.2,135.0,136.0,136.0,135.66666666666666,136.71428571428572,134.0,4,2,0.6740694616546161,0.7386679638813748
"Rabindra Bharati University, Kolkata - WBPCB",2027-02-13,134.0,69.14,128.64,33.61,8.12,0.99,25.18,27.65,seasonal_forecast,23.0,67,11.0,1014.1,135.0,135.0,136.0,135.33333333333334,136.28571428571428,134.0,5,2,0.6866759803451553,0.726963615332308
"Rabindra Bharati University, Kolkata - WBPCB",2027-02-14,134.0,68.92,128.31,33.5,8.12,0.99,25.19,27.66,seasonal_forecast,23.2,67,11.0,1014.0,134.0,135.0,135.0,134.66666666666666,135.71428571428572,133.0,6,2,0.6990793005655562,0.7150441465537444
"Rabindra Bharati University, Kolkata - WBPCB",2027-02-15,133.0,68.7,127.97,33.39,8.11,0.98,25.19,27.66,seasonal_forecast,23.3,67,11.1,1013.9,134.0,134.0,135.0,134.33333333333334,135.28571428571428,133.0,0,2,0.7112757519738152,0.7029130847082615
"Rabindra Bharati University, Kolkata - WBPCB",2027-02-16,133.0,68.47,127.62,33.27,8.11,0.98,25.19,27.67,seasonal_forecast,23.5,67,11.1,1013.8,133.0,134.0,134.0,133.66666666666666,134.71428571428572,132.0,1,2,0.7232617254437388,0.6905740195722294
"Rabindra Bharati University, Kolkata - WBPCB",2027-02-17,132.0,68.23,127.26,33.15,8.1,0.98,25.19,27.67,seasonal_forecast,23.7,67,11.2,1013.7,133.0,133.0,134.0,133.33333333333334,134.28571428571428,132.0,2,2,0.7350336741329412,0.6780306024735382
"Rabindra Bharati University, Kolkata - WBPCB",2027-02-18,132.0,67.98,126.89,33.02,8.1,0.98,25.19,27.68,seasonal_forecast,23.8,67,11.3,1013.6,132.0,133.0,133.0,132.66666666666666,133.71428571428572,131.0,3,2,0.746588114532413,0.6652865452111116
"Rabindra Bharati University, Kolkata - WBPCB",2027-02-19,131.0,67.73,126.5,32.9,8.09,0.98,25.19,27.69,seasonal_forecast,24.0,67,11.3,1013.5,132.0,132.0,133.0,132.33333333333334,133.28571428571428,131.0,4,2,0.7579216274973472,0.6523456189565257
"Rabindra Bharati University, Kolkata - WBPCB",2027-02-20,131.0,67.47,126.1,32.77,8.08,0.98,25.19,27.69,seasonal_forecast,24.1,67,11.4,1013.4,131.0,132.0,132.0,131.66666666666666,132.71428571428572,130.0,5,2,0.7690308592589181,0.6392116531380588
"Rabindra Bharati University, Kolkata - WBPCB",2027-02-21,130.0,67.21,125.69,32.63,8.08,0.98,25.19,27.7,seasonal_forecast,24.3,67,11.4,1013.3,131.0,131.0,132.0,131.33333333333334,132.28571428571428,129.0,6,2,0.7799125224167177,0.6258885343075018
"Rabindra Bharati University, Kolkata - WBPCB",2027-02-22,129.0,66.93,125.27,32.49,8.07,0.98,25.19,27.71,seasonal_forecast,24.5,67,11.5,1013.2,130.0,131.0,131.0,130.66666666666666,131.71428571428572,129.0,0,2,0.7905633969115482,0.612380204990065
"Rabindra Bharati University, Kolkata - WBPCB",2027-02-23,129.0,66.65,124.84,32.36,8.06,0.98,25.19,27.72,seasonal_forecast,24.6,67,11.5,1013.0,129.0,130.0,131.0,130.0,131.14285714285714,128.0,1,2,0.8009803309782905,0.5986906625177214
"Rabindra Bharati University, Kolkata - WBPCB",2027-02-24,128.0,66.37,124.4,32.21,8.06,0.98,25.18,27.73,seasonal_forecast,24.8,67,11.6,1012.9,129.0,129.0,130.0,129.33333333333334,130.57142857142858,127.0,2,2,0.8111602420785621,0.5848239578463322
"Rabindra Bharati University, Kolkata - WBPCB",2027-02-25,127.0,66.07,123.94,32.07,8.05,0.98,25.18,27.74,seasonal_forecast,25.0,67,11.7,1012.8,128.0,129.0,129.0,128.66666666666666,130.0,127.0,3,2,0.8211001178128892,0.5707841943569036
"Rabindra Bharati University, Kolkata - WBPCB",2027-02-26,127.0,65.78,123.47,31.92,8.04,0.98,25.17,27.75,seasonal_forecast,25.1,67,11.7,1012.7,127.0,128.0,129.0,128.0,129.28571428571428,126.0,4,2,0.8307970168121247,0.5565755266413303
"Rabindra Bharati University, Kolkata - WBPCB",2027-02-27,126.0,65.47,123.0,31.77,8.03,0.97,25.17,27.76,seasonal_forecast,25.3,67,11.8,1012.6,127.0,127.0,128.0,127.33333333333333,128.71428571428572,125.0,5,2,0.8402480696078469,0.5422021592729844
"Rabindra Bharati University, Kolkata - WBPCB",2027-02-28,125.0,65.16,122.51,31.62,8.03,0.97,25.17,27.77,seasonal_forecast,25.4,67,11.8,1012.5,126.0,127.0,127.0,126.66666666666667,128.0,125.0,6,2,0.8494504794814806,0.527668345562516
"Rabindra Bharati University, Kolkata - WBPCB",2027-03-01,125.0,64.84,122.01,31.46,8.02,0.97,25.16,27.78,seasonal_forecast,25.6,67,11.9,1012.4,125.0,126.0,127.0,126.0,127.28571428571429,124.0,0,3,0.8584015232918917,0.512978386299228
"Rabindra Bharati University, Kolkata - WBPCB",2027-03-02,124.0,64.52,121.51,31.3,8.01,0.97,25.15,27.79,seasonal_forecast,25.7,67,12.0,1012.2,125.0,125.0,126.0,125.33333333333333,126.71428571428571,123.0,1,3,0.8670985522812081,0.4981366284784055
"Rabindra Bharati University, Kolkata - WBPCB",2027-03-03,123.0,64.19,120.99,31.15,8.0,0.97,25.15,27.8,seasonal_forecast,25.9,67,12.0,1012.1,124.0,125.0,125.0,124.66666666666667,126.0,123.0,2,3,0.8755389928586302,0.4831474640149687
"Rabindra Bharati University, Kolkata - WBPCB",2027-03-04,123.0,63.85,120.46,30.98,7.99,0.97,25.14,27.81,seasonal_forecast,26.0,67,12.1,1012.0,123.0,124.0,125.0,124.0,125.28571428571429,122.0,3,3,0.8837203473619977,0.4680153284438345
"Rabindra Bharati University, Kolkata - WBPCB",2027-03-05,122.0,63.51,119.92,30.82,7.99,0.97,25.13,27.82,seasonal_forecast,26.2,67,12.2,1011.9,123.0,123.0,124.0,123.33333333333333,124.71428571428571,121.0,4,3,0.8916401947968874,0.45274469960737107
"Rabindra Bharati University, Kolkata - WBPCB",2027-03-06,121.0,63.17,119.38,30.66,7.98,0.97,25.12,27.83,seasonal_forecast,26.3,67,12.2,1011.8,122.0,123.0,123.0,122.66666666666667,124.0,121.0,5,3,0.8992961915530253,0.4373400963303323
"Rabindra Bharati University, Kolkata - WBPCB",2027-03-07,121.0,62.81,118.82,30.49,7.97,0.97,25.12,27.84,seasonal_forecast,26.5,67,12.3,1011.6,121.0,122.0,123.0,122.0,123.28571428571429,120.0,6,3,0.9066860720977985,0.4218060770826634
"Rabindra Bharati University, Kolkata - WBPCB",2027-03-08,120.0,62.46,118.26,30.32,7.96,0.96,25.11,27.85,seasonal_forecast,26.6,67,12.3,1011.5,121.0,121.0,122.0,121.33333333333333,122.71428571428571,119.0,0,3,0.9138076496466615,0.40614723863057883
"Rabindra Bharati University, Kolkata - WBPCB",2027-03-09,119.0,62.09,117.69,30.15,7.95,0.96,25.1,27.86,seasonal_forecast,26.8,67,12.4,1011.4,120.0,121.0,121.0,120.66666666666667,122.0,118.0,1,3,0.9206588168102428,0.3903682146763026
"Rabindra Bharati University, Kolkata - WBPCB",2027-03-10,118.0,61.73,117.11,29.98,7.95,0.96,25.09,27.88,seasonal_forecast,26.9,67,12.5,1011.3,119.0,120.0,121.0,120.0,121.28571428571429,118.0,2,3,0.9272375462179537,0.374473674486883
"Rabindra Bharati University, Kolkata - WBPCB",2027-03-11,118.0,61.35,116.52,29.81,7.94,0.96,25.08,27.89,seasonal_forecast,27.1,67,12.5,1011.2,118.0,119.0,120.0,119.0,120.57142857142857,117.0,3,3,0.9335418911179212,0.35846832151248087
"Rabindra Bharati University, Kolkata - WBPCB",2027-03-12,117.0,60.97,115.92,29.63,7.93,0.96,25.07,27.9,seasonal_forecast,27.2,67,12.6,1011.1,118.0,118.0,119.0,118.33333333333333,119.85714285714286,116.0,4,3,0.9395699859530622,0.342356891994542
"Rabindra Bharati University, Kolkata - WBPCB",2027-03-13,116.0,60.59,115.32,29.46,7.92,0.96,25.05,27.91,seasonal_forecast,27.3,67,12.7,1010.9,117.0,118.0,118.0,117.66666666666667,119.14285714285714,115.0,5,3,0.945320046913132,0.3261441535642696
"Rabindra Bharati University, Kolkata - WBPCB",2027-03-14,115.0,60.2,114.71,29.28,7.92,0.96,25.04,27.92,seasonal_forecast,27.5,67,12.7,1010.8,116.0,117.0,118.0,117.0,118.42857142857143,115.0,6,3,0.9507903724625832,0.3098349038318025
"Rabindra Bharati University, Kolkata - WBPCB",2027-03-15,115.0,59.81,114.09,29.1,7.91,0.96,25.03,27.93,seasonal_forecast,27.6,67,12.8,1010.7,115.0,116.0,117.0,116.0,117.57142857142857,114.0,0,3,0.9559793438440766,0.2934339689665273
"Rabindra Bharati University, Kolkata - WBPCB",2027-03-16,114.0,59.42,113.47,28.92,7.9,0.95,25.02,27.94,seasonal_forecast,27.7,67,12.9,1010.6,115.0,115.0,116.0,115.33333333333333,116.85714285714286,113.0,1,3,0.9608854255574977,0.27694620226893646
"Rabindra Bharati University, Kolkata - WBPCB",2027-03-17,113.0,59.01,112.84,28.74,7.89,0.95,25.01,27.95,seasonal_forecast,27.9,67,12.9,1010.5,114.0,115.0,115.0,114.66666666666667,116.14285714285714,112.0,2,3,0.9655071658143364,0.2603764827344581
"Rabindra Bharati University, Kolkata - WBPCB",2027-03-18,112.0,58.61,112.2,28.56,7.89,0.95,24.99,27.96,seasonal_forecast,28.0,67,13.0,1010.3,113.0,114.0,115.0,114.0,115.42857142857143,112.0,3,3,0.969843196967294,0.24372971360968387
"Rabindra Bharati University, Kolkata - WBPCB",2027-03-19,112.0,58.2,111.56,28.38,7.88,0.95,24.98,27.98,seasonal_forecast,28.1,67,13.1,1010.2,112.0,113.0,114.0,113.0,114.57142857142857,111.0,4,3,0.9738922359149924,0.22701082094141847
"Rabindra Bharati University, Kolkata - WBPCB",2027-03-20,111.0,57.79,110.91,28.2,7.87,0.95,24.97,27.99,seasonal_forecast,28.2,67,13.1,1010.1,112.0,112.0,113.0,112.33333333333333,113.85714285714286,110.0,5,3,0.9776530844816641,0.2102247521189836
"Rabindra Bharati University, Kolkata - WBPCB",2027-03-21,110.0,57.37,110.26,28.02,7.87,0.95,24.96,28.0,seasonal_forecast,28.3,67,13.2,1010.0,111.0,112.0,112.0,111.66666666666667,113.14285714285714,109.0,6,3,0.981124629771712,0.19337647441020586
"Rabindra Bharati University, Kolkata - WBPCB",2027-03-22,109.0,56.95,109.6,27.83,7.86,0.95,24.94,28.01,seasonal_forecast,28.4,67,13.3,1009.9,110.0,111.0,112.0,111.0,112.42857142857143,109.0,0,3,0.984305844499033,0.17647097349152166
"Rabindra Bharati University, Kolkata - WBPCB",2027-03-23,109.0,56.52,108.94,27.65,7.86,0.94,24.93,28.02,seasonal_forecast,28.6,68,13.3,1009.7,109.0,110.0,111.0,110.0,111.57142857142857,108.0,1,3,0.9871957872910085,0.15951325197263655
"Rabindra Bharati University, Kolkata - WBPCB",2027-03-24,108.0,56.1,108.27,27.47,7.85,0.94,24.91,28.03,seasonal_forecast,28.7,68,13.4,1009.6,109.0,109.0,110.0,109.33333333333333,110.85714285714286,107.0,2,3,0.9897936029670716,0.14250832791617088
"Rabindra Bharati University, Kolkata - WBPCB",2027-03-25,107.0,55.67,107.6,27.28,7.84,0.94,24.9,28.04,seasonal_forecast,28.8,68,13.5,1009.5,108.0,109.0,109.0,108.66666666666667,110.14285714285714,107.0,3,3,0.992098522791769,0.12546123335273648
"Rabindra Bharati University, Kolkata - WBPCB",2027-03-26,107.0,55.23,106.93,27.1,7.84,0.94,24.89,28.05,seasonal_forecast,28.9,68,13.5,1009.4,107.0,108.0,109.0,108.0,109.42857142857143,106.0,4,3,0.9941098647022418,0.10837701279187609
"Rabindra Bharati University, Kolkata - WBPCB",2027-03-27,106.0,54.79,106.25,26.91,7.83,0.94,24.87,28.06,seasonal_forecast,29.0,68,13.6,1009.3,107.0,107.0,108.0,107.33333333333333,108.71428571428571,105.0,5,3,0.9958270335100595,0.09126072172931188
"Rabindra Bharati University, Kolkata - WBPCB",2027-03-28,105.0,54.35,105.57,26.73,7.83,0.94,24.86,28.06,seasonal_forecast,29.1,68,13.7,1009.2,106.0,107.0,107.0,106.66666666666667,108.0,104.0,6,3,0.9972495210773451,0.07411742515094437
"Rabindra Bharati University, Kolkata - WBPCB",2027-03-29,104.0,53.91,104.88,26.55,7.83,0.94,24.85,28.07,seasonal_forecast,29.2,68,13.7,1009.0,105.0,106.0,107.0,106.0,107.28571428571429,104.0,0,3,0.998376906467142,0.056952196034039754
"Rabindra Bharati University, Kolkata - WBPCB",2027-03-30,104.0,53.47,104.2,26.36,7.82,0.93,24.83,28.08,seasonal_forecast,29.2,68,13.8,1008.9,104.0,105.0,106.0,105.0,106.57142857142857,103.0,1,3,0.9992088560679753,0.03977011384605572
"Rabindra Bharati University, Kolkata - WBPCB",2027-03-31,103.0,53.02,103.51,26.18,7.82,0.93,24.82,28.09,seasonal_forecast,29.3,68,13.9,1008.8,104.0,104.0,105.0,104.33333333333333,105.85714285714286,102.0,2,3,0.9997451236925734,0.022576263041545485
"Rabindra Bharati University, Kolkata - WBPCB",2027-04-01,102.0,52.57,102.82,25.99,7.81,0.93,24.8,28.1,seasonal_forecast,29.4,68,13.9,1008.7,103.0,104.0,104.0,103.66666666666667,105.14285714285714,102.0,3,4,0.9999855506507186,0.005375731557583884
"Rabindra Bharati University, Kolkata - WBPCB",2027-04-02,102.0,52.12,102.12,25.81,7.81,0.93,24.79,28.11,seasonal_forecast,29.5,68,14.0,1008.6,102.0,103.0,104.0,103.0,104.42857142857143,101.0,4,4,0.9999300657962057,-0.011826390691832589
"Rabindra Bharati University, Kolkata - WBPCB",2027-04-03,101.0,51.66,101.43,25.63,7.81,0.93,24.78,28.11,seasonal_forecast,29.6,68,14.1,1008.5,102.0,102.0,103.0,102.33333333333333,103.71428571428571,100.0,5,4,0.9995786855478958,-0.029025013321975237
"Rabindra Bharati University, Kolkata - WBPCB",2027-04-04,100.0,51.21,100.73,25.44,7.81,0.93,24.76,28.12,seasonal_forecast,29.6,68,14.1,1008.4,101.0,102.0,102.0,101.66666666666667,103.0,99.0,6,4,0.9989315138848577,-0.046215046983708354
"Rabindra Bharati University, Kolkata - WBPCB",2027-04-05,99.0,50.75,100.03,25.26,7.8,0.92,24.75,28.13,seasonal_forecast,29.7,68,14.2,1008.2,100.0,101.0,102.0,101.0,102.28571428571429,99.0,0,4,0.9979887423155984,-0.06339140486951038
"Rabindra Bharati University, Kolkata - WBPCB",2027-04-06,99.0,50.29,99.34,25.08,7.8,0.92,24.74,28.14,seasonal_forecast,29.8,68,14.3,1008.1,99.0,100.0,101.0,100.0,101.57142857142857,98.0,1,4,0.9967506498213929,-0.08054900421874167
"Rabindra Bharati University, Kolkata - WBPCB",2027-04-07,98.0,49.83,98.64,24.89,7.8,0.92,24.73,28.14,seasonal_forecast,29.8,68,14.3,1008.0,99.0,99.0,100.0,99.33333333333333,100.85714285714286,97.0,2,4,0.9952176027737294,-0.09768276782171598
"Rabindra Bharati University, Kolkata - WBPCB",2027-04-08,97.0,49.37,97.94,24.71,7.8,0.92,24.71,28.15,seasonal_forecast,29.9,68,14.4,1007.9,98.0,99.0,99.0,98.66666666666667,100.14285714285714,97.0,3,4,0.9933900548258936,-0.11478762552212701
"Rabindra Bharati University, Kolkata - WBPCB",2027-04-09,97.0,48.91,97.24,24.53,7.8,0.92,24.7,28.15,seasonal_forecast,30.0,69,14.5,1007.8,97.0,98.0,99.0,98.0,99.42857142857143,96.0,4,4,0.9912685467787256,-0.13185851571739118
"Rabindra Bharati University, Kolkata - WBPCB",2027-04-10,96.0,48.45,96.54,24.35,7.8,0.92,24.69,28.16,seasonal_forecast,30.0,69,14.5,1007.7,97.0,97.0,98.0,97.33333333333333,98.71428571428571,95.0,5,4,0.9888537064205885,-0.1488903868564548
"Rabindra Bharati University, Kolkata - WBPCB",2027-04-11,95.0,47.98,95.84,24.17,7.8,0.91,24.68,28.17,seasonal_forecast,30.1,69,14.6,1007.6,96.0,97.0,97.0,96.66666666666667,98.0,95.0,6,4,0.986146248341595,-0.16587819893463143
"Rabindra Bharati University, Kolkata - WBPCB",2027-04-12,95.0,47.52,95.15,23.99,7.8,0.91,24.67,28.17,seasonal_forecast,30.1,69,14.7,1007.4,95.0,96.0,97.0,96.0,97.28571428571429,94.0,0,4,0.9831469737221499,-0.1828169249850199
"Rabindra Bharati University, Kolkata - WBPCB",2027-04-13,94.0,47.05,94.45,23.81,7.8,0.91,24.66,28.18,seasonal_forecast,30.2,69,14.7,1007.3,95.0,95.0,96.0,95.33333333333333,96.71428571428571,93.0,1,4,0.9798567700958665,-0.1997015525660636
"Rabindra Bharati University, Kolkata - WBPCB",2027-04-14,93.0,46.59,93.75,23.63,7.8,0.91,24.65,28.18,seasonal_forecast,30.2,69,14.8,1007.2,94.0,95.0,95.0,94.66666666666667,96.0,93.0,2,4,0.9762766110869321,-0.21652708524481437
"Rabindra Bharati University, Kolkata - WBPCB",2027-04-15,93.0,46.12,93.06,23.46,7.8,0.91,24.64,28.18,seasonal_forecast,30.3,69,14.8,1007.1,93.0,94.0,95.0,94.0,95.28571428571429,92.0,3,4,0.9724075561219968,-0.23328854407545518
"Rabindra Bharati University, Kolkata - WBPCB",2027-04-16,92.0,45.66,92.37,23.28,7.8,0.91,24.63,28.19,seasonal_forecast,30.3,69,14.9,1007.0,93.0,93.0,94.0,93.33333333333333,94.71428571428571,91.0,4,4,0.9682507501166718,-0.2499809690726521
"Rabindra Bharati University, Kolkata - WBPCB",2027-04-17,91.0,45.19,91.68,23.1,7.81,0.9,24.62,28.19,seasonal_forecast,30.4,69,15.0,1006.9,92.0,93.0,93.0,92.66666666666667,94.0,91.0,5,4,0.9638074231367307,-0.26659942067929354
"Rabindra Bharati University, Kolkata - WBPCB",2027-04-18,91.0,44.73,90.99,22.93,7.81,0.9,24.61,28.2,seasonal_forecast,30.4,70,15.0,1006.8,91.0,92.0,93.0,92.0,93.28571428571429,90.0,6,4,0.9590788900341131,-0.28313898122818354
"Rabindra Bharati University, Kolkata - WBPCB",2027-04-19,90.0,44.26,90.3,22.76,7.81,0.9,24.6,28.2,seasonal_forecast,30.4,70,15.1,1006.7,91.0,91.0,92.0,91.33333333333333,92.71428571428571,89.0,0,4,0.9540665500578387,-0.2995947563972602
"Rabindra Bharati University, Kolkata - WBPCB",2027-04-20,89.0,43.8,89.62,22.58,7.81,0.9,24.6,28.2,seasonal_forecast,30.5,70,15.1,1006.5,90.0,91.0,91.0,90.66666666666667,92.0,89.0,1,4,0.9487718864399473,-0.31596187665790293
"Rabindra Bharati University, Kolkata - WBPCB",2027-04-21,89.0,43.33,88.94,22.41,7.82,0.9,24.59,28.21,seasonal_forecast,30.5,70,15.2,1006.4,89.0,90.0,91.0,90.0,91.28571428571429,88.0,2,4,0.9431964659565866,-0.33223549871590435
"Rabindra Bharati University, Kolkata - WBPCB",2027-04-22,88.0,42.87,88.26,22.24,7.82,0.9,24.58,28.21,seasonal_forecast,30.5,70,15.2,1006.3,89.0,89.0,90.0,89.33333333333333,90.71428571428571,88.0,3,4,0.9373419384643772,-0.3484108069446808
"Rabindra Bharati University, Kolkata - WBPCB",2027-04-23,88.0,42.41,87.58,22.07,7.82,0.89,24.58,28.21,seasonal_forecast,30.5,70,15.3,1006.2,88.0,89.0,89.0,88.66666666666667,90.0,87.0,4,4,0.9312100364121947,-0.3644830148102912
"Rabindra Bharati University, Kolkata - WBPCB",2027-04-24,87.0,41.95,86.91,21.9,7.83,0.89,24.57,28.21,seasonal_forecast,30.6,71,15.3,1006.1,88.0,88.0,89.0,88.33333333333333,89.42857142857143,86.0,5,4,0.9248025743285089,-0.38044736628785164
"Rabindra Bharati University, Kolkata - WBPCB",2027-04-25,86.0,41.49,86.24,21.73,7.83,0.89,24.57,28.22,seasonal_forecast,30.6,71,15.4,1006.0,87.0,88.0,88.0,87.66666666666667,88.85714285714286,86.0,6,4,0.9181214482844365,-0.39629913726891813
"Rabindra Bharati University, Kolkata - WBPCB",2027-04-26,86.0,41.04,85.57,21.56,7.84,0.89,24.56,28.22,seasonal_forecast,30.6,71,15.4,1005.9,86.0,87.0,88.0,87.0,88.14285714285714,85.0,0,4,0.9111686353326631,-0.41203363695942635
"Rabindra Bharati University, Kolkata - WBPCB",2027-04-27,85.0,40.58,84.91,21.39,7.84,0.89,24.56,28.22,seasonal_forecast,30.6,71,15.5,1005.8,86.0,86.0,87.0,86.33333333333333,87.57142857142857,85.0,1,4,0.9039461929224011,-0.42764620926777464
"Rabindra Bharati University, Kolkata - WBPCB",2027-04-28,85.0,40.13,84.25,21.23,7.84,0.89,24.56,28.22,seasonal_forecast,30.6,71,15.5,1005.7,85.0,86.0,86.0,85.66666666666667,87.0,84.0,2,4,0.8964562582905575,-0.44313223418263453
"Rabindra Bharati University, Kolkata - WBPCB",2027-04-29,84.0,39.68,83.59,21.06,7.85,0.88,24.55,28.22,seasonal_forecast,30.7,71,15.6,1005.5,85.0,85.0,86.0,85.33333333333333,86.42857142857143,83.0,3,4,0.8887010478292915,-0.45848712914008766
"Rabindra Bharati University, Kolkata - WBPCB",2027-04-30,83.0,39.23,82.94,20.9,7.85,0.88,24.55,28.22,seasonal_forecast,30.7,72,15.6,1005.4,84.0,85.0,85.0,84.66666666666667,85.85714285714286,83.0,4,4,0.8806828564301475,-0.47370635037968
"Rabindra Bharati University, Kolkata - WBPCB",2027-05-01,83.0,38.78,82.29,20.73,7.86,0.88,24.55,28.23,seasonal_forecast,30.7,72,15.7,1005.3,83.0,84.0,85.0,84.0,85.14285714285714,82.0,5,5,0.8724040568049612,-0.48878539428899265
"Rabindra Bharati University, Kolkata - WBPCB",2027-05-02,82.0,38.33,81.65,20.57,7.86,0.88,24.55,28.23,seasonal_forecast,30.7,72,15.7,1005.2,83.0,83.0,84.0,83.33333333333333,84.57142857142857,82.0,6,5,0.8638670987837349,-0.503719798736334
"Rabindra Bharati University, Kolkata - WBPCB",2027-05-03,82.0,37.89,81.01,20.41,7.87,0.88,24.55,28.23,seasonal_forecast,30.7,72,15.8,1005.1,82.0,83.0,83.0,82.66666666666667,84.0,81.0,0,5,0.8550745085896932,-0.518505144391157
"Rabindra Bharati University, Kolkata - WBPCB",2027-05-04,81.0,37.45,80.37,20.25,7.88,0.88,24.55,28.23,seasonal_forecast,30.7,72,15.8,1005.0,82.0,82.0,83.0,82.33333333333333,83.42857142857143,81.0,1,5,0.8460288880917339,-0.533137056031809
"Rabindra Bharati University, Kolkata - WBPCB",2027-05-05,81.0,37.01,79.74,20.09,7.88,0.87,24.55,28.23,seasonal_forecast,30.7,73,15.8,1004.9,81.0,82.0,82.0,81.66666666666667,82.85714285714286,80.0,2,5,0.8367329140344921,-0.5476112038402312
"Rabindra Bharati University, Kolkata - WBPCB",2027-05-06,80.0,36.58,79.12,19.93,7.89,0.87,24.55,28.23,seasonal_forecast,30.7,73,15.9,1004.8,81.0,81.0,82.0,81.33333333333333,82.28571428571429,79.0,3,5,0.8271893372462497,-0.5619233046832195
"Rabindra Bharati University, Kolkata - WBPCB",2027-05-07,79.0,36.15,78.49,19.77,7.89,0.87,24.55,28.23,seasonal_forecast,30.7,73,15.9,1004.7,80.0,81.0,81.0,80.66666666666667,81.71428571428571,79.0,4,5,0.8174009818249189,-0.5760691233798758
"Rabindra Bharati University, Kolkata - WBPCB",2027-05-08,79.0,35.72,77.88,19.62,7.9,0.87,24.55,28.23,seasonal_forecast,30.7,73,15.9,1004.6,79.0,80.0,81.0,80.0,81.14285714285714,78.0,5,5,0.8073707443023492,-0.5900444739548627
"Rabindra Bharati University, Kolkata - WBPCB",2027-05-09,78.0,35.3,77.27,19.46,7.9,0.87,24.55,28.23,seasonal_forecast,30.7,73,15.9,1004.4,79.0,79.0,80.0,79.33333333333333,80.57142857142857,78.0,6,5,0.7971015927871943,-0.6038452208771035
"Rabindra Bharati University, Kolkata - WBPCB",2027-05-10,78.0,34.87,76.66,19.31,7.91,0.87,24.56,28.23,seasonal_forecast,30.7,74,16.0,1004.3,78.0,79.0,79.0,78.66666666666667,80.0,77.0,0,5,0.7865965660866021,-0.6174672802835514
"Rabindra Bharati University, Kolkata - WBPCB",2027-05-11,77.0,34.46,76.06,19.16,7.91,0.86,24.56,28.23,seasonal_forecast,30.7,74,16.0,1004.2,78.0,78.0,79.0,78.33333333333333,79.42857142857143,77.0,1,5,0.7758587728069828,-0.6309066211876704
"Rabindra Bharati University, Kolkata - WBPCB",2027-05-12,77.0,34.04,75.46,19.0,7.92,0.86,24.56,28.23,seasonal_forecast,30.7,74,16.0,1004.1,77.0,78.0,78.0,77.66666666666667,78.85714285714286,76.0,2,5,0.7648913904341226,-0.6441592666722685
"Rabindra Bharati University, Kolkata - WBPCB",2027-05-13,76.0,33.63,74.87,18.85,7.92,0.86,24.57,28.23,seasonal_forecast,30.7,74,16.0,1004.0,77.0,77.0,78.0,77.33333333333333,78.28571428571429,75.0,3,5,0.753697664392914,-0.6572212950663319
"Rabindra Bharati University, Kolkata - WBPCB",2027-05-14,75.0,33.22,74.28,18.7,7.93,0.86,24.57,28.23,seasonal_forecast,30.7,75,16.1,1003.9,76.0,77.0,77.0,76.66666666666667,77.71428571428571,75.0,4,5,0.742280907086982,-0.6700888411055113
"Rabindra Bharati University, Kolkata - WBPCB",2027-05-15,75.0,32.82,73.7,18.56,7.94,0.86,24.58,28.23,seasonal_forecast,30.7,75,16.1,1003.8,75.0,76.0,77.0,76.0,77.14285714285714,74.0,5,5,0.7306444969184916,-0.6827580970759147
"Rabindra Bharati University, Kolkata - WBPCB",2027-05-16,74.0,32.42,73.12,18.41,7.94,0.86,24.58,28.23,seasonal_forecast,30.6,75,16.1,1003.7,75.0,75.0,76.0,75.33333333333333,76.57142857142857,74.0,6,5,0.7187918772884232,-0.6952253139408722
"Rabindra Bharati University, Kolkata - WBPCB",2027-05-17,74.0,32.03,72.55,18.26,7.95,0.85,24.59,28.23,seasonal_forecast,30.6,75,16.1,1003.6,74.0,75.0,75.0,74.66666666666667,76.0,73.0,0,5,0.7067265555776158,-0.7074868024503348
"Rabindra Bharati University, Kolkata - WBPCB",2027-05-18,73.0,31.64,71.99,18.12,7.95,0.85,24.59,28.23,seasonal_forecast,30.6,75,16.1,1003.5,74.0,74.0,75.0,74.33333333333333,75.42857142857143,73.0,1,5,0.6944521021088763,-0.719538934232584
"Rabindra Bharati University, Kolkata - WBPCB",2027-05-19,73.0,31.25,71.43,17.97,7.96,0.85,24.6,28.24,seasonal_forecast,30.6,76,16.1,1003.4,73.0,74.0,74.0,73.66666666666667,74.85714285714286,72.0,2,5,0.6819721490904629,-0.7313781428679254
"Rabindra Bharati University, Kolkata - WBPCB",2027-05-20,72.0,30.87,70.87,17.83,7.96,0.85,24.6,28.24,seasonal_forecast,30.6,76,16.1,1003.3,73.0,73.0,74.0,73.33333333333333,74.28571428571429,72.0,3,5,0.6692903895412567,-0.7430009249440493
"Rabindra Bharati University, Kolkata - WBPCB",2027-05-21,72.0,30.49,70.33,17.69,7.96,0.85,24.61,28.24,seasonal_forecast,30.6,76,16.1,1003.1,72.0,73.0,73.0,72.66666666666667,73.71428571428571,71.0,4,5,0.6564105761979381,-0.7544038410927472
"Rabindra Bharati University, Kolkata - WBPCB",2027-05-22,71.0,30.12,69.78,17.55,7.97,0.85,24.62,28.24,seasonal_forecast,30.6,76,16.1,1003.0,72.0,72.0,73.0,72.33333333333333,73.28571428571429,71.0,5,5,0.6433365204044917,-0.765583517007675
"Rabindra Bharati University, Kolkata - WBPCB",2027-05-23,71.0,29.75,69.25,17.41,7.97,0.85,24.63,28.24,seasonal_forecast,30.5,77,16.1,1002.9,71.0,72.0,72.0,71.66666666666667,72.71428571428571,70.0,6,5,0.6300720909843687,-0.7765366444428655
"Rabindra Bharati University, Kolkata - WBPCB",2027-05-24,70.0,29.39,68.72,17.27,7.98,0.85,24.63,28.24,seasonal_forecast,30.5,77,16.1,1002.8,71.0,71.0,72.0,71.33333333333333,72.28571428571429,70.0,0,5,0.6166212130956382,-0.7872599821916922
"Rabindra Bharati University, Kolkata - WBPCB",2027-05-25,70.0,29.03,68.19,17.14,7.98,0.84,24.64,28.24,seasonal_forecast,30.5,77,16.1,1002.7,70.0,71.0,71.0,70.66666666666667,71.71428571428571,69.0,1,5,0.6029878670694714,-0.7977503570459932
"Rabindra Bharati University, Kolkata - WBPCB",2027-05-26,69.0,28.68,67.67,17.0,7.98,0.84,24.65,28.24,seasonal_forecast,30.5,77,16.1,1002.6,70.0,70.0,71.0,70.33333333333333,71.28571428571429,69.0,2,5,0.5891760872322963,-0.8080046647350754
"Rabindra Bharati University, Kolkata - WBPCB",2027-05-27,69.0,28.33,67.16,16.87,7.99,0.84,24.66,28.24,seasonal_forecast,30.5,77,16.1,1002.5,69.0,70.0,70.0,69.66666666666667,70.71428571428571,68.0,3,5,0.5751899607119775,-0.8180198708443175
"Rabindra Bharati University, Kolkata - WBPCB",2027-05-28,68.0,27.99,66.65,16.74,7.99,0.84,24.66,28.24,seasonal_forecast,30.4,78,16.1,1002.4,69.0,69.0,70.0,69.33333333333333,70.28571428571429,68.0,4,5,0.5610336262283677,-0.8277930117131022
"Rabindra Bharati University, Kolkata - WBPCB",2027-05-29,68.0,27.65,66.15,16.61,7.99,0.84,24.67,28.24,seasonal_forecast,30.4,78,16.1,1002.3,68.0,69.0,69.0,68.66666666666667,69.71428571428571,67.0,5,5,0.5467112728685939,-0.8373211953118121
"Rabindra Bharati University, Kolkata - WBPCB",2027-05-30,67.0,27.32,65.66,16.48,7.99,0.84,24.68,28.24,seasonal_forecast,30.4,78,16.1,1002.2,68.0,68.0,69.0,68.33333333333333,69.28571428571429,67.0,6,5,0.5322271388474397,-0.8466016020976267
"Rabindra Bharati University, Kolkata - WBPCB",2027-05-31,67.0,26.99,65.17,16.35,7.99,0.84,24.69,28.24,seasonal_forecast,30.4,78,16.1,1002.1,67.0,68.0,68.0,67.66666666666667,68.71428571428571,66.0,0,5,0.5175855102531889,-0.8556314858488706
"Rabindra Bharati University, Kolkata - WBPCB",2027-06-01,66.0,26.67,64.69,16.23,8.0,0.84,24.7,28.24,seasonal_forecast,30.3,79,16.1,1002.0,67.0,67.0,68.0,67.33333333333333,68.28571428571429,66.0,1,6,0.5027907197793043,-0.8644081744776648
"Rabindra Bharati University, Kolkata - WBPCB",2027-06-02,66.0,26.36,64.22,16.11,8.0,0.83,24.7,28.24,seasonal_forecast,30.3,79,16.1,1001.9,66.0,67.0,67.0,66.66666666666667,67.71428571428571,65.0,2,6,0.4878471454423119,-0.8729290708206411
"Rabindra Bharati University, Kolkata - WBPCB",2027-06-03,65.0,26.05,63.75,15.98,8.0,0.83,24.71,28.24,seasonal_forecast,30.3,79,16.1,1001.8,66.0,66.0,67.0,66.33333333333333,67.28571428571429,65.0,3,6,0.47275920928627757,-0.881191653407483
"Rabindra Bharati University, Kolkata - WBPCB",2027-06-04,65.0,25.74,63.29,15.86,8.0,0.83,24.72,28.24,seasonal_forecast,30.2,79,16.0,1001.7,65.0,66.0,66.0,65.66666666666667,66.71428571428571,64.0,4,6,0.4575313760742512,-0.8891934772070711
"Rabindra Bharati University, Kolkata - WBPCB",2027-06-05,64.0,25.45,62.83,15.74,8.0,0.83,24.73,28.24,seasonal_forecast,30.2,79,16.0,1001.7,65.0,65.0,66.0,65.33333333333333,66.28571428571429,64.0,5,6,0.44216815196707204,-0.8969321743510065
"Rabindra Bharati University, Kolkata - WBPCB",2027-06-06,64.0,25.16,62.38,15.63,8.0,0.83,24.74,28.24,seasonal_forecast,30.2,80,16.0,1001.6,64.0,65.0,65.0,64.66666666666667,65.71428571428571,63.0,6,6,0.42667408318992467,-0.9044054548343001
"Rabindra Bharati University, Kolkata - WBPCB",2027-06-07,63.0,24.87,61.94,15.51,8.0,0.83,24.74,28.24,seasonal_forecast,30.2,80,16.0,1001.5,64.0,64.0,65.0,64.33333333333333,65.28571428571429,63.0,0,6,0.4110537546870351,-0.9116111071930239
"Rabindra Bharati University, Kolkata - WBPCB",2027-06-08,63.0,24.59,61.51,15.4,8.0,0.83,24.75,28.24,seasonal_forecast,30.1,80,16.0,1001.4,63.0,64.0,64.0,63.666666666666664,64.71428571428571,62.0,1,6,0.3953117887649151,-0.9185469991587165
"Rabindra Bharati University, Kolkata - WBPCB",2027-06-09,62.0,24.32,61.08,15.29,7.99,0.83,24.76,28.24,seasonal_forecast,30.1,80,15.9,1001.3,63.0,63.0,64.0,63.333333333333336,64.28571428571429,62.0,2,6,0.37945284372454435,-0.925211078289358
"Rabindra Bharati University, Kolkata - WBPCB",2027-06-10,62.0,24.05,60.66,15.18,7.99,0.83,24.77,28.24,seasonal_forecast,30.1,80,15.9,1001.2,62.0,63.0,63.0,62.666666666666664,63.714285714285715,62.0,3,6,0.36348161248290634,-0.9316013725767187
"Rabindra Bharati University, Kolkata - WBPCB",2027-06-11,62.0,23.79,60.25,15.07,7.99,0.83,24.77,28.25,seasonal_forecast,30.0,81,15.9,1001.1,62.0,62.0,63.0,62.333333333333336,63.285714285714285,61.0,4,6,0.3474028211842774,-0.9377159910299093
"Rabindra Bharati University, Kolkata - WBPCB",2027-06-12,61.0,23.53,59.85,14.97,7.99,0.83,24.78,28.25,seasonal_forecast,30.0,81,15.9,1001.1,62.0,62.0,62.0,62.0,62.857142857142854,61.0,5,6,0.3312212278016865,-0.9435531242349544
"Rabindra Bharati University, Kolkata - WBPCB",2027-06-13,61.0,23.29,59.45,14.86,7.99,0.82,24.79,28.25,seasonal_forecast,29.9,81,15.8,1001.0,61.0,62.0,62.0,61.666666666666664,62.42857142857143,60.0,6,6,0.31494162072895193,-0.9491110448902284
"Rabindra Bharati University, Kolkata - WBPCB",2027-06-14,60.0,23.05,59.06,14.76,7.98,0.82,24.79,28.25,seasonal_forecast,29.9,81,15.8,1000.9,61.0,61.0,62.0,61.333333333333336,62.0,60.0,0,6,0.2985688173637202,-0.9543881083175908
"Rabindra Bharati University, Kolkata - WBPCB",2027-06-15,60.0,22.81,58.68,14.67,7.98,0.82,24.8,28.25,seasonal_forecast,29.9,81,15.8,1000.8,60.0,61.0,61.0,60.666666666666664,61.57142857142857,60.0,1,6,0.2821076626819194,-0.9593827529490743
"Rabindra Bharati University, Kolkata - WBPCB",2027-06-16,60.0,22.58,58.3,14.57,7.98,0.82,24.81,28.25,seasonal_forecast,29.8,82,15.7,1000.8,60.0,60.0,61.0,60.333333333333336,61.142857142857146,59.0,2,6,0.26556302780405594,-0.9640935007889755
"Rabindra Bharati University, Kolkata - WBPCB",2027-06-17,59.0,22.36,57.94,14.48,7.97,0.82,24.81,28.25,seasonal_forecast,29.8,82,15.7,1000.7,60.0,60.0,60.0,60.0,60.857142857142854,59.0,3,6,0.24893980855376657,-0.9685189578512204
"Rabindra Bharati University, Kolkata - WBPCB",2027-06-18,59.0,22.15,57.58,14.38,7.97,0.82,24.82,28.25,seasonal_forecast,29.8,82,15.7,1000.6,59.0,60.0,60.0,59.666666666666664,60.42857142857143,58.0,4,6,0.23224292400907015,-0.9726578145718654
"Rabindra Bharati University, Kolkata - WBPCB",2027-06-19,58.0,21.94,57.23,14.3,7.96,0.82,24.82,28.24,seasonal_forecast,29.7,82,15.6,1000.5,59.0,59.0,60.0,59.333333333333336,60.0,58.0,5,6,0.21547731504673012,-0.976508846196619
"Rabindra Bharati University, Kolkata - WBPCB",2027-06-20,58.0,21.74,56.89,14.21,7.96,0.82,24.83,28.24,seasonal_forecast,29.7,82,15.6,1000.5,58.0,59.0,59.0,58.666666666666664,59.57142857142857,58.0,6,6,0.19864794288017112,-0.9800709131432666
"Rabindra Bharati University, Kolkata - WBPCB",2027-06-21,58.0,21.54,56.55,14.12,7.95,0.82,24.83,28.24,seasonal_forecast,29.6,82,15.6,1000.4,58.0,58.0,59.0,58.333333333333336,59.142857142857146,57.0,0,6,0.18175978759137534,-0.9833429613388902
"Rabindra Bharati University, Kolkata - WBPCB",2027-06-22,57.0,21.35,56.23,14.04,7.95,0.82,24.84,28.24,seasonal_forecast,29.6,83,15.5,1000.4,58.0,58.0,58.0,58.0,58.857142857142854,57.0,1,6,0.16481784665719793,-0.9863240225317866
"Rabindra Bharati University, Kolkata - WBPCB",2027-06-23,57.0,21.17,55.91,13.96,7.94,0.82,24.84,28.24,seasonal_forecast,29.6,83,15.5,1000.3,57.0,58.0,58.0,57.666666666666664,58.42857142857143,57.0,2,6,0.14782713347053048,-0.9890132145779883
"Rabindra Bharati University, Kolkata - WBPCB",2027-06-24,57.0,21.0,55.61,13.89,7.94,0.82,24.84,28.24,seasonal_forecast,29.5,83,15.5,1000.2,57.0,57.0,58.0,57.333333333333336,58.0,56.0,3,6,0.13079267585675922,-0.9914097417023038
"Rabindra Bharati University, Kolkata - WBPCB",2027-06-25,56.0,20.83,55.31,13.82,7.93,0.82,24.85,28.24,seasonal_forecast,29.5,83,15.4,1000.2,57.0,57.0,57.0,57.0,57.714285714285715,56.0,4,6,0.11371951458594969,-0.9935128947338007
"Rabindra Bharati University, Kolkata - WBPCB",2027-06-26,56.0,20.67,55.02,13.75,7.92,0.82,24.85,28.24,seasonal_forecast,29.4,83,15.4,1000.1,56.0,57.0,57.0,56.666666666666664,57.285714285714285,56.0,5,6,0.0966127018812031,-0.9953220513156602
"Rabindra Bharati University, Kolkata - WBPCB",2027-06-27,56.0,20.52,54.74,13.68,7.92,0.82,24.85,28.24,seasonal_forecast,29.4,83,15.4,1000.1,56.0,56.0,57.0,56.333333333333336,57.0,55.0,6,6,0.07947729992362097,-0.9968366760893436
"Rabindra Bharati University, Kolkata - WBPCB",2027-06-28,55.0,20.37,54.47,13.61,7.91,0.82,24.85,28.23,seasonal_forecast,29.4,83,15.3,1000.0,56.0,56.0,56.0,56.0,56.714285714285715,55.0,0,6,0.062318379354325076,-0.998056320853012
"Rabindra Bharati University, Kolkata - WBPCB",2027-06-29,55.0,20.23,54.21,13.55,7.9,0.82,24.85,28.23,seasonal_forecast,29.3,84,15.3,1000.0,55.0,56.0,56.0,55.666666666666664,56.285714285714285,55.0,1,6,0.04514101777397193,-0.9989806246941579
"Rabindra Bharati University, Kolkata - WBPCB",2027-06-30,55.0,20.1,53.96,13.49,7.9,0.82,24.86,28.23,seasonal_forecast,29.3,84,15.3,1000.0,55.0,55.0,56.0,55.333333333333336,56.0,55.0,2,6,0.02795029824021032,-0.999609314096404
"Rabindra Bharati University, Kolkata - WBPCB",2027-07-01,55.0,19.98,53.72,13.44,7.89,0.82,24.86,28.23,seasonal_forecast,29.2,84,15.2,999.9,55.0,55.0,55.0,55.0,55.714285714285715,54.0,3,7,0.01075130776352193,-0.9999422030204416
"Rabindra Bharati University, Kolkata - WBPCB",2027-07-02,54.0,19.86,53.49,13.38,7.88,0.82,24.86,28.22,seasonal_forecast,29.2,84,15.2,999.9,55.0,55.0,55.0,55.0,55.42857142857143,54.0,4,7,-0.00645086419810515,-0.9999791929590823
"Rabindra Bharati University, Kolkata - WBPCB",2027-07-03,54.0,19.75,53.27,13.34,7.88,0.82,24.86,28.22,seasonal_forecast,29.1,84,15.2,999.9,54.0,55.0,55.0,54.666666666666664,55.142857142857146,54.0,5,7,-0.023651127245231586,-0.9997202729664083
"Rabindra Bharati University, Kolkata - WBPCB",2027-07-04,54.0,19.65,53.06,13.29,7.87,0.82,24.86,28.22,seasonal_forecast,29.1,84,15.1,999.8,54.0,54.0,55.0,54.333333333333336,54.857142857142854,54.0,6,7,-0.04084439154329611,-0.9991655196610109
"Rabindra Bharati University, Kolkata - WBPCB",2027-07-05,54.0,19.55,52.86,13.25,7.86,0.82,24.86,28.21,seasonal_forecast,29.1,84,15.1,999.8,54.0,54.0,54.0,54.0,54.57142857142857,54.0,0,7,-0.05802556932878035,-0.9983150972033183
"Rabindra Bharati University, Kolkata - WBPCB",2027-07-06,54.0,19.47,52.67,13.21,7.85,0.82,24.86,28.21,seasonal_forecast,29.0,85,15.1,999.8,54.0,54.0,54.0,54.0,54.42857142857143,53.0,1,7,-0.07518957641475855,-0.9971692572470178
"Rabindra Bharati University, Kolkata - WBPCB",2027-07-07,53.0,19.39,52.49,13.17,7.85,0.82,24.85,28.2,seasonal_forecast,29.0,85,15.0,999.8,54.0,54.0,54.0,54.0,54.285714285714285,53.0,2,7,-0.09233133369539122,-0.9957283388645872
"Rabindra Bharati University, Kolkata - WBPCB",2027-07-08,53.0,19.31,52.32,13.14,7.84,0.82,24.85,28.2,seasonal_forecast,28.9,85,15.0,999.7,53.0,54.0,54.0,53.666666666666664,54.0,53.0,3,7,-0.10944576864891556,-0.993992768446958
"Rabindra Bharati University, Kolkata - WBPCB",2027-07-09,53.0,19.25,52.17,13.11,7.83,0.82,24.85,28.19,seasonal_forecast,28.9,85,15.0,999.7,53.0,53.0,54.0,53.333333333333336,53.714285714285715,53.0,4,7,-0.12652781683868314,-0.9919630595773397
"Rabindra Bharati University, Kolkata - WBPCB",2027-07-10,53.0,19.19,52.02,13.08,7.82,0.82,24.85,28.19,seasonal_forecast,28.8,85,14.9,999.7,53.0,53.0,53.0,53.0,53.57142857142857,53.0,5,7,-0.1435724234118113,-0.9896398128792412
"Rabindra Bharati University, Kolkata - WBPCB",2027-07-11,53.0,19.14,51.89,13.06,7.82,0.82,24.85,28.18,seasonal_forecast,28.8,85,14.9,999.7,53.0,53.0,53.0,53.0,53.42857142857143,53.0,6,7,-0.16057454459499376,-0.9870237158387383
"Rabindra Bharati University, Kolkata - WBPCB",2027-07-12,53.0,19.1,51.77,13.04,7.81,0.82,24.84,28.18,seasonal_forecast,28.8,85,14.9,999.7,53.0,53.0,53.0,53.0,53.285714285714285,53.0,0,7,-0.17752914918703497,-0.984115542601034
"Rabindra Bharati University, Kolkata - WBPCB",2027-07-13,53.0,19.06,51.66,13.02,7.8,0.82,24.84,28.17,seasonal_forecast,28.7,85,14.8,999.7,53.0,53.0,53.0,53.0,53.142857142857146,52.0,1,7,-0.19443122004766195,-0.9809161537413774
"Rabindra Bharati University, Kolkata - WBPCB",2027-07-14,52.0,19.04,51.56,13.01,7.8,0.82,24.84,28.16,seasonal_forecast,28.7,85,14.8,999.7,53.0,53.0,53.0,53.0,53.0,52.0,2,7,-0.2112757555821793,-0.9774264960104055
"Rabindra Bharati University, Kolkata - WBPCB",2027-07-15,52.0,19.02,51.48,13.0,7.79,0.82,24.83,28.16,seasonal_forecast,28.6,86,14.8,999.7,52.0,53.0,53.0,52.666666666666664,52.857142857142854,52.0,3,7,-0.2280577712215198,-0.9736476020539838
"Rabindra Bharati University, Kolkata - WBPCB",2027-07-16,52.0,19.0,51.41,13.0,7.78,0.82,24.83,28.15,seasonal_forecast,28.6,86,14.7,999.7,52.0,52.0,53.0,52.333333333333336,52.714285714285715,52.0,4,7,-0.24477230089725957,-0.9695805901076308
"Rabindra Bharati University, Kolkata - WBPCB",2027-07-17,52.0,19.0,51.34,13.0,7.77,0.82,24.82,28.14,seasonal_forecast,28.6,86,14.7,999.7,52.0,52.0,52.0,52.0,52.57142857142857,52.0,5,7,-0.2614143985111562,-0.965226663665613
"Rabindra Bharati University, Kolkata - WBPCB",2027-07-18,52.0,19.0,51.3,13.0,7.77,0.82,24.82,28.14,seasonal_forecast,28.5,86,14.7,999.7,52.0,52.0,52.0,52.0,52.42857142857143,52.0,6,7,-0.2779791393987801,-0.9605871111248129
"Rabindra Bharati University, Kolkata - WBPCB",2027-07-19,52.0,19.01,51.26,13.0,7.76,0.82,24.82,28.13,seasonal_forecast,28.5,86,14.7,999.8,52.0,52.0,52.0,52.0,52.285714285714285,52.0,0,7,-0.2944616217868012,-0.9556633054034704
"Rabindra Bharati University, Kolkata - WBPCB",2027-07-20,52.0,19.03,51.24,13.01,7.76,0.82,24.81,28.12,seasonal_forecast,28.4,86,14.6,999.8,52.0,52.0,52.0,52.0,52.142857142857146,52.0,1,7,-0.3108569682435036,-0.9504567035349151
"Rabindra Bharati University, Kolkata - WBPCB",2027-07-21,52.0,19.05,51.23,13.03,7.75,0.82,24.81,28.11,seasonal_forecast,28.4,86,14.6,999.8,52.0,52.0,52.0,52.0,52.0,52.0,2,7,-0.3271603271220951,-0.9449688462364056
"Rabindra Bharati University, Kolkata - WBPCB",2027-07-22,52.0,19.09,51.23,13.04,7.74,0.82,24.8,28.1,seasonal_forecast,28.4,86,14.6,999.8,52.0,52.0,52.0,52.0,52.0,52.0,3,7,-0.34336687399638804,-0.939201357453208
"Rabindra Bharati University, Kolkata - WBPCB",2027-07-23,52.0,19.13,51.25,13.06,7.74,0.82,24.8,28.09,seasonal_forecast,28.3,86,14.6,999.8,52.0,52.0,52.0,52.0,52.0,52.0,4,7,-0.3594718130884232,-0.9331559438780432
"Rabindra Bharati University, Kolkata - WBPCB",2027-07-24,52.0,19.18,51.27,13.09,7.73,0.82,24.79,28.08,seasonal_forecast,28.3,86,14.6,999.9,52.0,52.0,52.0,52.0,52.0,52.0,5,7,-0.3754703786876202,-0.9268343944460494
"Rabindra Bharati University, Kolkata - WBPCB",2027-07-25,52.0,19.23,51.32,13.12,7.73,0.82,24.79,28.08,seasonal_forecast,28.3,87,14.5,999.9,52.0,52.0,52.0,52.0,52.0,53.0,6,7,-0.3913578365610259,-0.9202385798054075
"Rabindra Bharati University, Kolkata - WBPCB",2027-07-26,53.0,19.29,51.37,13.15,7.72,0.82,24.78,28.07,seasonal_forecast,28.2,87,14.5,999.9,52.0,52.0,52.0,52.0,52.0,53.0,0,7,-0.4071294853542516,-0.9133704517637858
"Rabindra Bharati University, Kolkata - WBPCB",2027-07-27,53.0,19.37,51.44,13.18,7.72,0.82,24.78,28.06,seasonal_forecast,28.2,87,14.5,1000.0,53.0,52.0,52.0,52.333333333333336,52.142857142857146,53.0,1,7,-0.4227806579826773,-0.9062320427107697
"Rabindra Bharati University, Kolkata - WBPCB",2027-07-28,53.0,19.44,51.52,13.22,7.72,0.82,24.77,28.05,seasonal_forecast,28.2,87,14.5,1000.0,53.0,53.0,52.0,52.666666666666664,52.285714285714285,53.0,2,7,-0.4383067230125192,-0.898825465016444
"Rabindra Bharati University, Kolkata - WBPCB",2027-07-29,53.0,19.53,51.62,13.26,7.71,0.82,24.76,28.03,seasonal_forecast,28.2,87,14.5,1000.1,53.0,53.0,53.0,53.0,52.42857142857143,53.0,3,7,-0.45370308603134424,-0.8911529104063088
"Rabindra Bharati University, Kolkata - WBPCB",2027-07-30,53.0,19.62,51.73,13.31,7.71,0.82,24.76,28.02,seasonal_forecast,28.1,87,14.4,1000.1,53.0,53.0,53.0,53.0,52.57142857142857,53.0,4,7,-0.46896519100763184,-0.8832166493127127
"Rabindra Bharati University, Kolkata - WBPCB",2027-07-31,53.0,19.72,51.85,13.36,7.71,0.82,24.75,28.01,seasonal_forecast,28.1,87,14.4,1000.2,53.0,53.0,53.0,53.0,52.714285714285715,53.0,5,7,-0.48408852163897587,-0.8750190302029955
"Rabindra Bharati University, Kolkata - WBPCB",2027-08-01,53.0,19.83,51.99,13.41,7.71,0.83,24.75,28.0,seasonal_forecast,28.1,87,14.4,1000.2,53.0,53.0,53.0,53.0,52.857142857142854,54.0,6,8,-0.4990686026885319,-0.8665624788845385
"Rabindra Bharati University, Kolkata - WBPCB",2027-08-02,54.0,19.95,52.14,13.47,7.7,0.83,24.74,27.99,seasonal_forecast,28.1,87,14.4,1000.3,53.0,53.0,53.0,53.0,53.0,54.0,0,8,-0.5139010013093103,-0.8578494977869301
"Rabindra Bharati University, Kolkata - WBPCB",2027-08-03,54.0,20.07,52.31,13.53,7.7,0.83,24.74,27.98,seasonal_forecast,28.0,87,14.4,1000.3,54.0,53.0,53.0,53.333333333333336,53.142857142857146,54.0,1,8,-0.5285813283559292,-0.8488826652214553
"Rabindra Bharati University, Kolkata - WBPCB",2027-08-04,54.0,20.2,52.49,13.59,7.7,0.83,24.73,27.97,seasonal_forecast,28.0,87,14.4,1000.4,54.0,54.0,53.0,53.666666666666664,53.285714285714285,54.0,2,8,-0.5431052396834317,-0.8396646346181327
"Rabindra Bharati University, Kolkata - WBPCB",2027-08-05,54.0,20.34,52.68,13.66,7.7,0.83,24.73,27.96,seasonal_forecast,28.0,87,14.4,1000.5,54.0,54.0,54.0,54.0,53.42857142857143,55.0,3,8,-0.5574684374327892,-0.8301981337405212
"Rabindra Bharati University, Kolkata - WBPCB",2027-08-06,55.0,20.49,52.89,13.73,7.7,0.83,24.73,27.94,seasonal_forecast,28.0,87,14.3,1000.5,54.0,54.0,54.0,54.0,53.57142857142857,55.0,4,8,-0.5716666713027052,-0.8204859638785327
"Rabindra Bharati University, Kolkata - WBPCB",2027-08-07,55.0,20.64,53.11,13.8,7.7,0.83,24.72,27.93,seasonal_forecast,28.0,88,14.3,1000.6,55.0,54.0,54.0,54.333333333333336,53.857142857142854,55.0,5,8,-0.5856957398073508,-0.8105309990194823
"Rabindra Bharati University, Kolkata - WBPCB",2027-08-08,55.0,20.8,53.34,13.88,7.7,0.83,24.72,27.92,seasonal_forecast,28.0,88,14.3,1000.7,55.0,55.0,54.0,54.666666666666664,54.142857142857146,55.0,6,8,-0.5995514915196489,-0.8003361849976323
"Rabindra Bharati University, Kolkata - WBPCB",2027-08-09,55.0,20.97,53.59,13.96,7.7,0.83,24.71,27.91,seasonal_forecast,27.9,88,14.3,1000.7,55.0,55.0,55.0,55.0,54.42857142857143,56.0,0,8,-0.6132298262997502,-0.7899045386224707
"Rabindra Bharati University, Kolkata - WBPCB",2027-08-10,56.0,21.15,53.85,14.04,7.7,0.83,24.71,27.9,seasonal_forecast,27.9,88,14.3,1000.8,55.0,55.0,55.0,55.0,54.57142857142857,56.0,1,8,-0.6267266965083301,-0.7792391467859886
"Rabindra Bharati University, Kolkata - WBPCB",2027-08-11,56.0,21.33,54.13,14.13,7.71,0.83,24.71,27.89,seasonal_forecast,27.9,88,14.3,1000.9,56.0,55.0,55.0,55.333333333333336,54.857142857142854,56.0,2,8,-0.6400381082043503,-0.7683431655492202
"Rabindra Bharati University, Kolkata - WBPCB",2027-08-12,56.0,21.52,54.42,14.22,7.71,0.83,24.7,27.87,seasonal_forecast,27.9,88,14.3,1001.0,56.0,56.0,55.0,55.666666666666664,55.142857142857146,57.0,3,8,-0.65316012232693,-0.7572198192083127
"Rabindra Bharati University, Kolkata - WBPCB",2027-08-13,57.0,21.72,54.72,14.31,7.71,0.83,24.7,27.86,seasonal_forecast,27.9,88,14.3,1001.1,56.0,56.0,56.0,56.0,55.42857142857143,57.0,4,8,-0.666088855860977,-0.7458723993404063
"Rabindra Bharati University, Kolkata - WBPCB",2027-08-14,57.0,21.92,55.04,14.41,7.71,0.83,24.7,27.85,seasonal_forecast,27.9,88,14.2,1001.1,57.0,56.0,56.0,56.333333333333336,55.714285714285715,57.0,5,8,-0.6788204829862355,-0.734304263829602
"Rabindra Bharati University, Kolkata - WBPCB",2027-08-15,57.0,22.13,55.37,14.51,7.72,0.83,24.69,27.84,seasonal_forecast,27.9,88,14.2,1001.2,57.0,57.0,56.0,56.666666666666664,56.0,58.0,6,8,-0.6913512362094071,-0.722518835873311
"Rabindra Bharati University, Kolkata - WBPCB",2027-08-16,58.0,22.35,55.71,14.61,7.72,0.84,24.69,27.83,seasonal_forecast,27.9,88,14.2,1001.3,57.0,57.0,57.0,57.0,56.285714285714285,58.0,0,8,-0.7036774074790128,-0.7105196029692745
"Rabindra Bharati University, Kolkata - WBPCB",2027-08-17,58.0,22.58,56.07,14.71,7.73,0.84,24.69,27.82,seasonal_forecast,27.9,88,14.2,1001.4,58.0,57.0,57.0,57.333333333333336,56.714285714285715,59.0,1,8,-0.7157953492826642,-0.6983101158835584
"Rabindra Bharati University, Kolkata - WBPCB",2027-08-18,59.0,22.81,56.44,14.82,7.73,0.84,24.69,27.8,seasonal_forecast,27.9,88,14.2,1001.5,58.0,58.0,57.0,57.666666666666664,57.0,59.0,2,8,-0.7277014757264236,-0.6858939875998223
"Rabindra Bharati University, Kolkata - WBPCB",2027-08-19,59.0,23.05,56.82,14.93,7.74,0.84,24.69,27.79,seasonal_forecast,27.9,88,14.2,1001.6,59.0,58.0,58.0,58.333333333333336,57.42857142857143,59.0,3,8,-0.7393922635959241,-0.673274892250183
"Rabindra Bharati University, Kolkata - WBPCB",2027-08-20,59.0,23.29,57.22,15.04,7.74,0.84,24.69,27.78,seasonal_forecast,27.9,88,14.2,1001.7,59.0,59.0,58.0,58.666666666666664,57.857142857142854,60.0,4,8,-0.7508642533989489,-0.6604565640279754
"Rabindra Bharati University, Kolkata - WBPCB",2027-08-21,60.0,23.55,57.62,15.16,7.75,0.84,24.69,27.77,seasonal_forecast,27.9,88,14.2,1001.8,59.0,59.0,59.0,59.0,58.142857142857146,60.0,5,8,-0.7621140503891487,-0.6474427960827475
"Rabindra Bharati University, Kolkata - WBPCB",2027-08-22,60.0,23.8,58.05,15.28,7.75,0.84,24.69,27.76,seasonal_forecast,27.9,88,14.1,1001.9,60.0,59.0,59.0,59.333333333333336,58.57142857142857,61.0,6,8,-0.7731383255706026,-0.6342374393978054
"Rabindra Bharati University, Kolkata - WBPCB",2027-08-23,61.0,24.07,58.48,15.4,7.76,0.84,24.69,27.75,seasonal_forecast,27.9,88,14.1,1002.0,60.0,60.0,59.0,59.666666666666664,59.0,61.0,0,8,-0.7839338166829201,-0.620844401650647
"Rabindra Bharati University, Kolkata - WBPCB",2027-08-24,61.0,24.34,58.93,15.52,7.77,0.84,24.69,27.74,seasonal_forecast,27.9,88,14.1,1002.1,61.0,60.0,60.0,60.333333333333336,59.42857142857143,62.0,1,8,-0.7944973291665992,-0.6072676460566135
"Rabindra Bharati University, Kolkata - WBPCB",2027-08-25,62.0,24.62,59.38,15.65,7.78,0.84,24.69,27.73,seasonal_forecast,27.9,88,14.1,1002.2,61.0,61.0,60.0,60.666666666666664,59.857142857142854,62.0,2,8,-0.8048257371083452,-0.593511190196115
"Rabindra Bharati University, Kolkata - WBPCB",2027-08-26,62.0,24.91,59.85,15.77,7.78,0.84,24.69,27.72,seasonal_forecast,28.0,88,14.1,1002.3,62.0,61.0,61.0,61.333333333333336,60.285714285714285,63.0,3,8,-0.8149159841660791,-0.5795791048257612
"Rabindra Bharati University, Kolkata - WBPCB",2027-08-27,63.0,25.2,60.34,15.9,7.79,0.84,24.69,27.71,seasonal_forecast,28.0,88,14.1,1002.4,62.0,62.0,61.0,61.666666666666664,60.714285714285715,63.0,4,8,-0.8247650844733614,-0.5654755126737576
"Rabindra Bharati University, Kolkata - WBPCB",2027-08-28,63.0,25.5,60.83,16.04,7.8,0.85,24.7,27.7,seasonal_forecast,28.0,88,14.0,1002.5,63.0,62.0,62.0,62.333333333333336,61.285714285714285,64.0,5,8,-0.8343701235229537,-0.5512045872199277
"Rabindra Bharati University, Kolkata - WBPCB",2027-08-29,64.0,25.8,61.33,16.17,7.81,0.85,24.7,27.7,seasonal_forecast,28.0,88,14.0,1002.6,63.0,63.0,62.0,62.666666666666664,61.714285714285715,64.0,6,8,-0.8437282590292712,-0.5367705514607103
"Rabindra Bharati University, Kolkata - WBPCB",2027-08-30,64.0,26.11,61.85,16.31,7.82,0.85,24.7,27.69,seasonal_forecast,28.0,88,14.0,1002.7,64.0,63.0,63.0,63.333333333333336,62.285714285714285,65.0,0,8,-0.8528367217694595,-0.522177676659508
"Rabindra Bharati University, Kolkata - WBPCB",2027-08-31,65.0,26.43,62.38,16.44,7.83,0.85,24.71,27.68,seasonal_forecast,28.0,88,14.0,1002.8,64.0,64.0,63.0,63.666666666666664,62.714285714285715,65.0,1,8,-0.8616928164028521,-0.5074302810827518
"Rabindra Bharati University, Kolkata - WBPCB",2027-09-01,65.0,26.75,62.91,16.58,7.84,0.85,24.71,27.67,seasonal_forecast,28.1,88,14.0,1002.9,65.0,64.0,64.0,64.33333333333333,63.285714285714285,66.0,2,9,-0.8702939222685674,-0.49253272872205434
"Rabindra Bharati University, Kolkata - WBPCB",2027-09-02,66.0,27.08,63.46,16.73,7.85,0.85,24.71,27.67,seasonal_forecast,28.1,88,13.9,1003.1,65.0,65.0,64.0,64.66666666666667,63.714285714285715,66.0,3,9,-0.8786374941610001,-0.4774894280028391
"Rabindra Bharati University, Kolkata - WBPCB",2027-09-03,66.0,27.41,64.02,16.87,7.86,0.85,24.72,27.66,seasonal_forecast,28.1,88,13.9,1003.2,66.0,65.0,65.0,65.33333333333333,64.28571428571429,67.0,4,9,-0.886721063082993,-0.46230483047981086
"Rabindra Bharati University, Kolkata - WBPCB",2027-09-04,67.0,27.75,64.58,17.01,7.87,0.85,24.72,27.65,seasonal_forecast,28.1,88,13.9,1003.3,66.0,66.0,65.0,65.66666666666667,64.71428571428571,67.0,5,9,-0.8945422369764496,-0.4469834295196741
"Rabindra Bharati University, Kolkata - WBPCB",2027-09-05,67.0,28.1,65.16,17.16,7.88,0.85,24.73,27.65,seasonal_forecast,28.1,88,13.9,1003.4,67.0,66.0,66.0,66.33333333333333,65.28571428571429,68.0,6,9,-0.9020987014301837,-0.43152975897147144
"Rabindra Bharati University, Kolkata - WBPCB",2027-09-06,68.0,28.45,65.75,17.31,7.89,0.85,24.73,27.64,seasonal_forecast,28.1,88,13.8,1003.5,67.0,67.0,66.0,66.66666666666667,65.71428571428571,68.0,0,9,-0.9093882203647925,-0.4159483918249421
"Rabindra Bharati University, Kolkata - WBPCB",2027-09-07,68.0,28.8,66.34,17.46,7.9,0.86,24.74,27.64,seasonal_forecast,28.2,88,13.8,1003.6,68.0,67.0,67.0,67.33333333333333,66.28571428571429,69.0,1,9,-0.9164086366943458,-0.4002439388573056
"Rabindra Bharati University, Kolkata - WBPCB",2027-09-08,69.0,29.16,66.95,17.61,7.91,0.86,24.74,27.64,seasonal_forecast,28.2,88,13.8,1003.8,68.0,68.0,67.0,67.66666666666667,66.71428571428571,69.0,2,9,-0.9231578729647039,-0.38442104726885545
"Rabindra Bharati University, Kolkata - WBPCB",2027-09-09,69.0,29.53,67.56,17.76,7.92,0.86,24.75,27.63,seasonal_forecast,28.2,88,13.7,1003.9,69.0,68.0,68.0,68.33333333333333,67.28571428571429,70.0,3,9,-0.9296339319682695,-0.3684843993077793
"Rabindra Bharati University, Kolkata - WBPCB",2027-09-10,70.0,29.9,68.18,17.92,7.93,0.86,24.76,27.63,seasonal_forecast,28.2,87,13.7,1004.0,69.0,69.0,68.0,68.66666666666667,67.71428571428571,71.0,4,9,-0.9358348973349941,-0.35243871088460327
"Rabindra Bharati University, Kolkata - WBPCB",2027-09-11,71.0,30.27,68.81,18.07,7.94,0.86,24.76,27.63,seasonal_forecast,28.2,87,13.7,1004.1,70.0,69.0,69.0,69.33333333333333,68.28571428571429,71.0,5,9,-0.9417589340994617,-0.33628873017668287
"Rabindra Bharati University, Kolkata - WBPCB",2027-09-12,71.0,30.65,69.44,18.23,7.95,0.86,24.77,27.63,seasonal_forecast,28.3,87,13.6,1004.2,71.0,70.0,69.0,70.0,68.85714285714286,72.0,6,9,-0.9474042892438845,-0.32003923622313857
"Rabindra Bharati University, Kolkata - WBPCB",2027-09-13,72.0,31.04,70.09,18.38,7.96,0.86,24.78,27.63,seasonal_forecast,28.3,87,13.6,1004.4,71.0,71.0,70.0,70.66666666666667,69.42857142857143,72.0,0,9,-0.9527692922168511,-0.30369503751065885
"Rabindra Bharati University, Kolkata - WBPCB",2027-09-14,72.0,31.43,70.74,18.54,7.97,0.86,24.79,27.63,seasonal_forecast,28.3,87,13.5,1004.5,72.0,71.0,71.0,71.33333333333333,70.0,73.0,1,9,-0.9578523554276669,-0.28726097055059635
"Rabindra Bharati University, Kolkata - WBPCB",2027-09-15,73.0,31.82,71.39,18.7,7.98,0.86,24.79,27.63,seasonal_forecast,28.3,87,13.5,1004.6,72.0,72.0,71.0,71.66666666666667,70.57142857142857,74.0,2,9,-0.9626519747161487,-0.2707418984477642
"Rabindra Bharati University, Kolkata - WBPCB",2027-09-16,74.0,32.22,72.06,18.86,8.0,0.86,24.8,27.63,seasonal_forecast,28.3,87,13.4,1004.7,73.0,72.0,72.0,72.33333333333333,71.14285714285714,74.0,3,9,-0.9671667297977312,-0.2541427094613622
"Rabindra Bharati University, Kolkata - WBPCB",2027-09-17,74.0,32.62,72.73,19.02,8.01,0.87,24.81,27.63,seasonal_forecast,28.4,87,13.4,1004.9,74.0,73.0,72.0,73.0,71.85714285714286,75.0,4,9,-0.97139528468375,-0.23746831555846842
"Rabindra Bharati University, Kolkata - WBPCB",2027-09-18,75.0,33.03,73.4,19.18,8.02,0.87,24.82,27.63,seasonal_forecast,28.4,86,13.4,1005.0,74.0,74.0,73.0,73.66666666666667,72.42857142857143,75.0,5,9,-0.9753363880767837,-0.2207236509605022
"Rabindra Bharati University, Kolkata - WBPCB",2027-09-19,75.0,33.44,74.08,19.35,8.03,0.87,24.83,27.63,seasonal_forecast,28.4,86,13.3,1005.1,75.0,74.0,74.0,74.33333333333333,73.0,76.0,6,9,-0.9789888737409319,-0.20391367068311472
"Rabindra Bharati University, Kolkata - WBPCB",2027-09-20,76.0,33.85,74.77,19.51,8.04,0.87,24.83,27.64,seasonal_forecast,28.4,86,13.3,1005.2,75.0,75.0,74.0,74.66666666666667,73.57142857142857,77.0,0,9,-0.9823516608469237,-0.18704334906991657
"Rabindra Bharati University, Kolkata - WBPCB",2027-09-21,77.0,34.27,75.46,19.67,8.05,0.87,24.84,27.64,seasonal_forecast,28.4,86,13.2,1005.4,76.0,75.0,75.0,75.33333333333333,74.14285714285714,77.0,1,9,-0.9854237542919524,-0.17011767832049052
"Rabindra Bharati University, Kolkata - WBPCB",2027-09-22,77.0,34.69,76.15,19.84,8.06,0.87,24.85,27.64,seasonal_forecast,28.4,86,13.1,1005.5,77.0,76.0,75.0,76.0,74.85714285714286,78.0,2,9,-0.9882042449941422,-0.15314166701312007
"Rabindra Bharati University, Kolkata - WBPCB",2027-09-23,78.0,35.12,76.85,20.0,8.07,0.87,24.86,27.65,seasonal_forecast,28.4,86,13.1,1005.6,77.0,77.0,76.0,76.66666666666667,75.42857142857143,78.0,3,9,-0.9906923101615609,-0.13612033862266704
"Rabindra Bharati University, Kolkata - WBPCB",2027-09-24,78.0,35.55,77.55,20.17,8.08,0.87,24.87,27.65,seasonal_forecast,28.5,85,13.0,1005.7,78.0,77.0,77.0,77.33333333333333,76.0,79.0,4,9,-0.9928872135356962,-0.11905873003404988
"Rabindra Bharati University, Kolkata - WBPCB",2027-09-25,79.0,35.98,78.25,20.33,8.09,0.88,24.88,27.66,seasonal_forecast,28.5,85,13.0,1005.9,78.0,78.0,77.0,77.66666666666667,76.57142857142857,80.0,5,9,-0.994788305609327,-0.10196189005174576
"Rabindra Bharati University, Kolkata - WBPCB",2027-09-26,80.0,36.41,78.96,20.5,8.1,0.88,24.89,27.67,seasonal_forecast,28.5,85,12.9,1006.0,79.0,78.0,78.0,78.33333333333333,77.14285714285714,80.0,6,9,-0.9963950238187231,-0.08483487790576538
"Rabindra Bharati University, Kolkata - WBPCB",2027-09-27,80.0,36.85,79.67,20.66,8.11,0.88,24.9,27.67,seasonal_forecast,28.5,85,12.8,1006.1,80.0,79.0,78.0,79.0,77.85714285714286,81.0,0,9,-0.9977068927101168,-0.06768276175455162
"Rabindra Bharati University, Kolkata - WBPCB",2027-09-28,81.0,37.29,80.39,20.83,8.12,0.88,24.9,27.68,seasonal_forecast,28.5,85,12.8,1006.3,80.0,80.0,79.0,79.66666666666667,78.42857142857143,82.0,1,9,-0.9987235240803972,-0.050510617185222886
"Rabindra Bharati University, Kolkata - WBPCB",2027-09-29,82.0,37.73,81.1,21.0,8.12,0.88,24.91,27.69,seasonal_forecast,28.5,84,12.7,1006.4,81.0,80.0,80.0,80.33333333333333,79.0,82.0,2,9,-0.9994446170919858,-0.033323525711631344
"Rabindra Bharati University, Kolkata - WBPCB",2027-09-30,82.0,38.17,81.82,21.16,8.13,0.88,24.92,27.7,seasonal_forecast,28.5,84,12.7,1006.5,82.0,81.0,80.0,81.0,79.71428571428571,83.0,3,9,-0.9998699583618592,-0.016126573270657762
"Rabindra Bharati University, Kolkata - WBPCB",2027-10-01,83.0,38.62,82.54,21.33,8.14,0.88,24.93,27.71,seasonal_forecast,28.5,84,12.6,1006.6,82.0,82.0,81.0,81.66666666666667,80.28571428571429,84.0,4,10,-0.9999994220246925,0.001075151282798226
"Rabindra Bharati University, Kolkata - WBPCB",2027-10-02,84.0,39.07,83.26,21.5,8.15,0.88,24.94,27.71,seasonal_forecast,28.4,84,12.5,1006.8,83.0,82.0,82.0,82.33333333333333,81.0,84.0,5,10,-0.999832969770105,0.018276557681691223
"Rabindra Bharati University, Kolkata - WBPCB",2027-10-03,84.0,39.52,83.98,21.67,8.16,0.89,24.94,27.72,seasonal_forecast,28.4,83,12.4,1006.9,84.0,83.0,82.0,83.0,81.71428571428571,85.0,6,10,-0.9993706508539969,0.03547255575312556
"Rabindra Bharati University, Kolkata - WBPCB",2027-10-04,85.0,39.97,84.7,21.83,8.16,0.89,24.95,27.74,seasonal_forecast,28.4,83,12.4,1007.0,84.0,84.0,83.0,83.66666666666667,82.28571428571429,85.0,0,10,-0.9986126020839734,0.052658056924614005
