station,date,aqi_forecast,aqi_lower,aqi_upper,aqi_category
"Ballygunge, Kolkata - WBPCB",2026-10-05,82.0,31.0,121.0,Satisfactory
"Ballygunge, Kolkata - WBPCB",2026-10-06,84.0,33.0,123.0,Satisfactory
"Ballygunge, Kolkata - WBPCB",2026-10-07,86.0,35.0,125.0,Satisfactory
"Ballygunge, Kolkata - WBPCB",2026-10-08,88.0,37.0,127.0,Satisfactory
"Ballygunge, Kolkata - WBPCB",2026-10-09,90.0,39.0,129.0,Satisfactory
"Ballygunge, Kolkata - WBPCB",2026-10-10,92.0,41.0,131.0,Satisfactory
"Ballygunge, Kolkata - WBPCB",2026-10-11,94.0,43.0,133.0,Satisfactory
"Ballygunge, Kolkata - WBPCB",2026-10-12,96.0,45.0,135.0,Satisfactory
"Ballygunge, Kolkata - WBPCB",2026-10-13,98.0,47.0,137.0,Satisfactory
"Ballygunge, Kolkata - WBPCB",2026-10-14,100.0,49.0,139.0,Satisfactory
"Ballygunge, Kolkata - WBPCB",2026-10-15,102.0,51.0,141.0,Moderate
"Ballygunge, Kolkata - WBPCB",2026-10-16,104.0,53.0,143.0,Moderate
"Ballygunge, Kolkata - WBPCB",2026-10-17,106.0,55.0,145.0,Moderate
"Ballygunge, Kolkata - WBPCB",2026-10-18,108.0,57.0,147.0,Moderate
"Ballygunge, Kolkata - WBPCB",2026-10-19,111.0,60.0,150.0,Moderate
"Ballygunge, Kolkata - WBPCB",2026-10-20,113.0,62.0,152.0,Moderate
"Ballygunge, Kolkata - WBPCB",2026-10-21,115.0,64.0,154.0,Moderate
"Ballygunge, Kolkata - WBPCB",2026-10-22,117.0,66.0,156.0,Moderate
"Ballygunge, Kolkata - WBPCB",2026-10-23,120.0,69.0,159.0,Moderate
"Ballygunge, Kolkata - WBPCB",2026-10-24,122.0,71.0,161.0,Moderate
"Ballygunge, Kolkata - WBPCB",2026-10-25,124.0,73.0,163.0,Moderate
"Ballygunge, Kolkata - WBPCB",2026-10-26,126.0,75.0,165.0,Moderate
"Ballygunge, Kolkata - WBPCB",2026-10-27,129.0,78.0,168.0,Moderate
"Ballygunge, Kolkata - WBPCB",2026-10-28,131.0,80.0,170.0,Moderate
"Ballygunge, Kolkata - WBPCB",2026-10-29,133.0,82.0,172.0,Moderate
"Ballygunge, Kolkata - WBPCB",2026-10-30,136.0,85.0,175.0,Moderate
"Ballygunge, Kolkata - WBPCB",2026-10-31,138.0,87.0,177.0,Moderate
"Ballygunge, Kolkata - WBPCB",2026-11-01,140.0,89.0,179.0,Moderate
"Ballygunge, Kolkata - WBPCB",2026-11-02,142.0,91.0,181.0,Moderate
"Ballygunge, Kolkata - WBPCB",2026-11-03,145.0,94.0,184.0,Moderate
"Ballygunge, Kolkata - WBPCB",2026-11-04,147.0,96.0,186.0,Moderate
"Ballygunge, Kolkata - WBPCB",2026-11-05,149.0,98.0,188.0,Moderate
"Ballygunge, Kolkata - WBPCB",2026-11-06,152.0,101.0,191.0,Moderate
"Ballygunge, Kolkata - WBPCB",2026-11-07,154.0,103.0,193.0,Moderate
"Ballygunge, Kolkata - WBPCB",2026-11-08,156.0,105.0,195.0,Moderate
"Ballygunge, Kolkata - WBPCB",2026-11-09,158.0,107.0,197.0,Moderate
"Ballygunge, Kolkata - WBPCB",2026-11-10,161.0,110.0,200.0,Moderate
"Ballygunge, Kolkata - WBPCB",2026-11-11,163.0,112.0,202.0,Moderate
"Ballygunge, Kolkata - WBPCB",2026-11-12,165.0,114.0,204.0,Moderate
"Ballygunge, Kolkata - WBPCB",2026-11-13,167.0,116.0,206.0,Moderate
"Ballygunge, Kolkata - WBPCB",2026-11-14,169.0,118.0,208.0,Moderate
"Ballygunge, Kolkata - WBPCB",2026-11-15,171.0,120.0,210.0,Moderate
"Ballygunge, Kolkata - WBPCB",2026-11-16,173.0,122.0,212.0,Moderate
"Ballygunge, Kolkata - WBPCB",2026-11-17,176.0,125.0,215.0,Moderate
"Ballygunge, Kolkata - WBPCB",2026-11-18,178.0,127.0,217.0,Moderate
"Ballygunge, Kolkata - WBPCB",2026-11-19,180.0,129.0,219.0,Moderate
"Ballygunge, Kolkata - WBPCB",2026-11-20,182.0,131.0,221.0,Moderate
"Ballygunge, Kolkata - WBPCB",2026-11-21,183.0,132.0,222.0,Moderate
"Ballygunge, Kolkata - WBPCB",2026-11-22,185.0,134.0,224.0,Moderate
"Ballygunge, Kolkata - WBPCB",2026-11-23,187.0,136.0,226.0,Moderate
"Ballygunge, Kolkata - WBPCB",2026-11-24,189.0,138.0,228.0,Moderate
"Ballygunge, Kolkata - WBPCB",2026-11-25,191.0,140.0,230.0,Moderate
"Ballygunge, Kolkata - WBPCB",2026-11-26,193.0,142.0,232.0,Moderate
"Ballygunge, Kolkata - WBPCB",2026-11-27,194.0,143.0,233.0,Moderate
"Ballygunge, Kolkata - WBPCB",2026-11-28,196.0,145.0,235.0,Moderate
"Ballygunge, Kolkata - WBPCB",2026-11-29,198.0,147.0,237.0,Moderate
"Ballygunge, Kolkata - WBPCB",2026-11-30,199.0,148.0,238.0,Moderate
"Ballygunge, Kolkata - WBPCB",2026-12-01,201.0,150.0,240.0,Poor
"Ballygunge, Kolkata - WBPCB",2026-12-02,202.0,151.0,241.0,Poor
"Ballygunge, Kolkata - WBPCB",2026-12-03,204.0,153.0,243.0,Poor
"Ballygunge, Kolkata - WBPCB",2026-12-04,205.0,154.0,244.0,Poor
"Ballygunge, Kolkata - WBPCB",2026-12-05,206.0,155.0,246.0,Poor
"Ballygunge, Kolkata - WBPCB",2026-12-06,208.0,157.0,247.0,Poor
"Ballygunge, Kolkata - WBPCB",2026-12-07,209.0,158.0,248.0,Poor
"Ballygunge, Kolkata - WBPCB",2026-12-08,210.0,159.0,249.0,Poor
"Ballygunge, Kolkata - WBPCB",2026-12-09,211.0,160.0,250.0,Poor
"Ballygunge, Kolkata - WBPCB",2026-12-10,212.0,161.0,251.0,Poor
"Ballygunge, Kolkata - WBPCB",2026-12-11,213.0,162.0,252.0,Poor
"Ballygunge, Kolkata - WBPCB",2026-12-12,214.0,163.0,253.0,Poor
"Ballygunge, Kolkata - WBPCB",2026-12-13,215.0,164.0,254.0,Poor
"Ballygunge, Kolkata - WBPCB",2026-12-14,216.0,165.0,255.0,Poor
"Ballygunge, Kolkata - WBPCB",2026-12-15,217.0,166.0,256.0,Poor
"Ballygunge, Kolkata - WBPCB",2026-12-16,218.0,167.0,257.0,Poor
"Ballygunge, Kolkata - WBPCB",2026-12-17,218.0,167.0,257.0,Poor
"Ballygunge, Kolkata - WBPCB",2026-12-18,219.0,168.0,258.0,Poor
"Ballygunge, Kolkata - WBPCB",2026-12-19,219.0,168.0,259.0,Poor
"Ballygunge, Kolkata - WBPCB",2026-12-20,220.0,169.0,259.0,Poor
"Ballygunge, Kolkata - WBPCB",2026-12-21,220.0,169.0,259.0,Poor
"Ballygunge, Kolkata - WBPCB",2026-12-22,221.0,170.0,260.0,Poor
"Ballygunge, Kolkata - WBPCB",2026-12-23,221.0,170.0,260.0,Poor
"Ballygunge, Kolkata - WBPCB",2026-12-24,221.0,170.0,260.0,Poor
"Ballygunge, Kolkata - WBPCB",2026-12-25,221.0,170.0,260.0,Poor
"Ballygunge, Kolkata - WBPCB",2026-12-26,222.0,171.0,261.0,Poor
"Ballygunge, Kolkata - WBPCB",2026-12-27,222.0,171.0,261.0,Poor
"Ballygunge, Kolkata - WBPCB",2026-12-28,222.0,171.0,261.0,Poor
"Ballygunge, Kolkata - WBPCB",2026-12-29,222.0,171.0,261.0,Poor
"Ballygunge, Kolkata - WBPCB",2026-12-30,221.0,170.0,260.0,Poor
"Ballygunge, Kolkata - WBPCB",2026-12-31,221.0,170.0,260.0,Poor
"Ballygunge, Kolkata - WBPCB",2027-01-01,221.0,170.0,260.0,Poor
"Ballygunge, Kolkata - WBPCB",2027-01-02,221.0,170.0,260.0,Poor
"Ballygunge, Kolkata - WBPCB",2027-01-03,220.0,169.0,259.0,Poor
"Ballygunge, Kolkata - WBPCB",2027-01-04,220.0,169.0,259.0,Poor
"Ballygunge, Kolkata - WBPCB",2027-01-05,219.0,168.0,258.0,Poor
"Ballygunge, Kolkata - WBPCB",2027-01-06,219.0,168.0,258.0,Poor
"Ballygunge, Kolkata - WBPCB",2027-01-07,218.0,167.0,257.0,Poor
"Ballygunge, Kolkata - WBPCB",2027-01-08,217.0,166.0,256.0,Poor
"Ballygunge, Kolkata - WBPCB",2027-01-09,217.0,166.0,256.0,Poor
"Ballygunge, Kolkata - WBPCB",2027-01-10,216.0,165.0,255.0,Poor
"Ballygunge, Kolkata - WBPCB",2027-01-11,215.0,164.0,254.0,Poor
"Ballygunge, Kolkata - WBPCB",2027-01-12,214.0,163.0,253.0,Poor
"Ballygunge, Kolkata - WBPCB",2027-01-13,213.0,162.0,252.0,Poor
"Ballygunge, Kolkata - WBPCB",2027-01-14,212.0,161.0,251.0,Poor
"Ballygunge, Kolkata - WBPCB",2027-01-15,211.0,160.0,250.0,Poor
"Ballygunge, Kolkata - WBPCB",2027-01-16,210.0,159.0,249.0,Poor
"Ballygunge, Kolkata - WBPCB",2027-01-17,209.0,158.0,248.0,Poor
"Ballygunge, Kolkata - WBPCB",2027-01-18,207.0,156.0,246.0,Poor
"Ballygunge, Kolkata - WBPCB",2027-01-19,206.0,155.0,245.0,Poor
"Ballygunge, Kolkata - WBPCB",2027-01-20,205.0,154.0,244.0,Poor
"Ballygunge, Kolkata - WBPCB",2027-01-21,203.0,152.0,242.0,Poor
"Ballygunge, Kolkata - WBPCB",2027-01-22,202.0,151.0,241.0,Poor
"Ballygunge, Kolkata - WBPCB",2027-01-23,201.0,150.0,240.0,Poor
"Ballygunge, Kolkata - WBPCB",2027-01-24,199.0,148.0,238.0,Moderate
"Ballygunge, Kolkata - WBPCB",2027-01-25,197.0,146.0,236.0,Moderate
"Ballygunge, Kolkata - WBPCB",2027-01-26,196.0,145.0,235.0,Moderate
"Ballygunge, Kolkata - WBPCB",2027-01-27,194.0,143.0,233.0,Moderate
"Ballygunge, Kolkata - WBPCB",2027-01-28,193.0,142.0,232.0,Moderate
"Ballygunge, Kolkata - WBPCB",2027-01-29,191.0,140.0,230.0,Moderate
"Ballygunge, Kolkata - WBPCB",2027-01-30,189.0,138.0,228.0,Moderate
"Ballygunge, Kolkata - WBPCB",2027-01-31,187.0,136.0,226.0,Moderate
"Ballygunge, Kolkata - WBPCB",2027-02-01,186.0,135.0,225.0,Moderate
"Ballygunge, Kolkata - WBPCB",2027-02-02,184.0,133.0,223.0,Moderate
"Ballygunge, Kolkata - WBPCB",2027-02-03,182.0,131.0,221.0,Moderate
"Ballygunge, Kolkata - WBPCB",2027-02-04,180.0,129.0,219.0,Moderate
"Ballygunge, Kolkata - WBPCB",2027-02-05,178.0,127.0,217.0,Moderate
"Ballygunge, Kolkata - WBPCB",2027-02-06,176.0,125.0,215.0,Moderate
"Ballygunge, Kolkata - WBPCB",2027-02-07,174.0,123.0,213.0,Moderate
"Ballygunge, Kolkata - WBPCB",2027-02-08,172.0,121.0,211.0,Moderate
"Ballygunge, Kolkata - WBPCB",2027-02-09,170.0,119.0,209.0,Moderate
"Ballygunge, Kolkata - WBPCB",2027-02-10,168.0,117.0,207.0,Moderate
"Ballygunge, Kolkata - WBPCB",2027-02-11,166.0,115.0,205.0,Moderate
"Ballygunge, Kolkata - WBPCB",2027-02-12,164.0,113.0,203.0,Moderate
"Ballygunge, Kolkata - WBPCB",2027-02-13,162.0,111.0,201.0,Moderate
"Ballygunge, Kolkata - WBPCB",2027-02-14,160.0,109.0,199.0,Moderate
"Ballygunge, Kolkata - WBPCB",2027-02-15,158.0,107.0,197.0,Moderate
"Ballygunge, Kolkata - WBPCB",2027-02-16,156.0,105.0,195.0,Moderate
"Ballygunge, Kolkata - WBPCB",2027-02-17,154.0,103.0,193.0,Moderate
"Ballygunge, Kolkata - WBPCB",2027-02-18,152.0,101.0,191.0,Moderate
"Ballygunge, Kolkata - WBPCB",2027-02-19,150.0,99.0,189.0,Moderate
"Ballygunge, Kolkata - WBPCB",2027-02-20,148.0,97.0,187.0,Moderate
"Ballygunge, Kolkata - WBPCB",2027-02-21,145.0,94.0,184.0,Moderate
"Ballygunge, Kolkata - WBPCB",2027-02-22,143.0,92.0,182.0,Moderate
"Ballygunge, Kolkata - WBPCB",2027-02-23,141.0,90.0,180.0,Moderate
"Ballygunge, Kolkata - WBPCB",2027-02-24,139.0,88.0,178.0,Moderate
"Ballygunge, Kolkata - WBPCB",2027-02-25,137.0,86.0,176.0,Moderate
"Ballygunge, Kolkata - WBPCB",2027-02-26,135.0,84.0,174.0,Moderate
"Ballygunge, Kolkata - WBPCB",2027-02-27,133.0,82.0,172.0,Moderate
"Ballygunge, Kolkata - WBPCB",2027-02-28,131.0,80.0,170.0,Moderate
"Ballygunge, Kolkata - WBPCB",2027-03-01,129.0,78.0,168.0,Moderate
"Ballygunge, Kolkata - WBPCB",2027-03-02,127.0,76.0,166.0,Moderate
"Ballygunge, Kolkata - WBPCB",2027-03-03,125.0,74.0,164.0,Moderate
"Ballygunge, Kolkata - WBPCB",2027-03-04,123.0,72.0,162.0,Moderate
"Ballygunge, Kolkata - WBPCB",2027-03-05,121.0,70.0,160.0,Moderate
"Ballygunge, Kolkata - WBPCB",2027-03-06,119.0,68.0,158.0,Moderate
"Ballygunge, Kolkata - WBPCB",2027-03-07,117.0,66.0,156.0,Moderate
"Ballygunge, Kolkata - WBPCB",2027-03-08,115.0,64.0,154.0,Moderate
"Ballygunge, Kolkata - WBPCB",2027-03-09,113.0,62.0,152.0,Moderate
"Ballygunge, Kolkata - WBPCB",2027-03-10,111.0,60.0,150.0,Moderate
"Ballygunge, Kolkata - WBPCB",2027-03-11,109.0,58.0,148.0,Moderate
"Ballygunge, Kolkata - WBPCB",2027-03-12,107.0,56.0,146.0,Moderate
"Ballygunge, Kolkata - WBPCB",2027-03-13,105.0,54.0,144.0,Moderate
"Ballygunge, Kolkata - WBPCB",2027-03-14,103.0,52.0,142.0,Moderate
"Ballygunge, Kolkata - WBPCB",2027-03-15,102.0,51.0,141.0,Moderate
"Ballygunge, Kolkata - WBPCB",2027-03-16,100.0,49.0,139.0,Satisfactory
"Ballygunge, Kolkata - WBPCB",2027-03-17,98.0,47.0,137.0,Satisfactory
"Ballygunge, Kolkata - WBPCB",2027-03-18,97.0,46.0,136.0,Satisfactory
"Ballygunge, Kolkata - WBPCB",2027-03-19,95.0,44.0,134.0,Satisfactory
"Ballygunge, Kolkata - WBPCB",2027-03-20,93.0,42.0,132.0,Satisfactory
"Ballygunge, Kolkata - WBPCB",2027-03-21,92.0,41.0,131.0,Satisfactory
"Ballygunge, Kolkata - WBPCB",2027-03-22,90.0,39.0,129.0,Satisfactory
"Ballygunge, Kolkata - WBPCB",2027-03-23,88.0,37.0,127.0,Satisfactory
"Ballygunge, Kolkata - WBPCB",2027-03-24,87.0,36.0,126.0,Satisfactory
"Ballygunge, Kolkata - WBPCB",2027-03-25,85.0,34.0,125.0,Satisfactory
"Ballygunge, Kolkata - WBPCB",2027-03-26,84.0,33.0,123.0,Satisfactory
"Ballygunge, Kolkata - WBPCB",2027-03-27,83.0,32.0,122.0,Satisfactory
"Ballygunge, Kolkata - WBPCB",2027-03-28,81.0,30.0,120.0,Satisfactory
"Ballygunge, Kolkata - WBPCB",2027-03-29,80.0,29.0,119.0,Satisfactory
"Ballygunge, Kolkata - WBPCB",2027-03-30,79.0,28.0,118.0,Satisfactory
"Ballygunge, Kolkata - WBPCB",2027-03-31,77.0,26.0,116.0,Satisfactory
"Ballygunge, Kolkata - WBPCB",2027-04-01,76.0,25.0,115.0,Satisfactory
"Ballygunge, Kolkata - WBPCB",2027-04-02,75.0,24.0,114.0,Satisfactory
"Ballygunge, Kolkata - WBPCB",2027-04-03,74.0,23.0,113.0,Satisfactory
"Ballygunge, Kolkata - WBPCB",2027-04-04,73.0,22.0,112.0,Satisfactory
"Ballygunge, Kolkata - WBPCB",2027-04-05,72.0,21.0,111.0,Satisfactory
"Ballygunge, Kolkata - WBPCB",2027-04-06,71.0,20.0,110.0,Satisfactory
"Ballygunge, Kolkata - WBPCB",2027-04-07,70.0,19.0,109.0,Satisfactory
"Ballygunge, Kolkata - WBPCB",2027-04-08,69.0,18.0,108.0,Satisfactory
"Ballygunge, Kolkata - WBPCB",2027-04-09,68.0,17.0,107.0,Satisfactory
"Ballygunge, Kolkata - WBPCB",2027-04-10,67.0,16.0,106.0,Satisfactory
"Ballygunge, Kolkata - WBPCB",2027-04-11,66.0,15.0,105.0,Satisfactory
"Ballygunge, Kolkata - WBPCB",2027-04-12,65.0,14.0,104.0,Satisfactory
"Ballygunge, Kolkata - WBPCB",2027-04-13,64.0,13.0,103.0,Satisfactory
"Ballygunge, Kolkata - WBPCB",2027-04-14,64.0,13.0,103.0,Satisfactory
"Ballygunge, Kolkata - WBPCB",2027-04-15,63.0,12.0,102.0,Satisfactory
"Ballygunge, Kolkata - WBPCB",2027-04-16,62.0,11.0,101.0,Satisfactory
"Ballygunge, Kolkata - WBPCB",2027-04-17,61.0,10.0,100.0,Satisfactory
"Ballygunge, Kolkata - WBPCB",2027-04-18,61.0,10.0,100.0,Satisfactory
"Ballygunge, Kolkata - WBPCB",2027-04-19,60.0,9.0,99.0,Satisfactory
"Ballygunge, Kolkata - WBPCB",2027-04-20,60.0,9.0,99.0,Satisfactory
"Ballygunge, Kolkata - WBPCB",2027-04-21,59.0,8.0,98.0,Satisfactory
"Ballygunge, Kolkata - WBPCB",2027-04-22,59.0,8.0,98.0,Satisfactory
"Ballygunge, Kolkata - WBPCB",2027-04-23,58.0,7.0,97.0,Satisfactory
"Ballygunge, Kolkata - WBPCB",2027-04-24,58.0,7.0,97.0,Satisfactory
"Ballygunge, Kolkata - WBPCB",2027-04-25,57.0,6.0,96.0,Satisfactory
"Ballygunge, Kolkata - WBPCB",2027-04-26,57.0,6.0,96.0,Satisfactory
"Ballygunge, Kolkata - WBPCB",2027-04-27,57.0,6.0,96.0,Satisfactory
"Ballygunge, Kolkata - WBPCB",2027-04-28,56.0,5.0,95.0,Satisfactory
"Ballygunge, Kolkata - WBPCB",2027-04-29,56.0,5.0,95.0,Satisfactory
"Ballygunge, Kolkata - WBPCB",2027-04-30,56.0,5.0,95.0,Satisfactory
"Ballygunge, Kolkata - WBPCB",2027-05-01,56.0,5.0,95.0,Satisfactory
"Ballygunge, Kolkata - WBPCB",2027-05-02,55.0,4.0,94.0,Satisfactory
"Ballygunge, Kolkata - WBPCB",2027-05-03,55.0,4.0,94.0,Satisfactory
"Ballygunge, Kolkata - WBPCB",2027-05-04,55.0,4.0,94.0,Satisfactory
"Ballygunge, Kolkata - WBPCB",2027-05-05,55.0,4.0,94.0,Satisfactory
"Ballygunge, Kolkata - WBPCB",2027-05-06,55.0,4.0,94.0,Satisfactory
"Ballygunge, Kolkata - WBPCB",2027-05-07,55.0,4.0,94.0,Satisfactory
"Ballygunge, Kolkata - WBPCB",2027-05-08,54.0,3.0,93.0,Satisfactory
"Ballygunge, Kolkata - WBPCB",2027-05-09,54.0,3.0,93.0,Satisfactory
"Ballygunge, Kolkata - WBPCB",2027-05-10,54.0,3.0,93.0,Satisfactory
"Ballygunge, Kolkata - WBPCB",2027-05-11,54.0,3.0,93.0,Satisfactory
"Ballygunge, Kolkata - WBPCB",2027-05-12,54.0,3.0,93.0,Satisfactory
"Ballygunge, Kolkata - WBPCB",2027-05-13,54.0,3.0,93.0,Satisfactory
"Ballygunge, Kolkata - WBPCB",2027-05-14,54.0,3.0,93.0,Satisfactory
"Ballygunge, Kolkata - WBPCB",2027-05-15,54.0,3.0,93.0,Satisfactory
"Ballygunge, Kolkata - WBPCB",2027-05-16,54.0,3.0,93.0,Satisfactory
"Ballygunge, Kolkata - WBPCB",2027-05-17,54.0,3.0,93.0,Satisfactory
"Ballygunge, Kolkata - WBPCB",2027-05-18,54.0,3.0,93.0,Satisfactory
"Ballygunge, Kolkata - WBPCB",2027-05-19,54.0,3.0,93.0,Satisfactory
"Ballygunge, Kolkata - WBPCB",2027-05-20,54.0,3.0,93.0,Satisfactory
"Ballygunge, Kolkata - WBPCB",2027-05-21,54.0,3.0,93.0,Satisfactory
"Ballygunge, Kolkata - WBPCB",2027-05-22,55.0,4.0,94.0,Satisfactory
"Ballygunge, Kolkata - WBPCB",2027-05-23,55.0,4.0,94.0,Satisfactory
"Ballygunge, Kolkata - WBPCB",2027-05-24,55.0,4.0,94.0,Satisfactory
"Ballygunge, Kolkata - WBPCB",2027-05-25,55.0,4.0,94.0,Satisfactory
"Ballygunge, Kolkata - WBPCB",2027-05-26,55.0,4.0,94.0,Satisfactory
"Ballygunge, Kolkata - WBPCB",2027-05-27,55.0,4.0,94.0,Satisfactory
"Ballygunge, Kolkata - WBPCB",2027-05-28,55.0,4.0,94.0,Satisfactory
"Ballygunge, Kolkata - WBPCB",2027-05-29,55.0,4.0,94.0,Satisfactory
"Ballygunge, Kolkata - WBPCB",2027-05-30,55.0,4.0,94.0,Satisfactory
"Ballygunge, Kolkata - WBPCB",2027-05-31,55.0,4.0,94.0,Satisfactory
"Ballygunge, Kolkata - WBPCB",2027-06-01,55.0,4.0,94.0,Satisfactory
"Ballygunge, Kolkata - WBPCB",2027-06-02,55.0,4.0,94.0,Satisfactory
"Ballygunge, Kolkata - WBPCB",2027-06-03,55.0,4.0,94.0,Satisfactory
"Ballygunge, Kolkata - WBPCB",2027-06-04,55.0,4.0,94.0,Satisfactory
"Ballygunge, Kolkata - WBPCB",2027-06-05,55.0,4.0,94.0,Satisfactory
"Ballygunge, Kolkata - WBPCB",2027-06-06,55.0,4.0,94.0,Satisfactory
"Ballygunge, Kolkata - WBPCB",2027-06-07,56.0,5.0,95.0,Satisfactory
"Ballygunge, Kolkata - WBPCB",2027-06-08,56.0,5.0,95.0,Satisfactory
"Ballygunge, Kolkata - WBPCB",2027-06-09,56.0,5.0,95.0,Satisfactory
"Ballygunge, Kolkata - WBPCB",2027-06-10,56.0,5.0,95.0,Satisfactory
"Ballygunge, Kolkata - WBPCB",2027-06-11,56.0,5.0,95.0,Satisfactory
"Ballygunge, Kolkata - WBPCB",2027-06-12,56.0,5.0,95.0,Satisfactory
"Ballygunge, Kolkata - WBPCB",2027-06-13,56.0,5.0,95.0,Satisfactory
"Ballygunge, Kolkata - WBPCB",2027-06-14,55.0,4.0,94.0,Satisfactory
"Ballygunge, Kolkata - WBPCB",2027-06-15,55.0,4.0,94.0,Satisfactory
"Ballygunge, Kolkata - WBPCB",2027-06-16,55.0,4.0,94.0,Satisfactory
"Ballygunge, Kolkata - WBPCB",2027-06-17,55.0,4.0,94.0,Satisfactory
"Ballygunge, Kolkata - WBPCB",2027-06-18,55.0,4.0,94.0,Satisfactory
"Ballygunge, Kolkata - WBPCB",2027-06-19,55.0,4.0,94.0,Satisfactory
"Ballygunge, Kolkata - WBPCB",2027-06-20,55.0,4.0,94.0,Satisfactory
"Ballygunge, Kolkata - WBPCB",2027-06-21,55.0,4.0,94.0,Satisfactory
"Ballygunge, Kolkata - WBPCB",2027-06-22,55.0,4.0,94.0,Satisfactory
"Ballygunge, Kolkata - WBPCB",2027-06-23,55.0,4.0,94.0,Satisfactory
"Ballygunge, Kolkata - WBPCB",2027-06-24,54.0,3.0,93.0,Satisfactory
"Ballygunge, Kolkata - WBPCB",2027-06-25,54.0,3.0,93.0,Satisfactory
"Ballygunge, Kolkata - WBPCB",2027-06-26,54.0,3.0,93.0,Satisfactory
"Ballygunge, Kolkata - WBPCB",2027-06-27,54.0,3.0,93.0,Satisfactory
"Ballygunge, Kolkata - WBPCB",2027-06-28,54.0,3.0,93.0,Satisfactory
"Ballygunge, Kolkata - WBPCB",2027-06-29,54.0,3.0,93.0,Satisfactory
"Ballygunge, Kolkata - WBPCB",2027-06-30,53.0,2.0,92.0,Satisfactory
"Ballygunge, Kolkata - WBPCB",2027-07-01,53.0,2.0,92.0,Satisfactory
"Ballygunge, Kolkata - WBPCB",2027-07-02,53.0,2.0,92.0,Satisfactory
"Ballygunge, Kolkata - WBPCB",2027-07-03,53.0,2.0,92.0,Satisfactory
"Ballygunge, Kolkata - WBPCB",2027-07-04,52.0,1.0,91.0,Satisfactory
"Ballygunge, Kolkata - WBPCB",2027-07-05,52.0,1.0,91.0,Satisfactory
"Ballygunge, Kolkata - WBPCB",2027-07-06,52.0,1.0,91.0,Satisfactory
"Ballygunge, Kolkata - WBPCB",2027-07-07,51.0,0.0,90.0,Satisfactory
"Ballygunge, Kolkata - WBPCB",2027-07-08,51.0,0.0,90.0,Satisfactory
"Ballygunge, Kolkata - WBPCB",2027-07-09,51.0,-0.0,90.0,Satisfactory
"Ballygunge, Kolkata - WBPCB",2027-07-10,50.0,0.0,89.0,Good
"Ballygunge, Kolkata - WBPCB",2027-07-11,50.0,0.0,89.0,Good
"Ballygunge, Kolkata - WBPCB",2027-07-12,50.0,0.0,89.0,Good
"Ballygunge, Kolkata - WBPCB",2027-07-13,49.0,0.0,88.0,Good
"Ballygunge, Kolkata - WBPCB",2027-07-14,49.0,0.0,88.0,Good
"Ballygunge, Kolkata - WBPCB",2027-07-15,49.0,0.0,88.0,Good
"Ballygunge, Kolkata - WBPCB",2027-07-16,48.0,0.0,87.0,Good
"Ballygunge, Kolkata - WBPCB",2027-07-17,48.0,0.0,87.0,Good
"Ballygunge, Kolkata - WBPCB",2027-07-18,47.0,0.0,86.0,Good
"Ballygunge, Kolkata - WBPCB",2027-07-19,47.0,0.0,86.0,Good
"Ballygunge, Kolkata - WBPCB",2027-07-20,47.0,0.0,86.0,Good
"Ballygunge, Kolkata - WBPCB",2027-07-21,46.0,0.0,85.0,Good
"Ballygunge, Kolkata - WBPCB",2027-07-22,46.0,0.0,85.0,Good
"Ballygunge, Kolkata - WBPCB",2027-07-23,45.0,0.0,84.0,Good
"Ballygunge, Kolkata - WBPCB",2027-07-24,45.0,0.0,84.0,Good
"Ballygunge, Kolkata - WBPCB",2027-07-25,45.0,0.0,84.0,Good
"Ballygunge, Kolkata - WBPCB",2027-07-26,44.0,0.0,83.0,Good
"Ballygunge, Kolkata - WBPCB",2027-07-27,44.0,0.0,83.0,Good
"Ballygunge, Kolkata - WBPCB",2027-07-28,44.0,0.0,83.0,Good
"Ballygunge, Kolkata - WBPCB",2027-07-29,43.0,0.0,82.0,Good
"Ballygunge, Kolkata - WBPCB",2027-07-30,43.0,0.0,82.0,Good
"Ballygunge, Kolkata - WBPCB",2027-07-31,43.0,0.0,82.0,Good
"Ballygunge, Kolkata - WBPCB",2027-08-01,42.0,0.0,81.0,Good
"Ballygunge, Kolkata - WBPCB",2027-08-02,42.0,0.0,81.0,Good
"Ballygunge, Kolkata - WBPCB",2027-08-03,42.0,0.0,81.0,Good
"Ballygunge, Kolkata - WBPCB",2027-08-04,41.0,0.0,80.0,Good
"Ballygunge, Kolkata - WBPCB",2027-08-05,41.0,0.0,80.0,Good
"Ballygunge, Kolkata - WBPCB",2027-08-06,41.0,0.0,80.0,Good
"Ballygunge, Kolkata - WBPCB",2027-08-07,40.0,0.0,79.0,Good
"Ballygunge, Kolkata - WBPCB",2027-08-08,40.0,0.0,79.0,Good
"Ballygunge, Kolkata - WBPCB",2027-08-09,40.0,0.0,79.0,Good
"Ballygunge, Kolkata - WBPCB",2027-08-10,40.0,0.0,79.0,Good
"Ballygunge, Kolkata - WBPCB",2027-08-11,40.0,0.0,79.0,Good
"Ballygunge, Kolkata - WBPCB",2027-08-12,39.0,0.0,78.0,Good
"Ballygunge, Kolkata - WBPCB",2027-08-13,39.0,0.0,78.0,Good
"Ballygunge, Kolkata - WBPCB",2027-08-14,39.0,0.0,78.0,Good
"Ballygunge, Kolkata - WBPCB",2027-08-15,39.0,0.0,78.0,Good
"Ballygunge, Kolkata - WBPCB",2027-08-16,39.0,0.0,78.0,Good
"Ballygunge, Kolkata - WBPCB",2027-08-17,39.0,0.0,78.0,Good
"Ballygunge, Kolkata - WBPCB",2027-08-18,39.0,0.0,78.0,Good
"Ballygunge, Kolkata - WBPCB",2027-08-19,39.0,0.0,78.0,Good
"Ballygunge, Kolkata - WBPCB",2027-08-20,39.0,0.0,78.0,Good
"Ballygunge, Kolkata - WBPCB",2027-08-21,39.0,0.0,78.0,Good
"Ballygunge, Kolkata - WBPCB",2027-08-22,39.0,0.0,78.0,Good
"Ballygunge, Kolkata - WBPCB",2027-08-23,39.0,0.0,78.0,Good
"Ballygunge, Kolkata - WBPCB",2027-08-24,40.0,0.0,79.0,Good
"Ballygunge, Kolkata - WBPCB",2027-08-25,40.0,0.0,79.0,Good
"Ballygunge, Kolkata - WBPCB",2027-08-26,40.0,0.0,79.0,Good
"Ballygunge, Kolkata - WBPCB",2027-08-27,40.0,0.0,79.0,Good
"Ballygunge, Kolkata - WBPCB",2027-08-28,41.0,0.0,80.0,Good
"Ballygunge, Kolkata - WBPCB",2027-08-29,41.0,0.0,80.0,Good
"Ballygunge, Kolkata - WBPCB",2027-08-30,41.0,0.0,80.0,Good
"Ballygunge, Kolkata - WBPCB",2027-08-31,42.0,0.0,81.0,Good
"Ballygunge, Kolkata - WBPCB",2027-09-01,42.0,0.0,81.0,Good
"Ballygunge, Kolkata - WBPCB",2027-09-02,43.0,0.0,82.0,Good
"Ballygunge, Kolkata - WBPCB",2027-09-03,43.0,0.0,82.0,Good
"Ballygunge, Kolkata - WBPCB",2027-09-04,44.0,0.0,83.0,Good
"Ballygunge, Kolkata - WBPCB",2027-09-05,44.0,0.0,83.0,Good
"Ballygunge, Kolkata - WBPCB",2027-09-06,45.0,0.0,84.0,Good
"Ballygunge, Kolkata - WBPCB",2027-09-07,46.0,0.0,85.0,Good
"Ballygunge, Kolkata - WBPCB",2027-09-08,46.0,0.0,85.0,Good
"Ballygunge, Kolkata - WBPCB",2027-09-09,47.0,0.0,86.0,Good
"Ballygunge, Kolkata - WBPCB",2027-09-10,48.0,0.0,87.0,Good
"Ballygunge, Kolkata - WBPCB",2027-09-11,49.0,0.0,88.0,Good
"Ballygunge, Kolkata - WBPCB",2027-09-12,50.0,0.0,89.0,Good
"Ballygunge, Kolkata - WBPCB",2027-09-13,51.0,-0.0,90.0,Satisfactory
"Ballygunge, Kolkata - WBPCB",2027-09-14,52.0,1.0,91.0,Satisfactory
"Ballygunge, Kolkata - WBPCB",2027-09-15,53.0,2.0,92.0,Satisfactory
"Ballygunge, Kolkata - WBPCB",2027-09-16,54.0,3.0,93.0,Satisfactory
"Ballygunge, Kolkata - WBPCB",2027-09-17,55.0,4.0,94.0,Satisfactory
"Ballygunge, Kolkata - WBPCB",2027-09-18,56.0,5.0,95.0,Satisfactory
"Ballygunge, Kolkata - WBPCB",2027-09-19,57.0,6.0,96.0,Satisfactory
"Ballygunge, Kolkata - WBPCB",2027-09-20,59.0,8.0,98.0,Satisfactory
"Ballygunge, Kolkata - WBPCB",2027-09-21,60.0,9.0,99.0,Satisfactory
"Ballygunge, Kolkata - WBPCB",2027-09-22,61.0,10.0,100.0,Satisfactory
"Ballygunge, Kolkata - WBPCB",2027-09-23,63.0,12.0,102.0,Satisfactory
"Ballygunge, Kolkata - WBPCB",2027-09-24,64.0,13.0,103.0,Satisfactory
"Ballygunge, Kolkata - WBPCB",2027-09-25,65.0,14.0,104.0,Satisfactory
"Ballygunge, Kolkata - WBPCB",2027-09-26,67.0,16.0,106.0,Satisfactory
"Ballygunge, Kolkata - WBPCB",2027-09-27,68.0,17.0,107.0,Satisfactory
"Ballygunge, Kolkata - WBPCB",2027-09-28,70.0,19.0,109.0,Satisfactory
"Ballygunge, Kolkata - WBPCB",2027-09-29,72.0,21.0,111.0,Satisfactory
"Ballygunge, Kolkata - WBPCB",2027-09-30,73.0,22.0,112.0,Satisfactory
"Ballygunge, Kolkata - WBPCB",2027-10-01,75.0,24.0,114.0,Satisfactory
"Ballygunge, Kolkata - WBPCB",2027-10-02,77.0,26.0,116.0,Satisfactory
"Ballygunge, Kolkata - WBPCB",2027-10-03,78.0,27.0,117.0,Satisfactory
"Ballygunge, Kolkata - WBPCB",2027-10-04,80.0,29.0,119.0,Satisfactory
"Bidhannagar, Kolkata - WBPCB",2026-10-05,63.0,23.0,91.0,Satisfactory
"Bidhannagar, Kolkata - WBPCB",2026-10-06,64.0,24.0,92.0,Satisfactory
"Bidhannagar, Kolkata - WBPCB",2026-10-07,65.0,25.0,94.0,Satisfactory
"Bidhannagar, Kolkata - WBPCB",2026-10-08,66.0,26.0,95.0,Satisfactory
"Bidhannagar, Kolkata - WBPCB",2026-10-09,68.0,28.0,96.0,Satisfactory
"Bidhannagar, Kolkata - WBPCB",2026-10-10,69.0,29.0,98.0,Satisfactory
"Bidhannagar, Kolkata - WBPCB",2026-10-11,71.0,31.0,99.0,Satisfactory
"Bidhannagar, Kolkata - WBPCB",2026-10-12,72.0,32.0,101.0,Satisfactory
"Bidhannagar, Kolkata - WBPCB",2026-10-13,74.0,34.0,102.0,Satisfactory
"Bidhannagar, Kolkata - WBPCB",2026-10-14,75.0,35.0,104.0,Satisfactory
"Bidhannagar, Kolkata - WBPCB",2026-10-15,77.0,37.0,106.0,Satisfactory
"Bidhannagar, Kolkata - WBPCB",2026-10-16,78.0,39.0,107.0,Satisfactory
"Bidhannagar, Kolkata - WBPCB",2026-10-17,80.0,40.0,109.0,Satisfactory
"Bidhannagar, Kolkata - WBPCB",2026-10-18,82.0,42.0,111.0,Satisfactory
"Bidhannagar, Kolkata - WBPCB",2026-10-19,84.0,44.0,113.0,Satisfactory
"Bidhannagar, Kolkata - WBPCB",2026-10-20,86.0,46.0,114.0,Satisfactory
"Bidhannagar, Kolkata - WBPCB",2026-10-21,87.0,48.0,116.0,Satisfactory
"Bidhannagar, Kolkata - WBPCB",2026-10-22,89.0,50.0,118.0,Satisfactory
"Bidhannagar, Kolkata - WBPCB",2026-10-23,91.0,51.0,120.0,Satisfactory
"Bidhannagar, Kolkata - WBPCB",2026-10-24,93.0,53.0,122.0,Satisfactory
"Bidhannagar, Kolkata - WBPCB",2026-10-25,95.0,55.0,124.0,Satisfactory
"Bidhannagar, Kolkata - WBPCB",2026-10-26,97.0,58.0,126.0,Satisfactory
"Bidhannagar, Kolkata - WBPCB",2026-10-27,99.0,60.0,128.0,Satisfactory
"Bidhannagar, Kolkata - WBPCB",2026-10-28,102.0,62.0,130.0,Moderate
"Bidhannagar, Kolkata - WBPCB",2026-10-29,104.0,64.0,132.0,Moderate
"Bidhannagar, Kolkata - WBPCB",2026-10-30,106.0,66.0,135.0,Moderate
"Bidhannagar, Kolkata - WBPCB",2026-10-31,108.0,68.0,137.0,Moderate
"Bidhannagar, Kolkata - WBPCB",2026-11-01,110.0,70.0,139.0,Moderate
"Bidhannagar, Kolkata - WBPCB",2026-11-02,112.0,73.0,141.0,Moderate
"Bidhannagar, Kolkata - WBPCB",2026-11-03,115.0,75.0,143.0,Moderate
"Bidhannagar, Kolkata - WBPCB",2026-11-04,117.0,77.0,146.0,Moderate
"Bidhannagar, Kolkata - WBPCB",2026-11-05,119.0,79.0,148.0,Moderate
"Bidhannagar, Kolkata - WBPCB",2026-11-06,121.0,82.0,150.0,Moderate
"Bidhannagar, Kolkata - WBPCB",2026-11-07,124.0,84.0,153.0,Moderate
"Bidhannagar, Kolkata - WBPCB",2026-11-08,126.0,86.0,155.0,Moderate
"Bidhannagar, Kolkata - WBPCB",2026-11-09,128.0,89.0,157.0,Moderate
"Bidhannagar, Kolkata - WBPCB",2026-11-10,131.0,91.0,159.0,Moderate
"Bidhannagar, Kolkata - WBPCB",2026-11-11,133.0,93.0,162.0,Moderate
"Bidhannagar, Kolkata - WBPCB",2026-11-12,135.0,95.0,164.0,Moderate
"Bidhannagar, Kolkata - WBPCB",2026-11-13,138.0,98.0,166.0,Moderate
"Bidhannagar, Kolkata - WBPCB",2026-11-14,140.0,100.0,169.0,Moderate
"Bidhannagar, Kolkata - WBPCB",2026-11-15,142.0,102.0,171.0,Moderate
"Bidhannagar, Kolkata - WBPCB",2026-11-16,144.0,105.0,173.0,Moderate
"Bidhannagar, Kolkata - WBPCB",2026-11-17,147.0,107.0,175.0,Moderate
"Bidhannagar, Kolkata - WBPCB",2026-11-18,149.0,109.0,178.0,Moderate
"Bidhannagar, Kolkata - WBPCB",2026-11-19,151.0,111.0,180.0,Moderate
"Bidhannagar, Kolkata - WBPCB",2026-11-20,153.0,113.0,182.0,Moderate
"Bidhannagar, Kolkata - WBPCB",2026-11-21,155.0,116.0,184.0,Moderate
"Bidhannagar, Kolkata - WBPCB",2026-11-22,157.0,118.0,186.0,Moderate
"Bidhannagar, Kolkata - WBPCB",2026-11-23,160.0,120.0,188.0,Moderate
"Bidhannagar, Kolkata - WBPCB",2026-11-24,162.0,122.0,190.0,Moderate
"Bidhannagar, Kolkata - WBPCB",2026-11-25,164.0,124.0,192.0,Moderate
"Bidhannagar, Kolkata - WBPCB",2026-11-26,166.0,126.0,194.0,Moderate
"Bidhannagar, Kolkata - WBPCB",2026-11-27,168.0,128.0,196.0,Moderate
"Bidhannagar, Kolkata - WBPCB",2026-11-28,170.0,130.0,198.0,Moderate
"Bidhannagar, Kolkata - WBPCB",2026-11-29,171.0,132.0,200.0,Moderate
"Bidhannagar, Kolkata - WBPCB",2026-11-30,173.0,133.0,202.0,Moderate
"Bidhannagar, Kolkata - WBPCB",2026-12-01,175.0,135.0,204.0,Moderate
"Bidhannagar, Kolkata - WBPCB",2026-12-02,177.0,137.0,205.0,Moderate
"Bidhannagar, Kolkata - WBPCB",2026-12-03,178.0,138.0,207.0,Moderate
"Bidhannagar, Kolkata - WBPCB",2026-12-04,180.0,140.0,209.0,Moderate
"Bidhannagar, Kolkata - WBPCB",2026-12-05,181.0,142.0,210.0,Moderate
"Bidhannagar, Kolkata - WBPCB",2026-12-06,183.0,143.0,212.0,Moderate
"Bidhannagar, Kolkata - WBPCB",2026-12-07,184.0,144.0,213.0,Moderate
"Bidhannagar, Kolkata - WBPCB",2026-12-08,186.0,146.0,214.0,Moderate
"Bidhannagar, Kolkata - WBPCB",2026-12-09,187.0,147.0,216.0,Moderate
"Bidhannagar, Kolkata - WBPCB",2026-12-10,188.0,148.0,217.0,Moderate
"Bidhannagar, Kolkata - WBPCB",2026-12-11,189.0,149.0,218.0,Moderate
"Bidhannagar, Kolkata - WBPCB",2026-12-12,190.0,151.0,219.0,Moderate
"Bidhannagar, Kolkata - WBPCB",2026-12-13,191.0,152.0,220.0,Moderate
"Bidhannagar, Kolkata - WBPCB",2026-12-14,192.0,153.0,221.0,Moderate
"Bidhannagar, Kolkata - WBPCB",2026-12-15,193.0,153.0,222.0,Moderate
"Bidhannagar, Kolkata - WBPCB",2026-12-16,194.0,154.0,223.0,Moderate
"Bidhannagar, Kolkata - WBPCB",2026-12-17,195.0,155.0,223.0,Moderate
"Bidhannagar, Kolkata - WBPCB",2026-12-18,195.0,156.0,224.0,Moderate
"Bidhannagar, Kolkata - WBPCB",2026-12-19,196.0,156.0,225.0,Moderate
"Bidhannagar, Kolkata - WBPCB",2026-12-20,196.0,157.0,225.0,Moderate
"Bidhannagar, Kolkata - WBPCB",2026-12-21,197.0,157.0,226.0,Moderate
"Bidhannagar, Kolkata - WBPCB",2026-12-22,197.0,157.0,226.0,Moderate
"Bidhannagar, Kolkata - WBPCB",2026-12-23,197.0,158.0,226.0,Moderate
"Bidhannagar, Kolkata - WBPCB",2026-12-24,198.0,158.0,226.0,Moderate
"Bidhannagar, Kolkata - WBPCB",2026-12-25,198.0,158.0,226.0,Moderate
"Bidhannagar, Kolkata - WBPCB",2026-12-26,198.0,158.0,226.0,Moderate
"Bidhannagar, Kolkata - WBPCB",2026-12-27,198.0,158.0,226.0,Moderate
"Bidhannagar, Kolkata - WBPCB",2026-12-28,197.0,158.0,226.0,Moderate
"Bidhannagar, Kolkata - WBPCB",2026-12-29,197.0,157.0,226.0,Moderate
"Bidhannagar, Kolkata - WBPCB",2026-12-30,197.0,157.0,226.0,Moderate
"Bidhannagar, Kolkata - WBPCB",2026-12-31,197.0,157.0,225.0,Moderate
"Bidhannagar, Kolkata - WBPCB",2027-01-01,196.0,156.0,225.0,Moderate
"Bidhannagar, Kolkata - WBPCB",2027-01-02,196.0,156.0,224.0,Moderate
"Bidhannagar, Kolkata - WBPCB",2027-01-03,195.0,155.0,224.0,Moderate
"Bidhannagar, Kolkata - WBPCB",2027-01-04,194.0,154.0,223.0,Moderate
"Bidhannagar, Kolkata - WBPCB",2027-01-05,193.0,154.0,222.0,Moderate
"Bidhannagar, Kolkata - WBPCB",2027-01-06,193.0,153.0,221.0,Moderate
"Bidhannagar, Kolkata - WBPCB",2027-01-07,192.0,152.0,220.0,Moderate
"Bidhannagar, Kolkata - WBPCB",2027-01-08,191.0,151.0,220.0,Moderate
"Bidhannagar, Kolkata - WBPCB",2027-01-09,190.0,150.0,218.0,Moderate
"Bidhannagar, Kolkata - WBPCB",2027-01-10,189.0,149.0,217.0,Moderate
"Bidhannagar, Kolkata - WBPCB",2027-01-11,187.0,148.0,216.0,Moderate
"Bidhannagar, Kolkata - WBPCB",2027-01-12,186.0,146.0,215.0,Moderate
"Bidhannagar, Kolkata - WBPCB",2027-01-13,185.0,145.0,214.0,Moderate
"Bidhannagar, Kolkata - WBPCB",2027-01-14,184.0,144.0,212.0,Moderate
"Bidhannagar, Kolkata - WBPCB",2027-01-15,182.0,142.0,211.0,Moderate
"Bidhannagar, Kolkata - WBPCB",2027-01-16,181.0,141.0,210.0,Moderate
"Bidhannagar, Kolkata - WBPCB",2027-01-17,179.0,139.0,208.0,Moderate
"Bidhannagar, Kolkata - WBPCB",2027-01-18,178.0,138.0,207.0,Moderate
"Bidhannagar, Kolkata - WBPCB",2027-01-19,176.0,136.0,205.0,Moderate
"Bidhannagar, Kolkata - WBPCB",2027-01-20,175.0,135.0,203.0,Moderate
"Bidhannagar, Kolkata - WBPCB",2027-01-21,173.0,133.0,202.0,Moderate
"Bidhannagar, Kolkata - WBPCB",2027-01-22,171.0,131.0,200.0,Moderate
"Bidhannagar, Kolkata - WBPCB",2027-01-23,169.0,130.0,198.0,Moderate
"Bidhannagar, Kolkata - WBPCB",2027-01-24,168.0,128.0,196.0,Moderate
"Bidhannagar, Kolkata - WBPCB",2027-01-25,166.0,126.0,195.0,Moderate
"Bidhannagar, Kolkata - WBPCB",2027-01-26,164.0,124.0,193.0,Moderate
"Bidhannagar, Kolkata - WBPCB",2027-01-27,162.0,122.0,191.0,Moderate
"Bidhannagar, Kolkata - WBPCB",2027-01-28,160.0,120.0,189.0,Moderate
"Bidhannagar, Kolkata - WBPCB",2027-01-29,158.0,118.0,187.0,Moderate
"Bidhannagar, Kolkata - WBPCB",2027-01-30,156.0,116.0,185.0,Moderate
"Bidhannagar, Kolkata - WBPCB",2027-01-31,154.0,114.0,183.0,Moderate
"Bidhannagar, Kolkata - WBPCB",2027-02-01,152.0,112.0,181.0,Moderate
"Bidhannagar, Kolkata - WBPCB",2027-02-02,150.0,110.0,179.0,Moderate
"Bidhannagar, Kolkata - WBPCB",2027-02-03,148.0,108.0,177.0,Moderate
"Bidhannagar, Kolkata - WBPCB",2027-02-04,146.0,106.0,175.0,Moderate
"Bidhannagar, Kolkata - WBPCB",2027-02-05,144.0,104.0,173.0,Moderate
"Bidhannagar, Kolkata - WBPCB",2027-02-06,142.0,102.0,171.0,Moderate
"Bidhannagar, Kolkata - WBPCB",2027-02-07,140.0,100.0,169.0,Moderate
"Bidhannagar, Kolkata - WBPCB",2027-02-08,138.0,98.0,167.0,Moderate
"Bidhannagar, Kolkata - WBPCB",2027-02-09,136.0,96.0,165.0,Moderate
"Bidhannagar, Kolkata - WBPCB",2027-02-10,134.0,94.0,163.0,Moderate
"Bidhannagar, Kolkata - WBPCB",2027-02-11,132.0,92.0,161.0,Moderate
"Bidhannagar, Kolkata - WBPCB",2027-02-12,130.0,90.0,159.0,Moderate
"Bidhannagar, Kolkata - WBPCB",2027-02-13,128.0,88.0,157.0,Moderate
"Bidhannagar, Kolkata - WBPCB",2027-02-14,126.0,86.0,155.0,Moderate
"Bidhannagar, Kolkata - WBPCB",2027-02-15,124.0,84.0,153.0,Moderate
"Bidhannagar, Kolkata - WBPCB",2027-02-16,122.0,82.0,151.0,Moderate
"Bidhannagar, Kolkata - WBPCB",2027-02-17,120.0,80.0,149.0,Moderate
"Bidhannagar, Kolkata - WBPCB",2027-02-18,118.0,79.0,147.0,Moderate
"Bidhannagar, Kolkata - WBPCB",2027-02-19,116.0,77.0,145.0,Moderate
"Bidhannagar, Kolkata - WBPCB",2027-02-20,115.0,75.0,143.0,Moderate
"Bidhannagar, Kolkata - WBPCB",2027-02-21,113.0,73.0,142.0,Moderate
"Bidhannagar, Kolkata - WBPCB",2027-02-22,111.0,71.0,140.0,Moderate
"Bidhannagar, Kolkata - WBPCB",2027-02-23,109.0,69.0,138.0,Moderate
"Bidhannagar, Kolkata - WBPCB",2027-02-24,107.0,68.0,136.0,Moderate
"Bidhannagar, Kolkata - WBPCB",2027-02-25,106.0,66.0,134.0,Moderate
"Bidhannagar, Kolkata - WBPCB",2027-02-26,104.0,64.0,133.0,Moderate
"Bidhannagar, Kolkata - WBPCB",2027-02-27,102.0,63.0,131.0,Moderate
"Bidhannagar, Kolkata - WBPCB",2027-02-28,101.0,61.0,129.0,Moderate
"Bidhannagar, Kolkata - WBPCB",2027-03-01,99.0,59.0,128.0,Satisfactory
"Bidhannagar, Kolkata - WBPCB",2027-03-02,98.0,58.0,126.0,Satisfactory
"Bidhannagar, Kolkata - WBPCB",2027-03-03,96.0,56.0,125.0,Satisfactory
"Bidhannagar, Kolkata - WBPCB",2027-03-04,95.0,55.0,123.0,Satisfactory
"Bidhannagar, Kolkata - WBPCB",2027-03-05,93.0,53.0,122.0,Satisfactory
"Bidhannagar, Kolkata - WBPCB",2027-03-06,92.0,52.0,120.0,Satisfactory
"Bidhannagar, Kolkata - WBPCB",2027-03-07,90.0,51.0,119.0,Satisfactory
"Bidhannagar, Kolkata - WBPCB",2027-03-08,89.0,49.0,118.0,Satisfactory
"Bidhannagar, Kolkata - WBPCB",2027-03-09,88.0,48.0,116.0,Satisfactory
"Bidhannagar, Kolkata - WBPCB",2027-03-10,86.0,47.0,115.0,Satisfactory
"Bidhannagar, Kolkata - WBPCB",2027-03-11,85.0,45.0,114.0,Satisfactory
"Bidhannagar, Kolkata - WBPCB",2027-03-12,84.0,44.0,113.0,Satisfactory
"Bidhannagar, Kolkata - WBPCB",2027-03-13,83.0,43.0,112.0,Satisfactory
"Bidhannagar, Kolkata - WBPCB",2027-03-14,82.0,42.0,111.0,Satisfactory
"Bidhannagar, Kolkata - WBPCB",2027-03-15,81.0,41.0,110.0,Satisfactory
"Bidhannagar, Kolkata - WBPCB",2027-03-16,80.0,40.0,108.0,Satisfactory
"Bidhannagar, Kolkata - WBPCB",2027-03-17,79.0,39.0,108.0,Satisfactory
"Bidhannagar, Kolkata - WBPCB",2027-03-18,78.0,38.0,107.0,Satisfactory
"Bidhannagar, Kolkata - WBPCB",2027-03-19,77.0,37.0,106.0,Satisfactory
"Bidhannagar, Kolkata - WBPCB",2027-03-20,76.0,36.0,105.0,Satisfactory
"Bidhannagar, Kolkata - WBPCB",2027-03-21,75.0,35.0,104.0,Satisfactory
"Bidhannagar, Kolkata - WBPCB",2027-03-22,74.0,35.0,103.0,Satisfactory
"Bidhannagar, Kolkata - WBPCB",2027-03-23,74.0,34.0,102.0,Satisfactory
"Bidhannagar, Kolkata - WBPCB",2027-03-24,73.0,33.0,102.0,Satisfactory
"Bidhannagar, Kolkata - WBPCB",2027-03-25,72.0,32.0,101.0,Satisfactory
"Bidhannagar, Kolkata - WBPCB",2027-03-26,71.0,32.0,100.0,Satisfactory
"Bidhannagar, Kolkata - WBPCB",2027-03-27,71.0,31.0,100.0,Satisfactory
"Bidhannagar, Kolkata - WBPCB",2027-03-28,70.0,30.0,99.0,Satisfactory
"Bidhannagar, Kolkata - WBPCB",2027-03-29,70.0,30.0,98.0,Satisfactory
"Bidhannagar, Kolkata - WBPCB",2027-03-30,69.0,29.0,98.0,Satisfactory
"Bidhannagar, Kolkata - WBPCB",2027-03-31,69.0,29.0,97.0,Satisfactory
"Bidhannagar, Kolkata - WBPCB",2027-04-01,68.0,28.0,97.0,Satisfactory
"Bidhannagar, Kolkata - WBPCB",2027-04-02,68.0,28.0,96.0,Satisfactory
"Bidhannagar, Kolkata - WBPCB",2027-04-03,67.0,27.0,96.0,Satisfactory
"Bidhannagar, Kolkata - WBPCB",2027-04-04,67.0,27.0,95.0,Satisfactory
"Bidhannagar, Kolkata - WBPCB",2027-04-05,66.0,26.0,95.0,Satisfactory
"Bidhannagar, Kolkata - WBPCB",2027-04-06,66.0,26.0,95.0,Satisfactory
"Bidhannagar, Kolkata - WBPCB",2027-04-07,65.0,26.0,94.0,Satisfactory
"Bidhannagar, Kolkata - WBPCB",2027-04-08,65.0,25.0,94.0,Satisfactory
"Bidhannagar, Kolkata - WBPCB",2027-04-09,65.0,25.0,94.0,Satisfactory
"Bidhannagar, Kolkata - WBPCB",2027-04-10,64.0,25.0,93.0,Satisfactory
"Bidhannagar, Kolkata - WBPCB",2027-04-11,64.0,24.0,93.0,Satisfactory
"Bidhannagar, Kolkata - WBPCB",2027-04-12,64.0,24.0,93.0,Satisfactory
"Bidhannagar, Kolkata - WBPCB",2027-04-13,64.0,24.0,92.0,Satisfactory
"Bidhannagar, Kolkata - WBPCB",2027-04-14,63.0,23.0,92.0,Satisfactory
"Bidhannagar, Kolkata - WBPCB",2027-04-15,63.0,23.0,92.0,Satisfactory
"Bidhannagar, Kolkata - WBPCB",2027-04-16,63.0,23.0,92.0,Satisfactory
"Bidhannagar, Kolkata - WBPCB",2027-04-17,63.0,23.0,91.0,Satisfactory
"Bidhannagar, Kolkata - WBPCB",2027-04-18,62.0,22.0,91.0,Satisfactory
"Bidhannagar, Kolkata - WBPCB",2027-04-19,62.0,22.0,91.0,Satisfactory
"Bidhannagar, Kolkata - WBPCB",2027-04-20,62.0,22.0,91.0,Satisfactory
"Bidhannagar, Kolkata - WBPCB",2027-04-21,62.0,22.0,90.0,Satisfactory
"Bidhannagar, Kolkata - WBPCB",2027-04-22,61.0,22.0,90.0,Satisfactory
"Bidhannagar, Kolkata - WBPCB",2027-04-23,61.0,21.0,90.0,Satisfactory
"Bidhannagar, Kolkata - WBPCB",2027-04-24,61.0,21.0,90.0,Satisfactory
"Bidhannagar, Kolkata - WBPCB",2027-04-25,61.0,21.0,90.0,Satisfactory
"Bidhannagar, Kolkata - WBPCB",2027-04-26,61.0,21.0,89.0,Satisfactory
"Bidhannagar, Kolkata - WBPCB",2027-04-27,60.0,21.0,89.0,Satisfactory
"Bidhannagar, Kolkata - WBPCB",2027-04-28,60.0,20.0,89.0,Satisfactory
"Bidhannagar, Kolkata - WBPCB",2027-04-29,60.0,20.0,89.0,Satisfactory
"Bidhannagar, Kolkata - WBPCB",2027-04-30,60.0,20.0,89.0,Satisfactory
"Bidhannagar, Kolkata - WBPCB",2027-05-01,60.0,20.0,88.0,Satisfactory
"Bidhannagar, Kolkata - WBPCB",2027-05-02,59.0,20.0,88.0,Satisfactory
"Bidhannagar, Kolkata - WBPCB",2027-05-03,59.0,19.0,88.0,Satisfactory
"Bidhannagar, Kolkata - WBPCB",2027-05-04,59.0,19.0,88.0,Satisfactory
"Bidhannagar, Kolkata - WBPCB",2027-05-05,59.0,19.0,88.0,Satisfactory
"Bidhannagar, Kolkata - WBPCB",2027-05-06,59.0,19.0,87.0,Satisfactory
"Bidhannagar, Kolkata - WBPCB",2027-05-07,58.0,18.0,87.0,Satisfactory
"Bidhannagar, Kolkata - WBPCB",2027-05-08,58.0,18.0,87.0,Satisfactory
"Bidhannagar, Kolkata - WBPCB",2027-05-09,58.0,18.0,87.0,Satisfactory
"Bidhannagar, Kolkata - WBPCB",2027-05-10,58.0,18.0,86.0,Satisfactory
"Bidhannagar, Kolkata - WBPCB",2027-05-11,57.0,18.0,86.0,Satisfactory
"Bidhannagar, Kolkata - WBPCB",2027-05-12,57.0,17.0,86.0,Satisfactory
"Bidhannagar, Kolkata - WBPCB",2027-05-13,57.0,17.0,86.0,Satisfactory
"Bidhannagar, Kolkata - WBPCB",2027-05-14,57.0,17.0,85.0,Satisfactory
"Bidhannagar, Kolkata - WBPCB",2027-05-15,56.0,17.0,85.0,Satisfactory
"Bidhannagar, Kolkata - WBPCB",2027-05-16,56.0,16.0,85.0,Satisfactory
"Bidhannagar, Kolkata - WBPCB",2027-05-17,56.0,16.0,85.0,Satisfactory
"Bidhannagar, Kolkata - WBPCB",2027-05-18,56.0,16.0,84.0,Satisfactory
"Bidhannagar, Kolkata - WBPCB",2027-05-19,55.0,16.0,84.0,Satisfactory
"Bidhannagar, Kolkata - WBPCB",2027-05-20,55.0,15.0,84.0,Satisfactory
"Bidhannagar, Kolkata - WBPCB",2027-05-21,55.0,15.0,84.0,Satisfactory
"Bidhannagar, Kolkata - WBPCB",2027-05-22,55.0,15.0,83.0,Satisfactory
"Bidhannagar, Kolkata - WBPCB",2027-05-23,54.0,14.0,83.0,Satisfactory
"Bidhannagar, Kolkata - WBPCB",2027-05-24,54.0,14.0,83.0,Satisfactory
"Bidhannagar, Kolkata - WBPCB",2027-05-25,54.0,14.0,82.0,Satisfactory
"Bidhannagar, Kolkata - WBPCB",2027-05-26,53.0,14.0,82.0,Satisfactory
"Bidhannagar, Kolkata - WBPCB",2027-05-27,53.0,13.0,82.0,Satisfactory
"Bidhannagar, Kolkata - WBPCB",2027-05-28,53.0,13.0,82.0,Satisfactory
"Bidhannagar, Kolkata - WBPCB",2027-05-29,53.0,13.0,81.0,Satisfactory
"Bidhannagar, Kolkata - WBPCB",2027-05-30,52.0,12.0,81.0,Satisfactory
"Bidhannagar, Kolkata - WBPCB",2027-05-31,52.0,12.0,81.0,Satisfactory
"Bidhannagar, Kolkata - WBPCB",2027-06-01,52.0,12.0,80.0,Satisfactory
"Bidhannagar, Kolkata - WBPCB",2027-06-02,51.0,12.0,80.0,Satisfactory
"Bidhannagar, Kolkata - WBPCB",2027-06-03,51.0,11.0,80.0,Satisfactory
"Bidhannagar, Kolkata - WBPCB",2027-06-04,51.0,11.0,80.0,Satisfactory
"Bidhannagar, Kolkata - WBPCB",2027-06-05,51.0,11.0,79.0,Satisfactory
"Bidhannagar, Kolkata - WBPCB",2027-06-06,50.0,10.0,79.0,Good
"Bidhannagar, Kolkata - WBPCB",2027-06-07,50.0,10.0,79.0,Good
"Bidhannagar, Kolkata - WBPCB",2027-06-08,50.0,10.0,78.0,Good
"Bidhannagar, Kolkata - WBPCB",2027-06-09,49.0,10.0,78.0,Good
"Bidhannagar, Kolkata - WBPCB",2027-06-10,49.0,9.0,78.0,Good
"Bidhannagar, Kolkata - WBPCB",2027-06-11,49.0,9.0,78.0,Good
"Bidhannagar, Kolkata - WBPCB",2027-06-12,49.0,9.0,77.0,Good
"Bidhannagar, Kolkata - WBPCB",2027-06-13,48.0,9.0,77.0,Good
"Bidhannagar, Kolkata - WBPCB",2027-06-14,48.0,8.0,77.0,Good
"Bidhannagar, Kolkata - WBPCB",2027-06-15,48.0,8.0,77.0,Good
"Bidhannagar, Kolkata - WBPCB",2027-06-16,48.0,8.0,76.0,Good
"Bidhannagar, Kolkata - WBPCB",2027-06-17,48.0,8.0,76.0,Good
"Bidhannagar, Kolkata - WBPCB",2027-06-18,47.0,7.0,76.0,Good
"Bidhannagar, Kolkata - WBPCB",2027-06-19,47.0,7.0,76.0,Good
"Bidhannagar, Kolkata - WBPCB",2027-06-20,47.0,7.0,76.0,Good
"Bidhannagar, Kolkata - WBPCB",2027-06-21,47.0,7.0,75.0,Good
"Bidhannagar, Kolkata - WBPCB",2027-06-22,47.0,7.0,75.0,Good
"Bidhannagar, Kolkata - WBPCB",2027-06-23,46.0,7.0,75.0,Good
"Bidhannagar, Kolkata - WBPCB",2027-06-24,46.0,6.0,75.0,Good
"Bidhannagar, Kolkata - WBPCB",2027-06-25,46.0,6.0,75.0,Good
"Bidhannagar, Kolkata - WBPCB",2027-06-26,46.0,6.0,75.0,Good
"Bidhannagar, Kolkata - WBPCB",2027-06-27,46.0,6.0,74.0,Good
"Bidhannagar, Kolkata - WBPCB",2027-06-28,46.0,6.0,74.0,Good
"Bidhannagar, Kolkata - WBPCB",2027-06-29,45.0,6.0,74.0,Good
"Bidhannagar, Kolkata - WBPCB",2027-06-30,45.0,5.0,74.0,Good
"Bidhannagar, Kolkata - WBPCB",2027-07-01,45.0,5.0,74.0,Good
"Bidhannagar, Kolkata - WBPCB",2027-07-02,45.0,5.0,74.0,Good
"Bidhannagar, Kolkata - WBPCB",2027-07-03,45.0,5.0,74.0,Good
"Bidhannagar, Kolkata - WBPCB",2027-07-04,45.0,5.0,74.0,Good
"Bidhannagar, Kolkata - WBPCB",2027-07-05,45.0,5.0,74.0,Good
"Bidhannagar, Kolkata - WBPCB",2027-07-06,45.0,5.0,73.0,Good
"Bidhannagar, Kolkata - WBPCB",2027-07-07,45.0,5.0,73.0,Good
"Bidhannagar, Kolkata - WBPCB",2027-07-08,45.0,5.0,73.0,Good
"Bidhannagar, Kolkata - WBPCB",2027-07-09,45.0,5.0,73.0,Good
"Bidhannagar, Kolkata - WBPCB",2027-07-10,44.0,5.0,73.0,Good
"Bidhannagar, Kolkata - WBPCB",2027-07-11,44.0,5.0,73.0,Good
"Bidhannagar, Kolkata - WBPCB",2027-07-12,44.0,5.0,73.0,Good
"Bidhannagar, Kolkata - WBPCB",2027-07-13,44.0,4.0,73.0,Good
"Bidhannagar, Kolkata - WBPCB",2027-07-14,44.0,4.0,73.0,Good
"Bidhannagar, Kolkata - WBPCB",2027-07-15,44.0,4.0,73.0,Good
"Bidhannagar, Kolkata - WBPCB",2027-07-16,44.0,4.0,73.0,Good
"Bidhannagar, Kolkata - WBPCB",2027-07-17,44.0,4.0,73.0,Good
"Bidhannagar, Kolkata - WBPCB",2027-07-18,44.0,4.0,73.0,Good
"Bidhannagar, Kolkata - WBPCB",2027-07-19,44.0,4.0,73.0,Good
"Bidhannagar, Kolkata - WBPCB",2027-07-20,44.0,4.0,73.0,Good
"Bidhannagar, Kolkata - WBPCB",2027-07-21,44.0,4.0,73.0,Good
"Bidhannagar, Kolkata - WBPCB",2027-07-22,44.0,4.0,73.0,Good
"Bidhannagar, Kolkata - WBPCB",2027-07-23,44.0,4.0,73.0,Good
"Bidhannagar, Kolkata - WBPCB",2027-07-24,44.0,4.0,73.0,Good
"Bidhannagar, Kolkata - WBPCB",2027-07-25,44.0,4.0,73.0,Good
"Bidhannagar, Kolkata - WBPCB",2027-07-26,44.0,4.0,73.0,Good
"Bidhannagar, Kolkata - WBPCB",2027-07-27,44.0,4.0,73.0,Good
"Bidhannagar, Kolkata - WBPCB",2027-07-28,44.0,4.0,73.0,Good
"Bidhannagar, Kolkata - WBPCB",2027-07-29,44.0,4.0,73.0,Good
"Bidhannagar, Kolkata - WBPCB",2027-07-30,44.0,4.0,73.0,Good
"Bidhannagar, Kolkata - WBPCB",2027-07-31,44.0,4.0,73.0,Good
"Bidhannagar, Kolkata - WBPCB",2027-08-01,44.0,4.0,73.0,Good
"Bidhannagar, Kolkata - WBPCB",2027-08-02,44.0,4.0,73.0,Good
"Bidhannagar, Kolkata - WBPCB",2027-08-03,44.0,4.0,72.0,Good
"Bidhannagar, Kolkata - WBPCB",2027-08-04,44.0,4.0,72.0,Good
"Bidhannagar, Kolkata - WBPCB",2027-08-05,44.0,4.0,72.0,Good
"Bidhannagar, Kolkata - WBPCB",2027-08-06,44.0,4.0,72.0,Good
"Bidhannagar, Kolkata - WBPCB",2027-08-07,44.0,4.0,72.0,Good
"Bidhannagar, Kolkata - WBPCB",2027-08-08,44.0,4.0,72.0,Good
"Bidhannagar, Kolkata - WBPCB",2027-08-09,44.0,4.0,72.0,Good
"Bidhannagar, Kolkata - WBPCB",2027-08-10,44.0,4.0,72.0,Good
"Bidhannagar, Kolkata - WBPCB",2027-08-11,43.0,4.0,72.0,Good
"Bidhannagar, Kolkata - WBPCB",2027-08-12,43.0,4.0,72.0,Good
"Bidhannagar, Kolkata - WBPCB",2027-08-13,43.0,4.0,72.0,Good
"Bidhannagar, Kolkata - WBPCB",2027-08-14,43.0,4.0,72.0,Good
"Bidhannagar, Kolkata - WBPCB",2027-08-15,43.0,4.0,72.0,Good
"Bidhannagar, Kolkata - WBPCB",2027-08-16,43.0,4.0,72.0,Good
"Bidhannagar, Kolkata - WBPCB",2027-08-17,43.0,3.0,72.0,Good
"Bidhannagar, Kolkata - WBPCB",2027-08-18,43.0,3.0,72.0,Good
"Bidhannagar, Kolkata - WBPCB",2027-08-19,43.0,3.0,72.0,Good
"Bidhannagar, Kolkata - WBPCB",2027-08-20,43.0,3.0,72.0,Good
"Bidhannagar, Kolkata - WBPCB",2027-08-21,43.0,3.0,72.0,Good
"Bidhannagar, Kolkata - WBPCB",2027-08-22,43.0,3.0,72.0,Good
"Bidhannagar, Kolkata - WBPCB",2027-08-23,43.0,3.0,72.0,Good
"Bidhannagar, Kolkata - WBPCB",2027-08-24,43.0,3.0,72.0,Good
"Bidhannagar, Kolkata - WBPCB",2027-08-25,43.0,3.0,72.0,Good
"Bidhannagar, Kolkata - WBPCB",2027-08-26,43.0,3.0,72.0,Good
"Bidhannagar, Kolkata - WBPCB",2027-08-27,43.0,3.0,72.0,Good
"Bidhannagar, Kolkata - WBPCB",2027-08-28,43.0,3.0,72.0,Good
"Bidhannagar, Kolkata - WBPCB",2027-08-29,43.0,4.0,72.0,Good
"Bidhannagar, Kolkata - WBPCB",2027-08-30,43.0,4.0,72.0,Good
"Bidhannagar, Kolkata - WBPCB",2027-08-31,43.0,4.0,72.0,Good
"Bidhannagar, Kolkata - WBPCB",2027-09-01,44.0,4.0,72.0,Good
"Bidhannagar, Kolkata - WBPCB",2027-09-02,44.0,4.0,72.0,Good
"Bidhannagar, Kolkata - WBPCB",2027-09-03,44.0,4.0,73.0,Good
"Bidhannagar, Kolkata - WBPCB",2027-09-04,44.0,4.0,73.0,Good
"Bidhannagar, Kolkata - WBPCB",2027-09-05,44.0,4.0,73.0,Good
"Bidhannagar, Kolkata - WBPCB",2027-09-06,44.0,4.0,73.0,Good
"Bidhannagar, Kolkata - WBPCB",2027-09-07,44.0,5.0,73.0,Good
"Bidhannagar, Kolkata - WBPCB",2027-09-08,45.0,5.0,73.0,Good
"Bidhannagar, Kolkata - WBPCB",2027-09-09,45.0,5.0,74.0,Good
"Bidhannagar, Kolkata - WBPCB",2027-09-10,45.0,5.0,74.0,Good
"Bidhannagar, Kolkata - WBPCB",2027-09-11,45.0,6.0,74.0,Good
"Bidhannagar, Kolkata - WBPCB",2027-09-12,46.0,6.0,74.0,Good
"Bidhannagar, Kolkata - WBPCB",2027-09-13,46.0,6.0,75.0,Good
"Bidhannagar, Kolkata - WBPCB",2027-09-14,46.0,7.0,75.0,Good
"Bidhannagar, Kolkata - WBPCB",2027-09-15,47.0,7.0,76.0,Good
"Bidhannagar, Kolkata - WBPCB",2027-09-16,47.0,7.0,76.0,Good
"Bidhannagar, Kolkata - WBPCB",2027-09-17,48.0,8.0,76.0,Good
"Bidhannagar, Kolkata - WBPCB",2027-09-18,48.0,8.0,77.0,Good
"Bidhannagar, Kolkata - WBPCB",2027-09-19,49.0,9.0,77.0,Good
"Bidhannagar, Kolkata - WBPCB",2027-09-20,49.0,9.0,78.0,Good
"Bidhannagar, Kolkata - WBPCB",2027-09-21,50.0,10.0,79.0,Good
"Bidhannagar, Kolkata - WBPCB",2027-09-22,51.0,11.0,79.0,Satisfactory
"Bidhannagar, Kolkata - WBPCB",2027-09-23,51.0,11.0,80.0,Satisfactory
"Bidhannagar, Kolkata - WBPCB",2027-09-24,52.0,12.0,81.0,Satisfactory
"Bidhannagar, Kolkata - WBPCB",2027-09-25,53.0,13.0,81.0,Satisfactory
"Bidhannagar, Kolkata - WBPCB",2027-09-26,53.0,14.0,82.0,Satisfactory
"Bidhannagar, Kolkata - WBPCB",2027-09-27,54.0,14.0,83.0,Satisfactory
"Bidhannagar, Kolkata - WBPCB",2027-09-28,55.0,15.0,84.0,Satisfactory
"Bidhannagar, Kolkata - WBPCB",2027-09-29,56.0,16.0,85.0,Satisfactory
"Bidhannagar, Kolkata - WBPCB",2027-09-30,57.0,17.0,86.0,Satisfactory
"Bidhannagar, Kolkata - WBPCB",2027-10-01,58.0,18.0,87.0,Satisfactory
"Bidhannagar, Kolkata - WBPCB",2027-10-02,59.0,19.0,88.0,Satisfactory
"Bidhannagar, Kolkata - WBPCB",2027-10-03,60.0,20.0,89.0,Satisfactory
"Bidhannagar, Kolkata - WBPCB",2027-10-04,61.0,21.0,90.0,Satisfactory
"Fort William, Kolkata - WBPCB",2026-10-05,74.0,66.0,83.0,Satisfactory
"Fort William, Kolkata - WBPCB",2026-10-06,75.0,67.0,84.0,Satisfactory
"Fort William, Kolkata - WBPCB",2026-10-07,75.0,67.0,84.0,Satisfactory
"Fort William, Kolkata - WBPCB",2026-10-08,76.0,68.0,85.0,Satisfactory
"Fort William, Kolkata - WBPCB",2026-10-09,77.0,68.0,86.0,Satisfactory
"Fort William, Kolkata - WBPCB",2026-10-10,77.0,69.0,86.0,Satisfactory
"Fort William, Kolkata - WBPCB",2026-10-11,78.0,70.0,87.0,Satisfactory
"Fort William, Kolkata - WBPCB",2026-10-12,78.0,70.0,87.0,Satisfactory
"Fort William, Kolkata - WBPCB",2026-10-13,79.0,71.0,88.0,Satisfactory
"Fort William, Kolkata - WBPCB",2026-10-14,80.0,71.0,89.0,Satisfactory
"Fort William, Kolkata - WBPCB",2026-10-15,80.0,72.0,89.0,Satisfactory
"Fort William, Kolkata - WBPCB",2026-10-16,81.0,73.0,90.0,Satisfactory
"Fort William, Kolkata - WBPCB",2026-10-17,81.0,73.0,90.0,Satisfactory
"Fort William, Kolkata - WBPCB",2026-10-18,82.0,74.0,91.0,Satisfactory
"Fort William, Kolkata - WBPCB",2026-10-19,83.0,74.0,92.0,Satisfactory
"Fort William, Kolkata - WBPCB",2026-10-20,83.0,75.0,92.0,Satisfactory
"Fort William, Kolkata - WBPCB",2026-10-21,84.0,76.0,93.0,Satisfactory
"Fort William, Kolkata - WBPCB",2026-10-22,84.0,76.0,93.0,Satisfactory
"Fort William, Kolkata - WBPCB",2026-10-23,85.0,77.0,94.0,Satisfactory
"Fort William, Kolkata - WBPCB",2026-10-24,86.0,77.0,95.0,Satisfactory
"Fort William, Kolkata - WBPCB",2026-10-25,86.0,78.0,95.0,Satisfactory
"Fort William, Kolkata - WBPCB",2026-10-26,87.0,79.0,96.0,Satisfactory
"Fort William, Kolkata - WBPCB",2026-10-27,87.0,79.0,96.0,Satisfactory
"Fort William, Kolkata - WBPCB",2026-10-28,88.0,80.0,97.0,Satisfactory
"Fort William, Kolkata - WBPCB",2026-10-29,89.0,80.0,98.0,Satisfactory
"Fort William, Kolkata - WBPCB",2026-10-30,89.0,81.0,98.0,Satisfactory
"Fort William, Kolkata - WBPCB",2026-10-31,90.0,82.0,99.0,Satisfactory
"Fort William, Kolkata - WBPCB",2026-11-01,90.0,82.0,99.0,Satisfactory
"Fort William, Kolkata - WBPCB",2026-11-02,91.0,83.0,100.0,Satisfactory
"Fort William, Kolkata - WBPCB",2026-11-03,92.0,83.0,101.0,Satisfactory
"Fort William, Kolkata - WBPCB",2026-11-04,92.0,84.0,101.0,Satisfactory
"Fort William, Kolkata - WBPCB",2026-11-05,93.0,84.0,102.0,Satisfactory
"Fort William, Kolkata - WBPCB",2026-11-06,93.0,85.0,102.0,Satisfactory
"Fort William, Kolkata - WBPCB",2026-11-07,94.0,86.0,103.0,Satisfactory
"Fort William, Kolkata - WBPCB",2026-11-08,94.0,86.0,103.0,Satisfactory
"Fort William, Kolkata - WBPCB",2026-11-09,95.0,87.0,104.0,Satisfactory
"Fort William, Kolkata - WBPCB",2026-11-10,96.0,87.0,105.0,Satisfactory
"Fort William, Kolkata - WBPCB",2026-11-11,96.0,88.0,105.0,Satisfactory
"Fort William, Kolkata - WBPCB",2026-11-12,97.0,88.0,106.0,Satisfactory
"Fort William, Kolkata - WBPCB",2026-11-13,97.0,89.0,106.0,Satisfactory
"Fort William, Kolkata - WBPCB",2026-11-14,98.0,89.0,107.0,Satisfactory
"Fort William, Kolkata - WBPCB",2026-11-15,98.0,90.0,107.0,Satisfactory
"Fort William, Kolkata - WBPCB",2026-11-16,99.0,91.0,108.0,Satisfactory
"Fort William, Kolkata - WBPCB",2026-11-17,99.0,91.0,108.0,Satisfactory
"Fort William, Kolkata - WBPCB",2026-11-18,100.0,92.0,109.0,Satisfactory
"Fort William, Kolkata - WBPCB",2026-11-19,100.0,92.0,109.0,Satisfactory
"Fort William, Kolkata - WBPCB",2026-11-20,101.0,93.0,110.0,Moderate
"Fort William, Kolkata - WBPCB",2026-11-21,101.0,93.0,110.0,Moderate
"Fort William, Kolkata - WBPCB",2026-11-22,102.0,94.0,111.0,Moderate
"Fort William, Kolkata - WBPCB",2026-11-23,102.0,94.0,111.0,Moderate
"Fort William, Kolkata - WBPCB",2026-11-24,103.0,95.0,112.0,Moderate
"Fort William, Kolkata - WBPCB",2026-11-25,103.0,95.0,112.0,Moderate
"Fort William, Kolkata - WBPCB",2026-11-26,104.0,95.0,113.0,Moderate
"Fort William, Kolkata - WBPCB",2026-11-27,104.0,96.0,113.0,Moderate
"Fort William, Kolkata - WBPCB",2026-11-28,105.0,96.0,114.0,Moderate
"Fort William, Kolkata - WBPCB",2026-11-29,105.0,97.0,114.0,Moderate
"Fort William, Kolkata - WBPCB",2026-11-30,105.0,97.0,114.0,Moderate
"Fort William, Kolkata - WBPCB",2026-12-01,106.0,98.0,115.0,Moderate
"Fort William, Kolkata - WBPCB",2026-12-02,106.0,98.0,115.0,Moderate
"Fort William, Kolkata - WBPCB",2026-12-03,107.0,99.0,116.0,Moderate
"Fort William, Kolkata - WBPCB",2026-12-04,107.0,99.0,116.0,Moderate
"Fort William, Kolkata - WBPCB",2026-12-05,108.0,99.0,117.0,Moderate
"Fort William, Kolkata - WBPCB",2026-12-06,108.0,100.0,117.0,Moderate
"Fort William, Kolkata - WBPCB",2026-12-07,108.0,100.0,117.0,Moderate
"Fort William, Kolkata - WBPCB",2026-12-08,109.0,100.0,118.0,Moderate
"Fort William, Kolkata - WBPCB",2026-12-09,109.0,101.0,118.0,Moderate
"Fort William, Kolkata - WBPCB",2026-12-10,109.0,101.0,118.0,Moderate
"Fort William, Kolkata - WBPCB",2026-12-11,110.0,102.0,119.0,Moderate
"Fort William, Kolkata - WBPCB",2026-12-12,110.0,102.0,119.0,Moderate
"Fort William, Kolkata - WBPCB",2026-12-13,110.0,102.0,119.0,Moderate
"Fort William, Kolkata - WBPCB",2026-12-14,111.0,103.0,120.0,Moderate
"Fort William, Kolkata - WBPCB",2026-12-15,111.0,103.0,120.0,Moderate
"Fort William, Kolkata - WBPCB",2026-12-16,111.0,103.0,120.0,Moderate
"Fort William, Kolkata - WBPCB",2026-12-17,112.0,103.0,121.0,Moderate
"Fort William, Kolkata - WBPCB",2026-12-18,112.0,104.0,121.0,Moderate
"Fort William, Kolkata - WBPCB",2026-12-19,112.0,104.0,121.0,Moderate
"Fort William, Kolkata - WBPCB",2026-12-20,112.0,104.0,121.0,Moderate
"Fort William, Kolkata - WBPCB",2026-12-21,113.0,105.0,122.0,Moderate
"Fort William, Kolkata - WBPCB",2026-12-22,113.0,105.0,122.0,Moderate
"Fort William, Kolkata - WBPCB",2026-12-23,113.0,105.0,122.0,Moderate
"Fort William, Kolkata - WBPCB",2026-12-24,113.0,105.0,122.0,Moderate
"Fort William, Kolkata - WBPCB",2026-12-25,114.0,105.0,123.0,Moderate
"Fort William, Kolkata - WBPCB",2026-12-26,114.0,106.0,123.0,Moderate
"Fort William, Kolkata - WBPCB",2026-12-27,114.0,106.0,123.0,Moderate
"Fort William, Kolkata - WBPCB",2026-12-28,114.0,106.0,123.0,Moderate
"Fort William, Kolkata - WBPCB",2026-12-29,114.0,106.0,123.0,Moderate
"Fort William, Kolkata - WBPCB",2026-12-30,115.0,106.0,124.0,Moderate
"Fort William, Kolkata - WBPCB",2026-12-31,115.0,107.0,124.0,Moderate
"Fort William, Kolkata - WBPCB",2027-01-01,115.0,107.0,124.0,Moderate
"Fort William, Kolkata - WBPCB",2027-01-02,115.0,107.0,124.0,Moderate
"Fort William, Kolkata - WBPCB",2027-01-03,115.0,107.0,124.0,Moderate
"Fort William, Kolkata - WBPCB",2027-01-04,115.0,107.0,124.0,Moderate
"Fort William, Kolkata - WBPCB",2027-01-05,115.0,107.0,124.0,Moderate
"Fort William, Kolkata - WBPCB",2027-01-06,115.0,107.0,124.0,Moderate
"Fort William, Kolkata - WBPCB",2027-01-07,116.0,107.0,125.0,Moderate
"Fort William, Kolkata - WBPCB",2027-01-08,116.0,107.0,125.0,Moderate
"Fort William, Kolkata - WBPCB",2027-01-09,116.0,107.0,125.0,Moderate
"Fort William, Kolkata - WBPCB",2027-01-10,116.0,108.0,125.0,Moderate
"Fort William, Kolkata - WBPCB",2027-01-11,116.0,108.0,125.0,Moderate
"Fort William, Kolkata - WBPCB",2027-01-12,116.0,108.0,125.0,Moderate
"Fort William, Kolkata - WBPCB",2027-01-13,116.0,108.0,125.0,Moderate
"Fort William, Kolkata - WBPCB",2027-01-14,116.0,108.0,125.0,Moderate
"Fort William, Kolkata - WBPCB",2027-01-15,116.0,108.0,125.0,Moderate
"Fort William, Kolkata - WBPCB",2027-01-16,116.0,108.0,125.0,Moderate
"Fort William, Kolkata - WBPCB",2027-01-17,116.0,108.0,125.0,Moderate
"Fort William, Kolkata - WBPCB",2027-01-18,116.0,108.0,125.0,Moderate
"Fort William, Kolkata - WBPCB",2027-01-19,116.0,107.0,125.0,Moderate
"Fort William, Kolkata - WBPCB",2027-01-20,116.0,107.0,125.0,Moderate
"Fort William, Kolkata - WBPCB",2027-01-21,116.0,107.0,125.0,Moderate
"Fort William, Kolkata - WBPCB",2027-01-22,116.0,107.0,124.0,Moderate
"Fort William, Kolkata - WBPCB",2027-01-23,115.0,107.0,124.0,Moderate
"Fort William, Kolkata - WBPCB",2027-01-24,115.0,107.0,124.0,Moderate
"Fort William, Kolkata - WBPCB",2027-01-25,115.0,107.0,124.0,Moderate
"Fort William, Kolkata - WBPCB",2027-01-26,115.0,107.0,124.0,Moderate
"Fort William, Kolkata - WBPCB",2027-01-27,115.0,107.0,124.0,Moderate
"Fort William, Kolkata - WBPCB",2027-01-28,115.0,107.0,124.0,Moderate
"Fort William, Kolkata - WBPCB",2027-01-29,115.0,106.0,124.0,Moderate
"Fort William, Kolkata - WBPCB",2027-01-30,114.0,106.0,123.0,Moderate
"Fort William, Kolkata - WBPCB",2027-01-31,114.0,106.0,123.0,Moderate
"Fort William, Kolkata - WBPCB",2027-02-01,114.0,106.0,123.0,Moderate
"Fort William, Kolkata - WBPCB",2027-02-02,114.0,106.0,123.0,Moderate
"Fort William, Kolkata - WBPCB",2027-02-03,114.0,106.0,123.0,Moderate
"Fort William, Kolkata - WBPCB",2027-02-04,114.0,105.0,123.0,Moderate
"Fort William, Kolkata - WBPCB",2027-02-05,113.0,105.0,122.0,Moderate
"Fort William, Kolkata - WBPCB",2027-02-06,113.0,105.0,122.0,Moderate
"Fort William, Kolkata - WBPCB",2027-02-07,113.0,105.0,122.0,Moderate
"Fort William, Kolkata - WBPCB",2027-02-08,113.0,104.0,122.0,Moderate
"Fort William, Kolkata - WBPCB",2027-02-09,112.0,104.0,121.0,Moderate
"Fort William, Kolkata - WBPCB",2027-02-10,112.0,104.0,121.0,Moderate
"Fort William, Kolkata - WBPCB",2027-02-11,112.0,104.0,121.0,Moderate
"Fort William, Kolkata - WBPCB",2027-02-12,111.0,103.0,120.0,Moderate
"Fort William, Kolkata - WBPCB",2027-02-13,111.0,103.0,120.0,Moderate
"Fort William, Kolkata - WBPCB",2027-02-14,111.0,103.0,120.0,Moderate
"Fort William, Kolkata - WBPCB",2027-02-15,111.0,102.0,120.0,Moderate
"Fort William, Kolkata - WBPCB",2027-02-16,110.0,102.0,119.0,Moderate
"Fort William, Kolkata - WBPCB",2027-02-17,110.0,102.0,119.0,Moderate
"Fort William, Kolkata - WBPCB",2027-02-18,110.0,101.0,119.0,Moderate
"Fort William, Kolkata - WBPCB",2027-02-19,109.0,101.0,118.0,Moderate
"Fort William, Kolkata - WBPCB",2027-02-20,109.0,101.0,118.0,Moderate
"Fort William, Kolkata - WBPCB",2027-02-21,108.0,100.0,117.0,Moderate
"Fort William, Kolkata - WBPCB",2027-02-22,108.0,100.0,117.0,Moderate
"Fort William, Kolkata - WBPCB",2027-02-23,108.0,99.0,117.0,Moderate
"Fort William, Kolkata - WBPCB",2027-02-24,107.0,99.0,116.0,Moderate
"Fort William, Kolkata - WBPCB",2027-02-25,107.0,99.0,116.0,Moderate
"Fort William, Kolkata - WBPCB",2027-02-26,106.0,98.0,115.0,Moderate
"Fort William, Kolkata - WBPCB",2027-02-27,106.0,98.0,115.0,Moderate
"Fort William, Kolkata - WBPCB",2027-02-28,106.0,97.0,115.0,Moderate
"Fort William, Kolkata - WBPCB",2027-03-01,105.0,97.0,114.0,Moderate
"Fort William, Kolkata - WBPCB",2027-03-02,105.0,97.0,114.0,Moderate
"Fort William, Kolkata - WBPCB",2027-03-03,104.0,96.0,113.0,Moderate
"Fort William, Kolkata - WBPCB",2027-03-04,104.0,96.0,113.0,Moderate
"Fort William, Kolkata - WBPCB",2027-03-05,103.0,95.0,112.0,Moderate
"Fort William, Kolkata - WBPCB",2027-03-06,103.0,95.0,112.0,Moderate
"Fort William, Kolkata - WBPCB",2027-03-07,102.0,94.0,111.0,Moderate
"Fort William, Kolkata - WBPCB",2027-03-08,102.0,94.0,111.0,Moderate
"Fort William, Kolkata - WBPCB",2027-03-09,101.0,93.0,110.0,Moderate
"Fort William, Kolkata - WBPCB",2027-03-10,101.0,93.0,110.0,Moderate
"Fort William, Kolkata - WBPCB",2027-03-11,100.0,92.0,109.0,Satisfactory
"Fort William, Kolkata - WBPCB",2027-03-12,100.0,92.0,109.0,Satisfactory
"Fort William, Kolkata - WBPCB",2027-03-13,99.0,91.0,108.0,Satisfactory
"Fort William, Kolkata - WBPCB",2027-03-14,99.0,91.0,108.0,Satisfactory
"Fort William, Kolkata - WBPCB",2027-03-15,98.0,90.0,107.0,Satisfactory
"Fort William, Kolkata - WBPCB",2027-03-16,98.0,90.0,107.0,Satisfactory
"Fort William, Kolkata - WBPCB",2027-03-17,97.0,89.0,106.0,Satisfactory
"Fort William, Kolkata - WBPCB",2027-03-18,97.0,89.0,106.0,Satisfactory
"Fort William, Kolkata - WBPCB",2027-03-19,96.0,88.0,105.0,Satisfactory
"Fort William, Kolkata - WBPCB",2027-03-20,96.0,87.0,105.0,Satisfactory
"Fort William, Kolkata - WBPCB",2027-03-21,95.0,87.0,104.0,Satisfactory
"Fort William, Kolkata - WBPCB",2027-03-22,95.0,86.0,104.0,Satisfactory
"Fort William, Kolkata - WBPCB",2027-03-23,94.0,86.0,103.0,Satisfactory
"Fort William, Kolkata - WBPCB",2027-03-24,93.0,85.0,102.0,Satisfactory
"Fort William, Kolkata - WBPCB",2027-03-25,93.0,85.0,102.0,Satisfactory
"Fort William, Kolkata - WBPCB",2027-03-26,92.0,84.0,101.0,Satisfactory
"Fort William, Kolkata - WBPCB",2027-03-27,92.0,83.0,101.0,Satisfactory
"Fort William, Kolkata - WBPCB",2027-03-28,91.0,83.0,100.0,Satisfactory
"Fort William, Kolkata - WBPCB",2027-03-29,91.0,82.0,100.0,Satisfactory
"Fort William, Kolkata - WBPCB",2027-03-30,90.0,82.0,99.0,Satisfactory
"Fort William, Kolkata - WBPCB",2027-03-31,89.0,81.0,98.0,Satisfactory
"Fort William, Kolkata - WBPCB",2027-04-01,89.0,81.0,98.0,Satisfactory
"Fort William, Kolkata - WBPCB",2027-04-02,88.0,80.0,97.0,Satisfactory
"Fort William, Kolkata - WBPCB",2027-04-03,88.0,79.0,97.0,Satisfactory
"Fort William, Kolkata - WBPCB",2027-04-04,87.0,79.0,96.0,Satisfactory
"Fort William, Kolkata - WBPCB",2027-04-05,86.0,78.0,95.0,Satisfactory
"Fort William, Kolkata - WBPCB",2027-04-06,86.0,78.0,95.0,Satisfactory
"Fort William, Kolkata - WBPCB",2027-04-07,85.0,77.0,94.0,Satisfactory
"Fort William, Kolkata - WBPCB",2027-04-08,85.0,76.0,94.0,Satisfactory
"Fort William, Kolkata - WBPCB",2027-04-09,84.0,76.0,93.0,Satisfactory
"Fort William, Kolkata - WBPCB",2027-04-10,83.0,75.0,92.0,Satisfactory
"Fort William, Kolkata - WBPCB",2027-04-11,83.0,75.0,92.0,Satisfactory
"Fort William, Kolkata - WBPCB",2027-04-12,82.0,74.0,91.0,Satisfactory
"Fort William, Kolkata - WBPCB",2027-04-13,82.0,73.0,91.0,Satisfactory
"Fort William, Kolkata - WBPCB",2027-04-14,81.0,73.0,90.0,Satisfactory
"Fort William, Kolkata - WBPCB",2027-04-15,80.0,72.0,89.0,Satisfactory
"Fort William, Kolkata - WBPCB",2027-04-16,80.0,71.0,89.0,Satisfactory
"Fort William, Kolkata - WBPCB",2027-04-17,79.0,71.0,88.0,Satisfactory
"Fort William, Kolkata - WBPCB",2027-04-18,78.0,70.0,87.0,Satisfactory
"Fort William, Kolkata - WBPCB",2027-04-19,78.0,70.0,87.0,Satisfactory
"Fort William, Kolkata - WBPCB",2027-04-20,77.0,69.0,86.0,Satisfactory
"Fort William, Kolkata - WBPCB",2027-04-21,77.0,68.0,86.0,Satisfactory
"Fort William, Kolkata - WBPCB",2027-04-22,76.0,68.0,85.0,Satisfactory
"Fort William, Kolkata - WBPCB",2027-04-23,75.0,67.0,84.0,Satisfactory
"Fort William, Kolkata - WBPCB",2027-04-24,75.0,67.0,84.0,Satisfactory
"Fort William, Kolkata - WBPCB",2027-04-25,74.0,66.0,83.0,Satisfactory
"Fort William, Kolkata - WBPCB",2027-04-26,74.0,65.0,83.0,Satisfactory
"Fort William, Kolkata - WBPCB",2027-04-27,73.0,65.0,82.0,Satisfactory
"Fort William, Kolkata - WBPCB",2027-04-28,72.0,64.0,81.0,Satisfactory
"Fort William, Kolkata - WBPCB",2027-04-29,72.0,64.0,81.0,Satisfactory
"Fort William, Kolkata - WBPCB",2027-04-30,71.0,63.0,80.0,Satisfactory
"Fort William, Kolkata - WBPCB",2027-05-01,71.0,63.0,80.0,Satisfactory
"Fort William, Kolkata - WBPCB",2027-05-02,70.0,62.0,79.0,Satisfactory
"Fort William, Kolkata - WBPCB",2027-05-03,70.0,61.0,79.0,Satisfactory
"Fort William, Kolkata - WBPCB",2027-05-04,69.0,61.0,78.0,Satisfactory
"Fort William, Kolkata - WBPCB",2027-05-05,68.0,60.0,77.0,Satisfactory
"Fort William, Kolkata - WBPCB",2027-05-06,68.0,60.0,77.0,Satisfactory
"Fort William, Kolkata - WBPCB",2027-05-07,67.0,59.0,76.0,Satisfactory
"Fort William, Kolkata - WBPCB",2027-05-08,67.0,59.0,76.0,Satisfactory
"Fort William, Kolkata - WBPCB",2027-05-09,66.0,58.0,75.0,Satisfactory
"Fort William, Kolkata - WBPCB",2027-05-10,66.0,57.0,75.0,Satisfactory
"Fort William, Kolkata - WBPCB",2027-05-11,65.0,57.0,74.0,Satisfactory
"Fort William, Kolkata - WBPCB",2027-05-12,65.0,56.0,74.0,Satisfactory
"Fort William, Kolkata - WBPCB",2027-05-13,64.0,56.0,73.0,Satisfactory
"Fort William, Kolkata - WBPCB",2027-05-14,63.0,55.0,72.0,Satisfactory
"Fort William, Kolkata - WBPCB",2027-05-15,63.0,55.0,72.0,Satisfactory
"Fort William, Kolkata - WBPCB",2027-05-16,62.0,54.0,71.0,Satisfactory
"Fort William, Kolkata - WBPCB",2027-05-17,62.0,54.0,71.0,Satisfactory
"Fort William, Kolkata - WBPCB",2027-05-18,61.0,53.0,70.0,Satisfactory
"Fort William, Kolkata - WBPCB",2027-05-19,61.0,53.0,70.0,Satisfactory
"Fort William, Kolkata - WBPCB",2027-05-20,60.0,52.0,69.0,Satisfactory
"Fort William, Kolkata - WBPCB",2027-05-21,60.0,52.0,69.0,Satisfactory
"Fort William, Kolkata - WBPCB",2027-05-22,59.0,51.0,68.0,Satisfactory
"Fort William, Kolkata - WBPCB",2027-05-23,59.0,51.0,68.0,Satisfactory
"Fort William, Kolkata - WBPCB",2027-05-24,58.0,50.0,67.0,Satisfactory
"Fort William, Kolkata - WBPCB",2027-05-25,58.0,50.0,67.0,Satisfactory
"Fort William, Kolkata - WBPCB",2027-05-26,57.0,49.0,66.0,Satisfactory
"Fort William, Kolkata - WBPCB",2027-05-27,57.0,49.0,66.0,Satisfactory
"Fort William, Kolkata - WBPCB",2027-05-28,57.0,48.0,66.0,Satisfactory
"Fort William, Kolkata - WBPCB",2027-05-29,56.0,48.0,65.0,Satisfactory
"Fort William, Kolkata - WBPCB",2027-05-30,56.0,47.0,65.0,Satisfactory
"Fort William, Kolkata - WBPCB",2027-05-31,55.0,47.0,64.0,Satisfactory
"Fort William, Kolkata - WBPCB",2027-06-01,55.0,47.0,64.0,Satisfactory
"Fort William, Kolkata - WBPCB",2027-06-02,54.0,46.0,63.0,Satisfactory
"Fort William, Kolkata - WBPCB",2027-06-03,54.0,46.0,63.0,Satisfactory
"Fort William, Kolkata - WBPCB",2027-06-04,54.0,45.0,63.0,Satisfactory
"Fort William, Kolkata - WBPCB",2027-06-05,53.0,45.0,62.0,Satisfactory
"Fort William, Kolkata - WBPCB",2027-06-06,53.0,45.0,62.0,Satisfactory
"Fort William, Kolkata - WBPCB",2027-06-07,53.0,44.0,61.0,Satisfactory
"Fort William, Kolkata - WBPCB",2027-06-08,52.0,44.0,61.0,Satisfactory
"Fort William, Kolkata - WBPCB",2027-06-09,52.0,44.0,61.0,Satisfactory
"Fort William, Kolkata - WBPCB",2027-06-10,51.0,43.0,60.0,Satisfactory
"Fort William, Kolkata - WBPCB",2027-06-11,51.0,43.0,60.0,Satisfactory
"Fort William, Kolkata - WBPCB",2027-06-12,51.0,43.0,60.0,Satisfactory
"Fort William, Kolkata - WBPCB",2027-06-13,50.0,42.0,59.0,Good
"Fort William, Kolkata - WBPCB",2027-06-14,50.0,42.0,59.0,Good
"Fort William, Kolkata - WBPCB",2027-06-15,50.0,42.0,59.0,Good
"Fort William, Kolkata - WBPCB",2027-06-16,50.0,41.0,59.0,Good
"Fort William, Kolkata - WBPCB",2027-06-17,49.0,41.0,58.0,Good
"Fort William, Kolkata - WBPCB",2027-06-18,49.0,41.0,58.0,Good
"Fort William, Kolkata - WBPCB",2027-06-19,49.0,40.0,58.0,Good
"Fort William, Kolkata - WBPCB",2027-06-20,48.0,40.0,57.0,Good
"Fort William, Kolkata - WBPCB",2027-06-21,48.0,40.0,57.0,Good
"Fort William, Kolkata - WBPCB",2027-06-22,48.0,40.0,57.0,Good
"Fort William, Kolkata - WBPCB",2027-06-23,48.0,40.0,57.0,Good
"Fort William, Kolkata - WBPCB",2027-06-24,48.0,39.0,56.0,Good
"Fort William, Kolkata - WBPCB",2027-06-25,47.0,39.0,56.0,Good
"Fort William, Kolkata - WBPCB",2027-06-26,47.0,39.0,56.0,Good
"Fort William, Kolkata - WBPCB",2027-06-27,47.0,39.0,56.0,Good
"Fort William, Kolkata - WBPCB",2027-06-28,47.0,38.0,56.0,Good
"Fort William, Kolkata - WBPCB",2027-06-29,47.0,38.0,56.0,Good
"Fort William, Kolkata - WBPCB",2027-06-30,46.0,38.0,55.0,Good
"Fort William, Kolkata - WBPCB",2027-07-01,46.0,38.0,55.0,Good
"Fort William, Kolkata - WBPCB",2027-07-02,46.0,38.0,55.0,Good
"Fort William, Kolkata - WBPCB",2027-07-03,46.0,38.0,55.0,Good
"Fort William, Kolkata - WBPCB",2027-07-04,46.0,38.0,55.0,Good
"Fort William, Kolkata - WBPCB",2027-07-05,46.0,37.0,55.0,Good
"Fort William, Kolkata - WBPCB",2027-07-06,46.0,37.0,55.0,Good
"Fort William, Kolkata - WBPCB",2027-07-07,46.0,37.0,55.0,Good
"Fort William, Kolkata - WBPCB",2027-07-08,45.0,37.0,54.0,Good
"Fort William, Kolkata - WBPCB",2027-07-09,45.0,37.0,54.0,Good
"Fort William, Kolkata - WBPCB",2027-07-10,45.0,37.0,54.0,Good
"Fort William, Kolkata - WBPCB",2027-07-11,45.0,37.0,54.0,Good
"Fort William, Kolkata - WBPCB",2027-07-12,45.0,37.0,54.0,Good
"Fort William, Kolkata - WBPCB",2027-07-13,45.0,37.0,54.0,Good
"Fort William, Kolkata - WBPCB",2027-07-14,45.0,37.0,54.0,Good
"Fort William, Kolkata - WBPCB",2027-07-15,45.0,37.0,54.0,Good
"Fort William, Kolkata - WBPCB",2027-07-16,45.0,37.0,54.0,Good
"Fort William, Kolkata - WBPCB",2027-07-17,45.0,37.0,54.0,Good
"Fort William, Kolkata - WBPCB",2027-07-18,45.0,37.0,54.0,Good
"Fort William, Kolkata - WBPCB",2027-07-19,45.0,37.0,54.0,Good
"Fort William, Kolkata - WBPCB",2027-07-20,45.0,37.0,54.0,Good
"Fort William, Kolkata - WBPCB",2027-07-21,45.0,37.0,54.0,Good
"Fort William, Kolkata - WBPCB",2027-07-22,45.0,37.0,54.0,Good
"Fort William, Kolkata - WBPCB",2027-07-23,45.0,37.0,54.0,Good
"Fort William, Kolkata - WBPCB",2027-07-24,46.0,37.0,55.0,Good
"Fort William, Kolkata - WBPCB",2027-07-25,46.0,37.0,55.0,Good
"Fort William, Kolkata - WBPCB",2027-07-26,46.0,37.0,55.0,Good
"Fort William, Kolkata - WBPCB",2027-07-27,46.0,38.0,55.0,Good
"Fort William, Kolkata - WBPCB",2027-07-28,46.0,38.0,55.0,Good
"Fort William, Kolkata - WBPCB",2027-07-29,46.0,38.0,55.0,Good
"Fort William, Kolkata - WBPCB",2027-07-30,46.0,38.0,55.0,Good
"Fort William, Kolkata - WBPCB",2027-07-31,46.0,38.0,55.0,Good
"Fort William, Kolkata - WBPCB",2027-08-01,47.0,38.0,56.0,Good
"Fort William, Kolkata - WBPCB",2027-08-02,47.0,38.0,56.0,Good
"Fort William, Kolkata - WBPCB",2027-08-03,47.0,39.0,56.0,Good
"Fort William, Kolkata - WBPCB",2027-08-04,47.0,39.0,56.0,Good
"Fort William, Kolkata - WBPCB",2027-08-05,47.0,39.0,56.0,Good
"Fort William, Kolkata - WBPCB",2027-08-06,47.0,39.0,56.0,Good
"Fort William, Kolkata - WBPCB",2027-08-07,48.0,39.0,57.0,Good
"Fort William, Kolkata - WBPCB",2027-08-08,48.0,40.0,57.0,Good
"Fort William, Kolkata - WBPCB",2027-08-09,48.0,40.0,57.0,Good
"Fort William, Kolkata - WBPCB",2027-08-10,48.0,40.0,57.0,Good
"Fort William, Kolkata - WBPCB",2027-08-11,49.0,40.0,58.0,Good
"Fort William, Kolkata - WBPCB",2027-08-12,49.0,41.0,58.0,Good
"Fort William, Kolkata - WBPCB",2027-08-13,49.0,41.0,58.0,Good
"Fort William, Kolkata - WBPCB",2027-08-14,50.0,41.0,59.0,Good
"Fort William, Kolkata - WBPCB",2027-08-15,50.0,42.0,59.0,Good
"Fort William, Kolkata - WBPCB",2027-08-16,50.0,42.0,59.0,Good
"Fort William, Kolkata - WBPCB",2027-08-17,50.0,42.0,59.0,Good
"Fort William, Kolkata - WBPCB",2027-08-18,51.0,43.0,60.0,Satisfactory
"Fort William, Kolkata - WBPCB",2027-08-19,51.0,43.0,60.0,Satisfactory
"Fort William, Kolkata - WBPCB",2027-08-20,51.0,43.0,60.0,Satisfactory
"Fort William, Kolkata - WBPCB",2027-08-21,52.0,44.0,61.0,Satisfactory
"Fort William, Kolkata - WBPCB",2027-08-22,52.0,44.0,61.0,Satisfactory
"Fort William, Kolkata - WBPCB",2027-08-23,52.0,44.0,61.0,Satisfactory
"Fort William, Kolkata - WBPCB",2027-08-24,53.0,45.0,62.0,Satisfactory
"Fort William, Kolkata - WBPCB",2027-08-25,53.0,45.0,62.0,Satisfactory
"Fort William, Kolkata - WBPCB",2027-08-26,54.0,45.0,63.0,Satisfactory
"Fort William, Kolkata - WBPCB",2027-08-27,54.0,46.0,63.0,Satisfactory
"Fort William, Kolkata - WBPCB",2027-08-28,54.0,46.0,63.0,Satisfactory
"Fort William, Kolkata - WBPCB",2027-08-29,55.0,47.0,64.0,Satisfactory
"Fort William, Kolkata - WBPCB",2027-08-30,55.0,47.0,64.0,Satisfactory
"Fort William, Kolkata - WBPCB",2027-08-31,56.0,47.0,65.0,Satisfactory
"Fort William, Kolkata - WBPCB",2027-09-01,56.0,48.0,65.0,Satisfactory
"Fort William, Kolkata - WBPCB",2027-09-02,57.0,48.0,66.0,Satisfactory
"Fort William, Kolkata - WBPCB",2027-09-03,57.0,49.0,66.0,Satisfactory
"Fort William, Kolkata - WBPCB",2027-09-04,57.0,49.0,66.0,Satisfactory
"Fort William, Kolkata - WBPCB",2027-09-05,58.0,50.0,67.0,Satisfactory
"Fort William, Kolkata - WBPCB",2027-09-06,58.0,50.0,67.0,Satisfactory
"Fort William, Kolkata - WBPCB",2027-09-07,59.0,51.0,68.0,Satisfactory
"Fort William, Kolkata - WBPCB",2027-09-08,59.0,51.0,68.0,Satisfactory
"Fort William, Kolkata - WBPCB",2027-09-09,60.0,52.0,69.0,Satisfactory
"Fort William, Kolkata - WBPCB",2027-09-10,60.0,52.0,69.0,Satisfactory
"Fort William, Kolkata - WBPCB",2027-09-11,61.0,53.0,70.0,Satisfactory
"Fort William, Kolkata - WBPCB",2027-09-12,61.0,53.0,70.0,Satisfactory
"Fort William, Kolkata - WBPCB",2027-09-13,62.0,54.0,71.0,Satisfactory
"Fort William, Kolkata - WBPCB",2027-09-14,62.0,54.0,71.0,Satisfactory
"Fort William, Kolkata - WBPCB",2027-09-15,63.0,55.0,72.0,Satisfactory
"Fort William, Kolkata - WBPCB",2027-09-16,63.0,55.0,72.0,Satisfactory
"Fort William, Kolkata - WBPCB",2027-09-17,64.0,56.0,73.0,Satisfactory
"Fort William, Kolkata - WBPCB",2027-09-18,64.0,56.0,73.0,Satisfactory
"Fort William, Kolkata - WBPCB",2027-09-19,65.0,57.0,74.0,Satisfactory
"Fort William, Kolkata - WBPCB",2027-09-20,66.0,57.0,75.0,Satisfactory
"Fort William, Kolkata - WBPCB",2027-09-21,66.0,58.0,75.0,Satisfactory
"Fort William, Kolkata - WBPCB",2027-09-22,67.0,58.0,76.0,Satisfactory
"Fort William, Kolkata - WBPCB",2027-09-23,67.0,59.0,76.0,Satisfactory
"Fort William, Kolkata - WBPCB",2027-09-24,68.0,60.0,77.0,Satisfactory
"Fort William, Kolkata - WBPCB",2027-09-25,68.0,60.0,77.0,Satisfactory
"Fort William, Kolkata - WBPCB",2027-09-26,69.0,61.0,78.0,Satisfactory
"Fort William, Kolkata - WBPCB",2027-09-27,69.0,61.0,78.0,Satisfactory
"Fort William, Kolkata - WBPCB",2027-09-28,70.0,62.0,79.0,Satisfactory
"Fort William, Kolkata - WBPCB",2027-09-29,71.0,62.0,80.0,Satisfactory
"Fort William, Kolkata - WBPCB",2027-09-30,71.0,63.0,80.0,Satisfactory
"Fort William, Kolkata - WBPCB",2027-10-01,72.0,64.0,81.0,Satisfactory
"Fort William, Kolkata - WBPCB",2027-10-02,72.0,64.0,81.0,Satisfactory
"Fort William, Kolkata - WBPCB",2027-10-03,73.0,65.0,82.0,Satisfactory
"Fort William, Kolkata - WBPCB",2027-10-04,74.0,65.0,83.0,Satisfactory
"Rabindra Bharati University, Kolkata - WBPCB",2026-10-05,85.0,73.0,97.0,Satisfactory
"Rabindra Bharati University, Kolkata - WBPCB",2026-10-06,86.0,73.0,98.0,Satisfactory
"Rabindra Bharati University, Kolkata - WBPCB",2026-10-07,87.0,74.0,98.0,Satisfactory
"Rabindra Bharati University, Kolkata - WBPCB",2026-10-08,87.0,75.0,99.0,Satisfactory
"Rabindra Bharati University, Kolkata - WBPCB",2026-10-09,88.0,75.0,100.0,Satisfactory
"Rabindra Bharati University, Kolkata - WBPCB",2026-10-10,89.0,76.0,100.0,Satisfactory
"Rabindra Bharati University, Kolkata - WBPCB",2026-10-11,89.0,77.0,101.0,Satisfactory
"Rabindra Bharati University, Kolkata - WBPCB",2026-10-12,90.0,77.0,102.0,Satisfactory
"Rabindra Bharati University, Kolkata - WBPCB",2026-10-13,91.0,78.0,102.0,Satisfactory
"Rabindra Bharati University, Kolkata - WBPCB",2026-10-14,91.0,78.0,103.0,Satisfactory
"Rabindra Bharati University, Kolkata - WBPCB",2026-10-15,92.0,79.0,103.0,Satisfactory
"Rabindra Bharati University, Kolkata - WBPCB",2026-10-16,93.0,80.0,104.0,Satisfactory
"Rabindra Bharati University, Kolkata - WBPCB",2026-10-17,93.0,80.0,105.0,Satisfactory
"Rabindra Bharati University, Kolkata - WBPCB",2026-10-18,94.0,81.0,105.0,Satisfactory
"Rabindra Bharati University, Kolkata - WBPCB",2026-10-19,94.0,82.0,106.0,Satisfactory
"Rabindra Bharati University, Kolkata - WBPCB",2026-10-20,95.0,82.0,107.0,Satisfactory
"Rabindra Bharati University, Kolkata - WBPCB",2026-10-21,96.0,83.0,107.0,Satisfactory
"Rabindra Bharati University, Kolkata - WBPCB",2026-10-22,96.0,84.0,108.0,Satisfactory
"Rabindra Bharati University, Kolkata - WBPCB",2026-10-23,97.0,84.0,109.0,Satisfactory
"Rabindra Bharati University, Kolkata - WBPCB",2026-10-24,98.0,85.0,109.0,Satisfactory
"Rabindra Bharati University, Kolkata - WBPCB",2026-10-25,98.0,86.0,110.0,Satisfactory
"Rabindra Bharati University, Kolkata - WBPCB",2026-10-26,99.0,86.0,111.0,Satisfactory
"Rabindra Bharati University, Kolkata - WBPCB",2026-10-27,100.0,87.0,111.0,Satisfactory
"Rabindra Bharati University, Kolkata - WBPCB",2026-10-28,100.0,88.0,112.0,Satisfactory
"Rabindra Bharati University, Kolkata - WBPCB",2026-10-29,101.0,88.0,113.0,Moderate
"Rabindra Bharati University, Kolkata - WBPCB",2026-10-30,102.0,89.0,113.0,Moderate
"Rabindra Bharati University, Kolkata - WBPCB",2026-10-31,102.0,90.0,114.0,Moderate
"Rabindra Bharati University, Kolkata - WBPCB",2026-11-01,103.0,90.0,115.0,Moderate
"Rabindra Bharati University, Kolkata - WBPCB",2026-11-02,104.0,91.0,115.0,Moderate
"Rabindra Bharati University, Kolkata - WBPCB",2026-11-03,104.0,92.0,116.0,Moderate
"Rabindra Bharati University, Kolkata - WBPCB",2026-11-04,105.0,92.0,117.0,Moderate
"Rabindra Bharati University, Kolkata - WBPCB",2026-11-05,106.0,93.0,117.0,Moderate
"Rabindra Bharati University, Kolkata - WBPCB",2026-11-06,107.0,94.0,118.0,Moderate
"Rabindra Bharati University, Kolkata - WBPCB",2026-11-07,107.0,94.0,119.0,Moderate
"Rabindra Bharati University, Kolkata - WBPCB",2026-11-08,108.0,95.0,119.0,Moderate
"Rabindra Bharati University, Kolkata - WBPCB",2026-11-09,109.0,96.0,120.0,Moderate
"Rabindra Bharati University, Kolkata - WBPCB",2026-11-10,109.0,96.0,121.0,Moderate
"Rabindra Bharati University, Kolkata - WBPCB",2026-11-11,110.0,97.0,122.0,Moderate
"Rabindra Bharati University, Kolkata - WBPCB",2026-11-12,111.0,98.0,122.0,Moderate
"Rabindra Bharati University, Kolkata - WBPCB",2026-11-13,111.0,99.0,123.0,Moderate
"Rabindra Bharati University, Kolkata - WBPCB",2026-11-14,112.0,99.0,124.0,Moderate
"Rabindra Bharati University, Kolkata - WBPCB",2026-11-15,113.0,100.0,124.0,Moderate
"Rabindra Bharati University, Kolkata - WBPCB",2026-11-16,113.0,101.0,125.0,Moderate
"Rabindra Bharati University, Kolkata - WBPCB",2026-11-17,114.0,101.0,126.0,Moderate
"Rabindra Bharati University, Kolkata - WBPCB",2026-11-18,115.0,102.0,126.0,Moderate
"Rabindra Bharati University, Kolkata - WBPCB",2026-11-19,115.0,103.0,127.0,Moderate
"Rabindra Bharati University, Kolkata - WBPCB",2026-11-20,116.0,103.0,128.0,Moderate
"Rabindra Bharati University, Kolkata - WBPCB",2026-11-21,117.0,104.0,128.0,Moderate
"Rabindra Bharati University, Kolkata - WBPCB",2026-11-22,117.0,105.0,129.0,Moderate
"Rabindra Bharati University, Kolkata - WBPCB",2026-11-23,118.0,105.0,130.0,Moderate
"Rabindra Bharati University, Kolkata - WBPCB",2026-11-24,119.0,106.0,130.0,Moderate
"Rabindra Bharati University, Kolkata - WBPCB",2026-11-25,120.0,107.0,131.0,Moderate
"Rabindra Bharati University, Kolkata - WBPCB",2026-11-26,120.0,107.0,132.0,Moderate
"Rabindra Bharati University, Kolkata - WBPCB",2026-11-27,121.0,108.0,132.0,Moderate
"Rabindra Bharati University, Kolkata - WBPCB",2026-11-28,122.0,109.0,133.0,Moderate
"Rabindra Bharati University, Kolkata - WBPCB",2026-11-29,122.0,109.0,134.0,Moderate
"Rabindra Bharati University, Kolkata - WBPCB",2026-11-30,123.0,110.0,134.0,Moderate
"Rabindra Bharati University, Kolkata - WBPCB",2026-12-01,123.0,111.0,135.0,Moderate
"Rabindra Bharati University, Kolkata - WBPCB",2026-12-02,124.0,111.0,136.0,Moderate
"Rabindra Bharati University, Kolkata - WBPCB",2026-12-03,125.0,112.0,136.0,Moderate
"Rabindra Bharati University, Kolkata - WBPCB",2026-12-04,125.0,113.0,137.0,Moderate
"Rabindra Bharati University, Kolkata - WBPCB",2026-12-05,126.0,113.0,138.0,Moderate
"Rabindra Bharati University, Kolkata - WBPCB",2026-12-06,127.0,114.0,138.0,Moderate
"Rabindra Bharati University, Kolkata - WBPCB",2026-12-07,127.0,115.0,139.0,Moderate
"Rabindra Bharati University, Kolkata - WBPCB",2026-12-08,128.0,115.0,139.0,Moderate
"Rabindra Bharati University, Kolkata - WBPCB",2026-12-09,129.0,116.0,140.0,Moderate
"Rabindra Bharati University, Kolkata - WBPCB",2026-12-10,129.0,116.0,141.0,Moderate
"Rabindra Bharati University, Kolkata - WBPCB",2026-12-11,130.0,117.0,141.0,Moderate
"Rabindra Bharati University, Kolkata - WBPCB",2026-12-12,130.0,118.0,142.0,Moderate
"Rabindra Bharati University, Kolkata - WBPCB",2026-12-13,131.0,118.0,142.0,Moderate
"Rabindra Bharati University, Kolkata - WBPCB",2026-12-14,131.0,119.0,143.0,Moderate
"Rabindra Bharati University, Kolkata - WBPCB",2026-12-15,132.0,119.0,144.0,Moderate
"Rabindra Bharati University, Kolkata - WBPCB",2026-12-16,132.0,120.0,144.0,Moderate
"Rabindra Bharati University, Kolkata - WBPCB",2026-12-17,133.0,120.0,145.0,Moderate
"Rabindra Bharati University, Kolkata - WBPCB",2026-12-18,134.0,121.0,145.0,Moderate
"Rabindra Bharati University, Kolkata - WBPCB",2026-12-19,134.0,121.0,146.0,Moderate
"Rabindra Bharati University, Kolkata - WBPCB",2026-12-20,135.0,122.0,146.0,Moderate
"Rabindra Bharati University, Kolkata - WBPCB",2026-12-21,135.0,122.0,147.0,Moderate
"Rabindra Bharati University, Kolkata - WBPCB",2026-12-22,135.0,123.0,147.0,Moderate
"Rabindra Bharati University, Kolkata - WBPCB",2026-12-23,136.0,123.0,148.0,Moderate
"Rabindra Bharati University, Kolkata - WBPCB",2026-12-24,136.0,124.0,148.0,Moderate
"Rabindra Bharati University, Kolkata - WBPCB",2026-12-25,137.0,124.0,148.0,Moderate
"Rabindra Bharati University, Kolkata - WBPCB",2026-12-26,137.0,124.0,149.0,Moderate
"Rabindra Bharati University, Kolkata - WBPCB",2026-12-27,138.0,125.0,149.0,Moderate
"Rabindra Bharati University, Kolkata - WBPCB",2026-12-28,138.0,125.0,150.0,Moderate
"Rabindra Bharati University, Kolkata - WBPCB",2026-12-29,138.0,126.0,150.0,Moderate
"Rabindra Bharati University, Kolkata - WBPCB",2026-12-30,139.0,126.0,150.0,Moderate
"Rabindra Bharati University, Kolkata - WBPCB",2026-12-31,139.0,126.0,151.0,Moderate
"Rabindra Bharati University, Kolkata - WBPCB",2027-01-01,139.0,127.0,151.0,Moderate
"Rabindra Bharati University, Kolkata - WBPCB",2027-01-02,140.0,127.0,151.0,Moderate
"Rabindra Bharati University, Kolkata - WBPCB",2027-01-03,140.0,127.0,152.0,Moderate
"Rabindra Bharati University, Kolkata - WBPCB",2027-01-04,140.0,127.0,152.0,Moderate
"Rabindra Bharati University, Kolkata - WBPCB",2027-01-05,140.0,128.0,152.0,Moderate
"Rabindra Bharati University, Kolkata - WBPCB",2027-01-06,141.0,128.0,152.0,Moderate
"Rabindra Bharati University, Kolkata - WBPCB",2027-01-07,141.0,128.0,153.0,Moderate
"Rabindra Bharati University, Kolkata - WBPCB",2027-01-08,141.0,128.0,153.0,Moderate
"Rabindra Bharati University, Kolkata - WBPCB",2027-01-09,141.0,128.0,153.0,Moderate
"Rabindra Bharati University, Kolkata - WBPCB",2027-01-10,141.0,129.0,153.0,Moderate
"Rabindra Bharati University, Kolkata - WBPCB",2027-01-11,142.0,129.0,153.0,Moderate
"Rabindra Bharati University, Kolkata - WBPCB",2027-01-12,142.0,129.0,153.0,Moderate
"Rabindra Bharati University, Kolkata - WBPCB",2027-01-13,142.0,129.0,153.0,Moderate
"Rabindra Bharati University, Kolkata - WBPCB",2027-01-14,142.0,129.0,153.0,Moderate
"Rabindra Bharati University, Kolkata - WBPCB",2027-01-15,142.0,129.0,153.0,Moderate
"Rabindra Bharati University, Kolkata - WBPCB",2027-01-16,142.0,129.0,153.0,Moderate
"Rabindra Bharati University, Kolkata - WBPCB",2027-01-17,142.0,129.0,153.0,Moderate
"Rabindra Bharati University, Kolkata - WBPCB",2027-01-18,142.0,129.0,153.0,Moderate
"Rabindra Bharati University, Kolkata - WBPCB",2027-01-19,142.0,129.0,153.0,Moderate
"Rabindra Bharati University, Kolkata - WBPCB",2027-01-20,142.0,129.0,153.0,Moderate
"Rabindra Bharati University, Kolkata - WBPCB",2027-01-21,142.0,129.0,153.0,Moderate
"Rabindra Bharati University, Kolkata - WBPCB",2027-01-22,142.0,129.0,153.0,Moderate
"Rabindra Bharati University, Kolkata - WBPCB",2027-01-23,141.0,129.0,153.0,Moderate
"Rabindra Bharati University, Kolkata - WBPCB",2027-01-24,141.0,129.0,153.0,Moderate
"Rabindra Bharati University, Kolkata - WBPCB",2027-01-25,141.0,128.0,153.0,Moderate
"Rabindra Bharati University, Kolkata - WBPCB",2027-01-26,141.0,128.0,153.0,Moderate
"Rabindra Bharati University, Kolkata - WBPCB",2027-01-27,141.0,128.0,152.0,Moderate
"Rabindra Bharati University, Kolkata - WBPCB",2027-01-28,141.0,128.0,152.0,Moderate
"Rabindra Bharati University, Kolkata - WBPCB",2027-01-29,140.0,128.0,152.0,Moderate
"Rabindra Bharati University, Kolkata - WBPCB",2027-01-30,140.0,127.0,152.0,Moderate
"Rabindra Bharati University, Kolkata - WBPCB",2027-01-31,140.0,127.0,151.0,Moderate
"Rabindra Bharati University, Kolkata - WBPCB",2027-02-01,139.0,127.0,151.0,Moderate
"Rabindra Bharati University, Kolkata - WBPCB",2027-02-02,139.0,126.0,151.0,Moderate
"Rabindra Bharati University, Kolkata - WBPCB",2027-02-03,139.0,126.0,150.0,Moderate
"Rabindra Bharati University, Kolkata - WBPCB",2027-02-04,138.0,126.0,150.0,Moderate
"Rabindra Bharati University, Kolkata - WBPCB",2027-02-05,138.0,125.0,150.0,Moderate
"Rabindra Bharati University, Kolkata - WBPCB",2027-02-06,138.0,125.0,149.0,Moderate
"Rabindra Bharati University, Kolkata - WBPCB",2027-02-07,137.0,125.0,149.0,Moderate
"Rabindra Bharati University, Kolkata - WBPCB",2027-02-08,137.0,124.0,148.0,Moderate
"Rabindra Bharati University, Kolkata - WBPCB",2027-02-09,136.0,124.0,148.0,Moderate
"Rabindra Bharati University, Kolkata - WBPCB",2027-02-10,136.0,123.0,148.0,Moderate
"Rabindra Bharati University, Kolkata - WBPCB",2027-02-11,135.0,123.0,147.0,Moderate
"Rabindra Bharati University, Kolkata - WBPCB",2027-02-12,135.0,122.0,147.0,Moderate
"Rabindra Bharati University, Kolkata - WBPCB",2027-02-13,134.0,122.0,146.0,Moderate
"Rabindra Bharati University, Kolkata - WBPCB",2027-02-14,134.0,121.0,146.0,Moderate
"Rabindra Bharati University, Kolkata - WBPCB",2027-02-15,133.0,121.0,145.0,Moderate
"Rabindra Bharati University, Kolkata - WBPCB",2027-02-16,133.0,120.0,144.0,Moderate
"Rabindra Bharati University, Kolkata - WBPCB",2027-02-17,132.0,120.0,144.0,Moderate
"Rabindra Bharati University, Kolkata - WBPCB",2027-02-18,132.0,119.0,143.0,Moderate
"Rabindra Bharati University, Kolkata - WBPCB",2027-02-19,131.0,118.0,143.0,Moderate
"Rabindra Bharati University, Kolkata - WBPCB",2027-02-20,131.0,118.0,142.0,Moderate
"Rabindra Bharati University, Kolkata - WBPCB",2027-02-21,130.0,117.0,142.0,Moderate
"Rabindra Bharati University, Kolkata - WBPCB",2027-02-22,129.0,117.0,141.0,Moderate
"Rabindra Bharati University, Kolkata - WBPCB",2027-02-23,129.0,116.0,140.0,Moderate
"Rabindra Bharati University, Kolkata - WBPCB",2027-02-24,128.0,115.0,140.0,Moderate
"Rabindra Bharati University, Kolkata - WBPCB",2027-02-25,127.0,115.0,139.0,Moderate
"Rabindra Bharati University, Kolkata - WBPCB",2027-02-26,127.0,114.0,138.0,Moderate
"Rabindra Bharati University, Kolkata - WBPCB",2027-02-27,126.0,113.0,138.0,Moderate
"Rabindra Bharati University, Kolkata - WBPCB",2027-02-28,125.0,113.0,137.0,Moderate
"Rabindra Bharati University, Kolkata - WBPCB",2027-03-01,125.0,112.0,136.0,Moderate
"Rabindra Bharati University, Kolkata - WBPCB",2027-03-02,124.0,111.0,136.0,Moderate
"Rabindra Bharati University, Kolkata - WBPCB",2027-03-03,123.0,111.0,135.0,Moderate
"Rabindra Bharati University, Kolkata - WBPCB",2027-03-04,123.0,110.0,134.0,Moderate
"Rabindra Bharati University, Kolkata - WBPCB",2027-03-05,122.0,109.0,134.0,Moderate
"Rabindra Bharati University, Kolkata - WBPCB",2027-03-06,121.0,108.0,133.0,Moderate
"Rabindra Bharati University, Kolkata - WBPCB",2027-03-07,121.0,108.0,132.0,Moderate
"Rabindra Bharati University, Kolkata - WBPCB",2027-03-08,120.0,107.0,131.0,Moderate
"Rabindra Bharati University, Kolkata - WBPCB",2027-03-09,119.0,106.0,131.0,Moderate
"Rabindra Bharati University, Kolkata - WBPCB",2027-03-10,118.0,106.0,130.0,Moderate
"Rabindra Bharati University, Kolkata - WBPCB",2027-03-11,118.0,105.0,129.0,Moderate
"Rabindra Bharati University, Kolkata - WBPCB",2027-03-12,117.0,104.0,128.0,Moderate
"Rabindra Bharati University, Kolkata - WBPCB",2027-03-13,116.0,103.0,128.0,Moderate
"Rabindra Bharati University, Kolkata - WBPCB",2027-03-14,115.0,103.0,127.0,Moderate
"Rabindra Bharati University, Kolkata - WBPCB",2027-03-15,115.0,102.0,126.0,Moderate
"Rabindra Bharati University, Kolkata - WBPCB",2027-03-16,114.0,101.0,126.0,Moderate
"Rabindra Bharati University, Kolkata - WBPCB",2027-03-17,113.0,100.0,125.0,Moderate
"Rabindra Bharati University, Kolkata - WBPCB",2027-03-18,112.0,100.0,124.0,Moderate
"Rabindra Bharati University, Kolkata - WBPCB",2027-03-19,112.0,99.0,123.0,Moderate
"Rabindra Bharati University, Kolkata - WBPCB",2027-03-20,111.0,98.0,123.0,Moderate
"Rabindra Bharati University, Kolkata - WBPCB",2027-03-21,110.0,97.0,122.0,Moderate
"Rabindra Bharati University, Kolkata - WBPCB",2027-03-22,109.0,97.0,121.0,Moderate
"Rabindra Bharati University, Kolkata - WBPCB",2027-03-23,109.0,96.0,120.0,Moderate
"Rabindra Bharati University, Kolkata - WBPCB",2027-03-24,108.0,95.0,120.0,Moderate
"Rabindra Bharati University, Kolkata - WBPCB",2027-03-25,107.0,95.0,119.0,Moderate
"Rabindra Bharati University, Kolkata - WBPCB",2027-03-26,107.0,94.0,118.0,Moderate
"Rabindra Bharati University, Kolkata - WBPCB",2027-03-27,106.0,93.0,117.0,Moderate
"Rabindra Bharati University, Kolkata - WBPCB",2027-03-28,105.0,92.0,117.0,Moderate
"Rabindra Bharati University, Kolkata - WBPCB",2027-03-29,104.0,92.0,116.0,Moderate
"Rabindra Bharati University, Kolkata - WBPCB",2027-03-30,104.0,91.0,115.0,Moderate
"Rabindra Bharati University, Kolkata - WBPCB",2027-03-31,103.0,90.0,115.0,Moderate
"Rabindra Bharati University, Kolkata - WBPCB",2027-04-01,102.0,89.0,114.0,Moderate
"Rabindra Bharati University, Kolkata - WBPCB",2027-04-02,102.0,89.0,113.0,Moderate
"Rabindra Bharati University, Kolkata - WBPCB",2027-04-03,101.0,88.0,112.0,Moderate
"Rabindra Bharati University, Kolkata - WBPCB",2027-04-04,100.0,87.0,112.0,Satisfactory
"Rabindra Bharati University, Kolkata - WBPCB",2027-04-05,99.0,87.0,111.0,Satisfactory
"Rabindra Bharati University, Kolkata - WBPCB",2027-04-06,99.0,86.0,110.0,Satisfactory
"Rabindra Bharati University, Kolkata - WBPCB",2027-04-07,98.0,85.0,110.0,Satisfactory
"Rabindra Bharati University, Kolkata - WBPCB",2027-04-08,97.0,85.0,109.0,Satisfactory
"Rabindra Bharati University, Kolkata - WBPCB",2027-04-09,97.0,84.0,108.0,Satisfactory
"Rabindra Bharati University, Kolkata - WBPCB",2027-04-10,96.0,83.0,108.0,Satisfactory
"Rabindra Bharati University, Kolkata - WBPCB",2027-04-11,95.0,83.0,107.0,Satisfactory
"Rabindra Bharati University, Kolkata - WBPCB",2027-04-12,95.0,82.0,106.0,Satisfactory
"Rabindra Bharati University, Kolkata - WBPCB",2027-04-13,94.0,81.0,106.0,Satisfactory
"Rabindra Bharati University, Kolkata - WBPCB",2027-04-14,93.0,81.0,105.0,Satisfactory
"Rabindra Bharati University, Kolkata - WBPCB",2027-04-15,93.0,80.0,104.0,Satisfactory
"Rabindra Bharati University, Kolkata - WBPCB",2027-04-16,92.0,79.0,104.0,Satisfactory
"Rabindra Bharati University, Kolkata - WBPCB",2027-04-17,91.0,79.0,103.0,Satisfactory
"Rabindra Bharati University, Kolkata - WBPCB",2027-04-18,91.0,78.0,102.0,Satisfactory
"Rabindra Bharati University, Kolkata - WBPCB",2027-04-19,90.0,77.0,102.0,Satisfactory
"Rabindra Bharati University, Kolkata - WBPCB",2027-04-20,89.0,77.0,101.0,Satisfactory
"Rabindra Bharati University, Kolkata - WBPCB",2027-04-21,89.0,76.0,100.0,Satisfactory
"Rabindra Bharati University, Kolkata - WBPCB",2027-04-22,88.0,75.0,100.0,Satisfactory
"Rabindra Bharati University, Kolkata - WBPCB",2027-04-23,88.0,75.0,99.0,Satisfactory
"Rabindra Bharati University, Kolkata - WBPCB",2027-04-24,87.0,74.0,99.0,Satisfactory
"Rabindra Bharati University, Kolkata - WBPCB",2027-04-25,86.0,74.0,98.0,Satisfactory
"Rabindra Bharati University, Kolkata - WBPCB",2027-04-26,86.0,73.0,97.0,Satisfactory
"Rabindra Bharati University, Kolkata - WBPCB",2027-04-27,85.0,72.0,97.0,Satisfactory
"Rabindra Bharati University, Kolkata - WBPCB",2027-04-28,85.0,72.0,96.0,Satisfactory
"Rabindra Bharati University, Kolkata - WBPCB",2027-04-29,84.0,71.0,96.0,Satisfactory
"Rabindra Bharati University, Kolkata - WBPCB",2027-04-30,83.0,71.0,95.0,Satisfactory
"Rabindra Bharati University, Kolkata - WBPCB",2027-05-01,83.0,70.0,94.0,Satisfactory
"Rabindra Bharati University, Kolkata - WBPCB",2027-05-02,82.0,69.0,94.0,Satisfactory
"Rabindra Bharati University, Kolkata - WBPCB",2027-05-03,82.0,69.0,93.0,Satisfactory
"Rabindra Bharati University, Kolkata - WBPCB",2027-05-04,81.0,68.0,93.0,Satisfactory
"Rabindra Bharati University, Kolkata - WBPCB",2027-05-05,81.0,68.0,92.0,Satisfactory
"Rabindra Bharati University, Kolkata - WBPCB",2027-05-06,80.0,67.0,92.0,Satisfactory
"Rabindra Bharati University, Kolkata - WBPCB",2027-05-07,79.0,67.0,91.0,Satisfactory
"Rabindra Bharati University, Kolkata - WBPCB",2027-05-08,79.0,66.0,90.0,Satisfactory
"Rabindra Bharati University, Kolkata - WBPCB",2027-05-09,78.0,65.0,90.0,Satisfactory
"Rabindra Bharati University, Kolkata - WBPCB",2027-05-10,78.0,65.0,89.0,Satisfactory
"Rabindra Bharati University, Kolkata - WBPCB",2027-05-11,77.0,64.0,89.0,Satisfactory
"Rabindra Bharati University, Kolkata - WBPCB",2027-05-12,77.0,64.0,88.0,Satisfactory
"Rabindra Bharati University, Kolkata - WBPCB",2027-05-13,76.0,63.0,88.0,Satisfactory
"Rabindra Bharati University, Kolkata - WBPCB",2027-05-14,75.0,63.0,87.0,Satisfactory
"Rabindra Bharati University, Kolkata - WBPCB",2027-05-15,75.0,62.0,87.0,Satisfactory
"Rabindra Bharati University, Kolkata - WBPCB",2027-05-16,74.0,62.0,86.0,Satisfactory
"Rabindra Bharati University, Kolkata - WBPCB",2027-05-17,74.0,61.0,85.0,Satisfactory
"Rabindra Bharati University, Kolkata - WBPCB",2027-05-18,73.0,61.0,85.0,Satisfactory
"Rabindra Bharati University, Kolkata - WBPCB",2027-05-19,73.0,60.0,84.0,Satisfactory
"Rabindra Bharati University, Kolkata - WBPCB",2027-05-20,72.0,60.0,84.0,Satisfactory
"Rabindra Bharati University, Kolkata - WBPCB",2027-05-21,72.0,59.0,83.0,Satisfactory
"Rabindra Bharati University, Kolkata - WBPCB",2027-05-22,71.0,58.0,83.0,Satisfactory
"Rabindra Bharati University, Kolkata - WBPCB",2027-05-23,71.0,58.0,82.0,Satisfactory
"Rabindra Bharati University, Kolkata - WBPCB",2027-05-24,70.0,57.0,82.0,Satisfactory
"Rabindra Bharati University, Kolkata - WBPCB",2027-05-25,70.0,57.0,81.0,Satisfactory
"Rabindra Bharati University, Kolkata - WBPCB",2027-05-26,69.0,56.0,81.0,Satisfactory
"Rabindra Bharati University, Kolkata - WBPCB",2027-05-27,69.0,56.0,80.0,Satisfactory
"Rabindra Bharati University, Kolkata - WBPCB",2027-05-28,68.0,55.0,80.0,Satisfactory
"Rabindra Bharati University, Kolkata - WBPCB",2027-05-29,68.0,55.0,79.0,Satisfactory
"Rabindra Bharati University, Kolkata - WBPCB",2027-05-30,67.0,54.0,79.0,Satisfactory
"Rabindra Bharati University, Kolkata - WBPCB",2027-05-31,67.0,54.0,78.0,Satisfactory
"Rabindra Bharati University, Kolkata - WBPCB",2027-06-01,66.0,53.0,78.0,Satisfactory
"Rabindra Bharati University, Kolkata - WBPCB",2027-06-02,66.0,53.0,77.0,Satisfactory
"Rabindra Bharati University, Kolkata - WBPCB",2027-06-03,65.0,52.0,77.0,Satisfactory
"Rabindra Bharati University, Kolkata - WBPCB",2027-06-04,65.0,52.0,76.0,Satisfactory
"Rabindra Bharati University, Kolkata - WBPCB",2027-06-05,64.0,52.0,76.0,Satisfactory
"Rabindra Bharati University, Kolkata - WBPCB",2027-06-06,64.0,51.0,75.0,Satisfactory
"Rabindra Bharati University, Kolkata - WBPCB",2027-06-07,63.0,51.0,75.0,Satisfactory
"Rabindra Bharati University, Kolkata - WBPCB",2027-06-08,63.0,50.0,75.0,Satisfactory
"Rabindra Bharati University, Kolkata - WBPCB",2027-06-09,62.0,50.0,74.0,Satisfactory
"Rabindra Bharati University, Kolkata - WBPCB",2027-06-10,62.0,49.0,74.0,Satisfactory
"Rabindra Bharati University, Kolkata - WBPCB",2027-06-11,62.0,49.0,73.0,Satisfactory
"Rabindra Bharati University, Kolkata - WBPCB",2027-06-12,61.0,48.0,73.0,Satisfactory
"Rabindra Bharati University, Kolkata - WBPCB",2027-06-13,61.0,48.0,72.0,Satisfactory
"Rabindra Bharati University, Kolkata - WBPCB",2027-06-14,60.0,48.0,72.0,Satisfactory
"Rabindra Bharati University, Kolkata - WBPCB",2027-06-15,60.0,47.0,72.0,Satisfactory
"Rabindra Bharati University, Kolkata - WBPCB",2027-06-16,60.0,47.0,71.0,Satisfactory
"Rabindra Bharati University, Kolkata - WBPCB",2027-06-17,59.0,46.0,71.0,Satisfactory
"Rabindra Bharati University, Kolkata - WBPCB",2027-06-18,59.0,46.0,70.0,Satisfactory
"Rabindra Bharati University, Kolkata - WBPCB",2027-06-19,58.0,46.0,70.0,Satisfactory
"Rabindra Bharati University, Kolkata - WBPCB",2027-06-20,58.0,45.0,70.0,Satisfactory
"Rabindra Bharati University, Kolkata - WBPCB",2027-06-21,58.0,45.0,69.0,Satisfactory
"Rabindra Bharati University, Kolkata - WBPCB",2027-06-22,57.0,45.0,69.0,Satisfactory
"Rabindra Bharati University, Kolkata - WBPCB",2027-06-23,57.0,44.0,69.0,Satisfactory
"Rabindra Bharati University, Kolkata - WBPCB",2027-06-24,57.0,44.0,68.0,Satisfactory
"Rabindra Bharati University, Kolkata - WBPCB",2027-06-25,56.0,44.0,68.0,Satisfactory
"Rabindra Bharati University, Kolkata - WBPCB",2027-06-26,56.0,43.0,68.0,Satisfactory
"Rabindra Bharati University, Kolkata - WBPCB",2027-06-27,56.0,43.0,67.0,Satisfactory
"Rabindra Bharati University, Kolkata - WBPCB",2027-06-28,55.0,43.0,67.0,Satisfactory
"Rabindra Bharati University, Kolkata - WBPCB",2027-06-29,55.0,42.0,67.0,Satisfactory
"Rabindra Bharati University, Kolkata - WBPCB",2027-06-30,55.0,42.0,66.0,Satisfactory
"Rabindra Bharati University, Kolkata - WBPCB",2027-07-01,55.0,42.0,66.0,Satisfactory
"Rabindra Bharati University, Kolkata - WBPCB",2027-07-02,54.0,42.0,66.0,Satisfactory
"Rabindra Bharati University, Kolkata - WBPCB",2027-07-03,54.0,41.0,66.0,Satisfactory
"Rabindra Bharati University, Kolkata - WBPCB",2027-07-04,54.0,41.0,66.0,Satisfactory
"Rabindra Bharati University, Kolkata - WBPCB",2027-07-05,54.0,41.0,65.0,Satisfactory
"Rabindra Bharati University, Kolkata - WBPCB",2027-07-06,54.0,41.0,65.0,Satisfactory
"Rabindra Bharati University, Kolkata - WBPCB",2027-07-07,53.0,41.0,65.0,Satisfactory
"Rabindra Bharati University, Kolkata - WBPCB",2027-07-08,53.0,40.0,65.0,Satisfactory
"Rabindra Bharati University, Kolkata - WBPCB",2027-07-09,53.0,40.0,65.0,Satisfactory
"Rabindra Bharati University, Kolkata - WBPCB",2027-07-10,53.0,40.0,64.0,Satisfactory
"Rabindra Bharati University, Kolkata - WBPCB",2027-07-11,53.0,40.0,64.0,Satisfactory
"Rabindra Bharati University, Kolkata - WBPCB",2027-07-12,53.0,40.0,64.0,Satisfactory
"Rabindra Bharati University, Kolkata - WBPCB",2027-07-13,53.0,40.0,64.0,Satisfactory
"Rabindra Bharati University, Kolkata - WBPCB",2027-07-14,52.0,40.0,64.0,Satisfactory
"Rabindra Bharati University, Kolkata - WBPCB",2027-07-15,52.0,40.0,64.0,Satisfactory
"Rabindra Bharati University, Kolkata - WBPCB",2027-07-16,52.0,40.0,64.0,Satisfactory
"Rabindra Bharati University, Kolkata - WBPCB",2027-07-17,52.0,40.0,64.0,Satisfactory
"Rabindra Bharati University, Kolkata - WBPCB",2027-07-18,52.0,40.0,64.0,Satisfactory
"Rabindra Bharati University, Kolkata - WBPCB",2027-07-19,52.0,39.0,64.0,Satisfactory
"Rabindra Bharati University, Kolkata - WBPCB",2027-07-20,52.0,39.0,64.0,Satisfactory
"Rabindra Bharati University, Kolkata - WBPCB",2027-07-21,52.0,40.0,64.0,Satisfactory
"Rabindra Bharati University, Kolkata - WBPCB",2027-07-22,52.0,40.0,64.0,Satisfactory
"Rabindra Bharati University, Kolkata - WBPCB",2027-07-23,52.0,40.0,64.0,Satisfactory
"Rabindra Bharati University, Kolkata - WBPCB",2027-07-24,52.0,40.0,64.0,Satisfactory
"Rabindra Bharati University, Kolkata - WBPCB",2027-07-25,52.0,40.0,64.0,Satisfactory
"Rabindra Bharati University, Kolkata - WBPCB",2027-07-26,53.0,40.0,64.0,Satisfactory
"Rabindra Bharati University, Kolkata - WBPCB",2027-07-27,53.0,40.0,64.0,Satisfactory
"Rabindra Bharati University, Kolkata - WBPCB",2027-07-28,53.0,40.0,64.0,Satisfactory
"Rabindra Bharati University, Kolkata - WBPCB",2027-07-29,53.0,40.0,65.0,Satisfactory
"Rabindra Bharati University, Kolkata - WBPCB",2027-07-30,53.0,40.0,65.0,Satisfactory
"Rabindra Bharati University, Kolkata - WBPCB",2027-07-31,53.0,40.0,65.0,Satisfactory
"Rabindra Bharati University, Kolkata - WBPCB",2027-08-01,53.0,41.0,65.0,Satisfactory
"Rabindra Bharati University, Kolkata - WBPCB",2027-08-02,54.0,41.0,65.0,Satisfactory
"Rabindra Bharati University, Kolkata - WBPCB",2027-08-03,54.0,41.0,65.0,Satisfactory
"Rabindra Bharati University, Kolkata - WBPCB",2027-08-04,54.0,41.0,66.0,Satisfactory
"Rabindra Bharati University, Kolkata - WBPCB",2027-08-05,54.0,42.0,66.0,Satisfactory
"Rabindra Bharati University, Kolkata - WBPCB",2027-08-06,55.0,42.0,66.0,Satisfactory
"Rabindra Bharati University, Kolkata - WBPCB",2027-08-07,55.0,42.0,66.0,Satisfactory
"Rabindra Bharati University, Kolkata - WBPCB",2027-08-08,55.0,42.0,67.0,Satisfactory
"Rabindra Bharati University, Kolkata - WBPCB",2027-08-09,55.0,43.0,67.0,Satisfactory
"Rabindra Bharati University, Kolkata - WBPCB",2027-08-10,56.0,43.0,67.0,Satisfactory
"Rabindra Bharati University, Kolkata - WBPCB",2027-08-11,56.0,43.0,68.0,Satisfactory
"Rabindra Bharati University, Kolkata - WBPCB",2027-08-12,56.0,44.0,68.0,Satisfactory
"Rabindra Bharati University, Kolkata - WBPCB",2027-08-13,57.0,44.0,68.0,Satisfactory
"Rabindra Bharati University, Kolkata - WBPCB",2027-08-14,57.0,44.0,69.0,Satisfactory
"Rabindra Bharati University, Kolkata - WBPCB",2027-08-15,57.0,45.0,69.0,Satisfactory
"Rabindra Bharati University, Kolkata - WBPCB",2027-08-16,58.0,45.0,69.0,Satisfactory
"Rabindra Bharati University, Kolkata - WBPCB",2027-08-17,58.0,45.0,70.0,Satisfactory
"Rabindra Bharati University, Kolkata - WBPCB",2027-08-18,59.0,46.0,70.0,Satisfactory
"Rabindra Bharati University, Kolkata - WBPCB",2027-08-19,59.0,46.0,71.0,Satisfactory
"Rabindra Bharati University, Kolkata - WBPCB",2027-08-20,59.0,47.0,71.0,Satisfactory
"Rabindra Bharati University, Kolkata - WBPCB",2027-08-21,60.0,47.0,71.0,Satisfactory
"Rabindra Bharati University, Kolkata - WBPCB",2027-08-22,60.0,47.0,72.0,Satisfactory
"Rabindra Bharati University, Kolkata - WBPCB",2027-08-23,61.0,48.0,72.0,Satisfactory
"Rabindra Bharati University, Kolkata - WBPCB",2027-08-24,61.0,48.0,73.0,Satisfactory
"Rabindra Bharati University, Kolkata - WBPCB",2027-08-25,62.0,49.0,73.0,Satisfactory
"Rabindra Bharati University, Kolkata - WBPCB",2027-08-26,62.0,49.0,74.0,Satisfactory
"Rabindra Bharati University, Kolkata - WBPCB",2027-08-27,63.0,50.0,74.0,Satisfactory
"Rabindra Bharati University, Kolkata - WBPCB",2027-08-28,63.0,50.0,75.0,Satisfactory
"Rabindra Bharati University, Kolkata - WBPCB",2027-08-29,64.0,51.0,75.0,Satisfactory
"Rabindra Bharati University, Kolkata - WBPCB",2027-08-30,64.0,51.0,76.0,Satisfactory
"Rabindra Bharati University, Kolkata - WBPCB",2027-08-31,65.0,52.0,76.0,Satisfactory
"Rabindra Bharati University, Kolkata - WBPCB",2027-09-01,65.0,52.0,77.0,Satisfactory
"Rabindra Bharati University, Kolkata - WBPCB",2027-09-02,66.0,53.0,77.0,Satisfactory
"Rabindra Bharati University, Kolkata - WBPCB",2027-09-03,66.0,53.0,78.0,Satisfactory
"Rabindra Bharati University, Kolkata - WBPCB",2027-09-04,67.0,54.0,78.0,Satisfactory
"Rabindra Bharati University, Kolkata - WBPCB",2027-09-05,67.0,54.0,79.0,Satisfactory
"Rabindra Bharati University, Kolkata - WBPCB",2027-09-06,68.0,55.0,79.0,Satisfactory
"Rabindra Bharati University, Kolkata - WBPCB",2027-09-07,68.0,56.0,80.0,Satisfactory
"Rabindra Bharati University, Kolkata - WBPCB",2027-09-08,69.0,56.0,81.0,Satisfactory
"Rabindra Bharati University, Kolkata - WBPCB",2027-09-09,69.0,57.0,81.0,Satisfactory
"Rabindra Bharati University, Kolkata - WBPCB",2027-09-10,70.0,57.0,82.0,Satisfactory
"Rabindra Bharati University, Kolkata - WBPCB",2027-09-11,71.0,58.0,82.0,Satisfactory
"Rabindra Bharati University, Kolkata - WBPCB",2027-09-12,71.0,58.0,83.0,Satisfactory
"Rabindra Bharati University, Kolkata - WBPCB",2027-09-13,72.0,59.0,83.0,Satisfactory
"Rabindra Bharati University, Kolkata - WBPCB",2027-09-14,72.0,60.0,84.0,Satisfactory
"Rabindra Bharati University, Kolkata - WBPCB",2027-09-15,73.0,60.0,85.0,Satisfactory
"Rabindra Bharati University, Kolkata - WBPCB",2027-09-16,74.0,61.0,85.0,Satisfactory
"Rabindra Bharati University, Kolkata - WBPCB",2027-09-17,74.0,61.0,86.0,Satisfactory
"Rabindra Bharati University, Kolkata - WBPCB",2027-09-18,75.0,62.0,86.0,Satisfactory
"Rabindra Bharati University, Kolkata - WBPCB",2027-09-19,75.0,63.0,87.0,Satisfactory
"Rabindra Bharati University, Kolkata - WBPCB",2027-09-20,76.0,63.0,88.0,Satisfactory
"Rabindra Bharati University, Kolkata - WBPCB",2027-09-21,77.0,64.0,88.0,Satisfactory
"Rabindra Bharati University, Kolkata - WBPCB",2027-09-22,77.0,64.0,89.0,Satisfactory
"Rabindra Bharati University, Kolkata - WBPCB",2027-09-23,78.0,65.0,89.0,Satisfactory
"Rabindra Bharati University, Kolkata - WBPCB",2027-09-24,78.0,66.0,90.0,Satisfactory
"Rabindra Bharati University, Kolkata - WBPCB",2027-09-25,79.0,66.0,91.0,Satisfactory
"Rabindra Bharati University, Kolkata - WBPCB",2027-09-26,80.0,67.0,91.0,Satisfactory
"Rabindra Bharati University, Kolkata - WBPCB",2027-09-27,80.0,68.0,92.0,Satisfactory
"Rabindra Bharati University, Kolkata - WBPCB",2027-09-28,81.0,68.0,93.0,Satisfactory
"Rabindra Bharati University, Kolkata - WBPCB",2027-09-29,82.0,69.0,93.0,Satisfactory
"Rabindra Bharati University, Kolkata - WBPCB",2027-09-30,82.0,69.0,94.0,Satisfactory
"Rabindra Bharati University, Kolkata - WBPCB",2027-10-01,83.0,70.0,94.0,Satisfactory
"Rabindra Bharati University, Kolkata - WBPCB",2027-10-02,84.0,71.0,95.0,Satisfactory
"Rabindra Bharati University, Kolkata - WBPCB",2027-10-03,84.0,71.0,96.0,Satisfactory
"Rabindra Bharati University, Kolkata - WBPCB",2027-10-04,85.0,72.0,96.0,Satisfactory
